[1;32mamazon-ebs.ubuntu: output will be in this color.[0m

[1;32m==> amazon-ebs.ubuntu: Prevalidating any provided VPC information[0m
[1;32m==> amazon-ebs.ubuntu: Prevalidating AMI Name: wordpress-ubuntu[0m
[0;32m    amazon-ebs.ubuntu: Found Image ID: ami-0e86e20dae9224db8[0m
[1;32m==> amazon-ebs.ubuntu: Creating temporary keypair: packer_66e10143-a04d-d471-5bda-a8e6fa6f6dd0[0m
[1;32m==> amazon-ebs.ubuntu: Creating temporary security group for this instance: packer_66e10146-f357-8664-a093-2fe5923797e8[0m
[1;32m==> amazon-ebs.ubuntu: Authorizing access to port 22 from [0.0.0.0/0] in the temporary security groups...[0m
[1;32m==> amazon-ebs.ubuntu: Launching a source AWS instance...[0m
[0;32m    amazon-ebs.ubuntu: Instance ID: i-02f3ab5d96e873a9c[0m
[1;32m==> amazon-ebs.ubuntu: Waiting for instance (i-02f3ab5d96e873a9c) to become ready...[0m
[1;32m==> amazon-ebs.ubuntu: Using SSH communicator to connect: 100.27.28.218[0m
[1;32m==> amazon-ebs.ubuntu: Waiting for SSH to become available...[0m
[1;32m==> amazon-ebs.ubuntu: Connected to SSH![0m
[1;32m==> amazon-ebs.ubuntu: Provisioning with shell script: build.sh[0m
[0;32m    amazon-ebs.ubuntu: Installing Apache 2 web server ...[0m
[0;32m    amazon-ebs.ubuntu: Hit:1 http://us-east-1.ec2.archive.ubuntu.com/ubuntu noble InRelease[0m
[0;32m    amazon-ebs.ubuntu: Get:2 http://us-east-1.ec2.archive.ubuntu.com/ubuntu noble-updates InRelease [126 kB][0m
[0;32m    amazon-ebs.ubuntu: Get:3 http://us-east-1.ec2.archive.ubuntu.com/ubuntu noble-backports InRelease [126 kB][0m
[0;32m    amazon-ebs.ubuntu: Get:4 http://security.ubuntu.com/ubuntu noble-security InRelease [126 kB][0m
[0;32m    amazon-ebs.ubuntu: Get:5 http://us-east-1.ec2.archive.ubuntu.com/ubuntu noble/universe amd64 Packages [15.0 MB][0m
[0;32m    amazon-ebs.ubuntu: Get:6 http://security.ubuntu.com/ubuntu noble-security/main amd64 Packages [349 kB][0m
[0;32m    amazon-ebs.ubuntu: Get:7 http://us-east-1.ec2.archive.ubuntu.com/ubuntu noble/universe Translation-en [5982 kB][0m
[0;32m    amazon-ebs.ubuntu: Get:8 http://us-east-1.ec2.archive.ubuntu.com/ubuntu noble/universe amd64 Components [3871 kB][0m
[0;32m    amazon-ebs.ubuntu: Get:9 http://security.ubuntu.com/ubuntu noble-security/main Translation-en [76.8 kB][0m
[0;32m    amazon-ebs.ubuntu: Get:10 http://security.ubuntu.com/ubuntu noble-security/main amd64 c-n-f Metadata [4416 B][0m
[0;32m    amazon-ebs.ubuntu: Get:11 http://security.ubuntu.com/ubuntu noble-security/universe amd64 Packages [266 kB][0m
[0;32m    amazon-ebs.ubuntu: Get:12 http://us-east-1.ec2.archive.ubuntu.com/ubuntu noble/universe amd64 c-n-f Metadata [301 kB][0m
[0;32m    amazon-ebs.ubuntu: Get:13 http://us-east-1.ec2.archive.ubuntu.com/ubuntu noble/multiverse amd64 Packages [269 kB][0m
[0;32m    amazon-ebs.ubuntu: Get:14 http://security.ubuntu.com/ubuntu noble-security/universe Translation-en [111 kB][0m
[0;32m    amazon-ebs.ubuntu: Get:15 http://us-east-1.ec2.archive.ubuntu.com/ubuntu noble/multiverse Translation-en [118 kB][0m
[0;32m    amazon-ebs.ubuntu: Get:16 http://us-east-1.ec2.archive.ubuntu.com/ubuntu noble/multiverse amd64 Components [35.0 kB][0m
[0;32m    amazon-ebs.ubuntu: Get:17 http://us-east-1.ec2.archive.ubuntu.com/ubuntu noble/multiverse amd64 c-n-f Metadata [8328 B][0m
[0;32m    amazon-ebs.ubuntu: Get:18 http://us-east-1.ec2.archive.ubuntu.com/ubuntu noble-updates/main amd64 Packages [500 kB][0m
[0;32m    amazon-ebs.ubuntu: Get:19 http://us-east-1.ec2.archive.ubuntu.com/ubuntu noble-updates/main Translation-en [123 kB][0m
[0;32m    amazon-ebs.ubuntu: Get:20 http://us-east-1.ec2.archive.ubuntu.com/ubuntu noble-updates/main amd64 c-n-f Metadata [8232 B][0m
[0;32m    amazon-ebs.ubuntu: Get:21 http://us-east-1.ec2.archive.ubuntu.com/ubuntu noble-updates/universe amd64 Packages [353 kB][0m
[0;32m    amazon-ebs.ubuntu: Get:22 http://security.ubuntu.com/ubuntu noble-security/universe amd64 Components [8632 B][0m
[0;32m    amazon-ebs.ubuntu: Get:23 http://security.ubuntu.com/ubuntu noble-security/universe amd64 c-n-f Metadata [10.1 kB][0m
[0;32m    amazon-ebs.ubuntu: Get:24 http://us-east-1.ec2.archive.ubuntu.com/ubuntu noble-updates/universe Translation-en [145 kB][0m
[0;32m    amazon-ebs.ubuntu: Get:25 http://security.ubuntu.com/ubuntu noble-security/restricted amd64 Packages [317 kB][0m
[0;32m    amazon-ebs.ubuntu: Get:26 http://us-east-1.ec2.archive.ubuntu.com/ubuntu noble-updates/universe amd64 Components [45.0 kB][0m
[0;32m    amazon-ebs.ubuntu: Get:27 http://us-east-1.ec2.archive.ubuntu.com/ubuntu noble-updates/universe amd64 c-n-f Metadata [13.9 kB][0m
[0;32m    amazon-ebs.ubuntu: Get:28 http://us-east-1.ec2.archive.ubuntu.com/ubuntu noble-updates/restricted amd64 Packages [317 kB][0m
[0;32m    amazon-ebs.ubuntu: Get:29 http://us-east-1.ec2.archive.ubuntu.com/ubuntu noble-updates/restricted Translation-en [61.5 kB][0m
[0;32m    amazon-ebs.ubuntu: Get:30 http://us-east-1.ec2.archive.ubuntu.com/ubuntu noble-updates/restricted amd64 c-n-f Metadata [424 B][0m
[0;32m    amazon-ebs.ubuntu: Get:31 http://us-east-1.ec2.archive.ubuntu.com/ubuntu noble-updates/multiverse amd64 Packages [14.4 kB][0m
[0;32m    amazon-ebs.ubuntu: Get:32 http://us-east-1.ec2.archive.ubuntu.com/ubuntu noble-updates/multiverse Translation-en [3608 B][0m
[0;32m    amazon-ebs.ubuntu: Get:33 http://us-east-1.ec2.archive.ubuntu.com/ubuntu noble-updates/multiverse amd64 Components [212 B][0m
[0;32m    amazon-ebs.ubuntu: Get:34 http://us-east-1.ec2.archive.ubuntu.com/ubuntu noble-updates/multiverse amd64 c-n-f Metadata [532 B][0m
[0;32m    amazon-ebs.ubuntu: Get:35 http://us-east-1.ec2.archive.ubuntu.com/ubuntu noble-backports/main amd64 Components [208 B][0m
[0;32m    amazon-ebs.ubuntu: Get:36 http://us-east-1.ec2.archive.ubuntu.com/ubuntu noble-backports/main amd64 c-n-f Metadata [112 B][0m
[0;32m    amazon-ebs.ubuntu: Get:37 http://us-east-1.ec2.archive.ubuntu.com/ubuntu noble-backports/universe amd64 Packages [10.3 kB][0m
[0;32m    amazon-ebs.ubuntu: Get:38 http://us-east-1.ec2.archive.ubuntu.com/ubuntu noble-backports/universe Translation-en [10.5 kB][0m
[0;32m    amazon-ebs.ubuntu: Get:39 http://us-east-1.ec2.archive.ubuntu.com/ubuntu noble-backports/universe amd64 Components [17.6 kB][0m
[0;32m    amazon-ebs.ubuntu: Get:40 http://us-east-1.ec2.archive.ubuntu.com/ubuntu noble-backports/universe amd64 c-n-f Metadata [1012 B][0m
[0;32m    amazon-ebs.ubuntu: Get:41 http://us-east-1.ec2.archive.ubuntu.com/ubuntu noble-backports/restricted amd64 Components [216 B][0m
[0;32m    amazon-ebs.ubuntu: Get:42 http://us-east-1.ec2.archive.ubuntu.com/ubuntu noble-backports/restricted amd64 c-n-f Metadata [116 B][0m
[0;32m    amazon-ebs.ubuntu: Get:43 http://us-east-1.ec2.archive.ubuntu.com/ubuntu noble-backports/multiverse amd64 Components [212 B][0m
[0;32m    amazon-ebs.ubuntu: Get:44 http://us-east-1.ec2.archive.ubuntu.com/ubuntu noble-backports/multiverse amd64 c-n-f Metadata [116 B][0m
[0;32m    amazon-ebs.ubuntu: Get:45 http://security.ubuntu.com/ubuntu noble-security/restricted Translation-en [61.5 kB][0m
[0;32m    amazon-ebs.ubuntu: Get:46 http://security.ubuntu.com/ubuntu noble-security/restricted amd64 c-n-f Metadata [428 B][0m
[0;32m    amazon-ebs.ubuntu: Get:47 http://security.ubuntu.com/ubuntu noble-security/multiverse amd64 Packages [10.9 kB][0m
[0;32m    amazon-ebs.ubuntu: Get:48 http://security.ubuntu.com/ubuntu noble-security/multiverse Translation-en [2808 B][0m
[0;32m    amazon-ebs.ubuntu: Get:49 http://security.ubuntu.com/ubuntu noble-security/multiverse amd64 Components [208 B][0m
[0;32m    amazon-ebs.ubuntu: Get:50 http://security.ubuntu.com/ubuntu noble-security/multiverse amd64 c-n-f Metadata [344 B][0m
[0;32m    amazon-ebs.ubuntu: Fetched 28.8 MB in 6s (4442 kB/s)[0m
[1;31m==> amazon-ebs.ubuntu:[0m
[0;32m    amazon-ebs.ubuntu: Reading package lists...[0m
[1;31m==> amazon-ebs.ubuntu: WARNING: apt does not have a stable CLI interface. Use with caution in scripts.[0m
[1;31m==> amazon-ebs.ubuntu:[0m
[0;32m    amazon-ebs.ubuntu: Reading package lists...[0m
[0;32m    amazon-ebs.ubuntu: Building dependency tree...[0m
[0;32m    amazon-ebs.ubuntu: Reading state information...[0m
[0;32m    amazon-ebs.ubuntu: The following additional packages will be installed:[0m
[0;32m    amazon-ebs.ubuntu:   apache2-bin apache2-data apache2-utils libapr1t64 libaprutil1-dbd-sqlite3[0m
[0;32m    amazon-ebs.ubuntu:   libaprutil1-ldap libaprutil1t64 liblua5.4-0 ssl-cert[0m
[0;32m    amazon-ebs.ubuntu: Suggested packages:[0m
[0;32m    amazon-ebs.ubuntu:   apache2-doc apache2-suexec-pristine | apache2-suexec-custom www-browser[0m
[0;32m    amazon-ebs.ubuntu: The following NEW packages will be installed:[0m
[0;32m    amazon-ebs.ubuntu:   apache2 apache2-bin apache2-data apache2-utils libapr1t64[0m
[0;32m    amazon-ebs.ubuntu:   libaprutil1-dbd-sqlite3 libaprutil1-ldap libaprutil1t64 liblua5.4-0 ssl-cert[0m
[0;32m    amazon-ebs.ubuntu: 0 upgraded, 10 newly installed, 0 to remove and 130 not upgraded.[0m
[0;32m    amazon-ebs.ubuntu: Need to get 2083 kB of archives.[0m
[0;32m    amazon-ebs.ubuntu: After this operation, 8094 kB of additional disk space will be used.[0m
[0;32m    amazon-ebs.ubuntu: Get:1 http://us-east-1.ec2.archive.ubuntu.com/ubuntu noble/main amd64 libapr1t64 amd64 1.7.2-3.1build2 [107 kB][0m
[0;32m    amazon-ebs.ubuntu: Get:2 http://us-east-1.ec2.archive.ubuntu.com/ubuntu noble/main amd64 libaprutil1t64 amd64 1.6.3-1.1ubuntu7 [91.9 kB][0m
[0;32m    amazon-ebs.ubuntu: Get:3 http://us-east-1.ec2.archive.ubuntu.com/ubuntu noble/main amd64 libaprutil1-dbd-sqlite3 amd64 1.6.3-1.1ubuntu7 [11.2 kB][0m
[0;32m    amazon-ebs.ubuntu: Get:4 http://us-east-1.ec2.archive.ubuntu.com/ubuntu noble/main amd64 libaprutil1-ldap amd64 1.6.3-1.1ubuntu7 [9116 B][0m
[0;32m    amazon-ebs.ubuntu: Get:5 http://us-east-1.ec2.archive.ubuntu.com/ubuntu noble/main amd64 liblua5.4-0 amd64 5.4.6-3build2 [166 kB][0m
[0;32m    amazon-ebs.ubuntu: Get:6 http://us-east-1.ec2.archive.ubuntu.com/ubuntu noble-updates/main amd64 apache2-bin amd64 2.4.58-1ubuntu8.4 [1329 kB][0m
[0;32m    amazon-ebs.ubuntu: Get:7 http://us-east-1.ec2.archive.ubuntu.com/ubuntu noble-updates/main amd64 apache2-data all 2.4.58-1ubuntu8.4 [163 kB][0m
[0;32m    amazon-ebs.ubuntu: Get:8 http://us-east-1.ec2.archive.ubuntu.com/ubuntu noble-updates/main amd64 apache2-utils amd64 2.4.58-1ubuntu8.4 [97.1 kB][0m
[0;32m    amazon-ebs.ubuntu: Get:9 http://us-east-1.ec2.archive.ubuntu.com/ubuntu noble-updates/main amd64 apache2 amd64 2.4.58-1ubuntu8.4 [90.2 kB][0m
[0;32m    amazon-ebs.ubuntu: Get:10 http://us-east-1.ec2.archive.ubuntu.com/ubuntu noble/main amd64 ssl-cert all 1.1.2ubuntu1 [17.8 kB][0m
[1;31m==> amazon-ebs.ubuntu: debconf: unable to initialize frontend: Dialog[0m
[1;31m==> amazon-ebs.ubuntu: debconf: (Dialog frontend will not work on a dumb terminal, an emacs shell buffer, or without a controlling terminal.)[0m
[1;31m==> amazon-ebs.ubuntu: debconf: falling back to frontend: Readline[0m
[1;31m==> amazon-ebs.ubuntu: debconf: unable to initialize frontend: Readline[0m
[1;31m==> amazon-ebs.ubuntu: debconf: (This frontend requires a controlling tty.)[0m
[1;31m==> amazon-ebs.ubuntu: debconf: falling back to frontend: Teletype[0m
[1;31m==> amazon-ebs.ubuntu: dpkg-preconfigure: unable to re-open stdin:[0m
[0;32m    amazon-ebs.ubuntu: Fetched 2083 kB in 0s (39.3 MB/s)[0m
[0;32m    amazon-ebs.ubuntu: Selecting previously unselected package libapr1t64:amd64.[0m
[0;32m    amazon-ebs.ubuntu: (Reading database ... 67741 files and directories currently installed.)[0m
[0;32m    amazon-ebs.ubuntu: Preparing to unpack .../0-libapr1t64_1.7.2-3.1build2_amd64.deb ...[0m
[0;32m    amazon-ebs.ubuntu: Unpacking libapr1t64:amd64 (1.7.2-3.1build2) ...[0m
[0;32m    amazon-ebs.ubuntu: Selecting previously unselected package libaprutil1t64:amd64.[0m
[0;32m    amazon-ebs.ubuntu: Preparing to unpack .../1-libaprutil1t64_1.6.3-1.1ubuntu7_amd64.deb ...[0m
[0;32m    amazon-ebs.ubuntu: Unpacking libaprutil1t64:amd64 (1.6.3-1.1ubuntu7) ...[0m
[0;32m    amazon-ebs.ubuntu: Selecting previously unselected package libaprutil1-dbd-sqlite3:amd64.[0m
[0;32m    amazon-ebs.ubuntu: Preparing to unpack .../2-libaprutil1-dbd-sqlite3_1.6.3-1.1ubuntu7_amd64.deb ...[0m
[0;32m    amazon-ebs.ubuntu: Unpacking libaprutil1-dbd-sqlite3:amd64 (1.6.3-1.1ubuntu7) ...[0m
[0;32m    amazon-ebs.ubuntu: Selecting previously unselected package libaprutil1-ldap:amd64.[0m
[0;32m    amazon-ebs.ubuntu: Preparing to unpack .../3-libaprutil1-ldap_1.6.3-1.1ubuntu7_amd64.deb ...[0m
[0;32m    amazon-ebs.ubuntu: Unpacking libaprutil1-ldap:amd64 (1.6.3-1.1ubuntu7) ...[0m
[0;32m    amazon-ebs.ubuntu: Selecting previously unselected package liblua5.4-0:amd64.[0m
[0;32m    amazon-ebs.ubuntu: Preparing to unpack .../4-liblua5.4-0_5.4.6-3build2_amd64.deb ...[0m
[0;32m    amazon-ebs.ubuntu: Unpacking liblua5.4-0:amd64 (5.4.6-3build2) ...[0m
[0;32m    amazon-ebs.ubuntu: Selecting previously unselected package apache2-bin.[0m
[0;32m    amazon-ebs.ubuntu: Preparing to unpack .../5-apache2-bin_2.4.58-1ubuntu8.4_amd64.deb ...[0m
[0;32m    amazon-ebs.ubuntu: Unpacking apache2-bin (2.4.58-1ubuntu8.4) ...[0m
[0;32m    amazon-ebs.ubuntu: Selecting previously unselected package apache2-data.[0m
[0;32m    amazon-ebs.ubuntu: Preparing to unpack .../6-apache2-data_2.4.58-1ubuntu8.4_all.deb ...[0m
[0;32m    amazon-ebs.ubuntu: Unpacking apache2-data (2.4.58-1ubuntu8.4) ...[0m
[0;32m    amazon-ebs.ubuntu: Selecting previously unselected package apache2-utils.[0m
[0;32m    amazon-ebs.ubuntu: Preparing to unpack .../7-apache2-utils_2.4.58-1ubuntu8.4_amd64.deb ...[0m
[0;32m    amazon-ebs.ubuntu: Unpacking apache2-utils (2.4.58-1ubuntu8.4) ...[0m
[0;32m    amazon-ebs.ubuntu: Selecting previously unselected package apache2.[0m
[0;32m    amazon-ebs.ubuntu: Preparing to unpack .../8-apache2_2.4.58-1ubuntu8.4_amd64.deb ...[0m
[0;32m    amazon-ebs.ubuntu: Unpacking apache2 (2.4.58-1ubuntu8.4) ...[0m
[0;32m    amazon-ebs.ubuntu: Selecting previously unselected package ssl-cert.[0m
[0;32m    amazon-ebs.ubuntu: Preparing to unpack .../9-ssl-cert_1.1.2ubuntu1_all.deb ...[0m
[0;32m    amazon-ebs.ubuntu: Unpacking ssl-cert (1.1.2ubuntu1) ...[0m
[0;32m    amazon-ebs.ubuntu: Setting up ssl-cert (1.1.2ubuntu1) ...[0m
[0;32m    amazon-ebs.ubuntu: debconf: unable to initialize frontend: Dialog[0m
[0;32m    amazon-ebs.ubuntu: debconf: (Dialog frontend will not work on a dumb terminal, an emacs shell buffer, or without a controlling terminal.)[0m
[0;32m    amazon-ebs.ubuntu: debconf: falling back to frontend: Readline[0m
[0;32m    amazon-ebs.ubuntu: debconf: unable to initialize frontend: Readline[0m
[0;32m    amazon-ebs.ubuntu: debconf: (This frontend requires a controlling tty.)[0m
[0;32m    amazon-ebs.ubuntu: debconf: falling back to frontend: Teletype[0m
[0;32m    amazon-ebs.ubuntu: Created symlink /etc/systemd/system/multi-user.target.wants/ssl-cert.service → /usr/lib/systemd/system/ssl-cert.service.[0m
[0;32m    amazon-ebs.ubuntu: Setting up libapr1t64:amd64 (1.7.2-3.1build2) ...[0m
[0;32m    amazon-ebs.ubuntu: Setting up liblua5.4-0:amd64 (5.4.6-3build2) ...[0m
[0;32m    amazon-ebs.ubuntu: Setting up apache2-data (2.4.58-1ubuntu8.4) ...[0m
[0;32m    amazon-ebs.ubuntu: Setting up libaprutil1t64:amd64 (1.6.3-1.1ubuntu7) ...[0m
[0;32m    amazon-ebs.ubuntu: Setting up libaprutil1-ldap:amd64 (1.6.3-1.1ubuntu7) ...[0m
[0;32m    amazon-ebs.ubuntu: Setting up libaprutil1-dbd-sqlite3:amd64 (1.6.3-1.1ubuntu7) ...[0m
[0;32m    amazon-ebs.ubuntu: Setting up apache2-utils (2.4.58-1ubuntu8.4) ...[0m
[0;32m    amazon-ebs.ubuntu: Setting up apache2-bin (2.4.58-1ubuntu8.4) ...[0m
[0;32m    amazon-ebs.ubuntu: Setting up apache2 (2.4.58-1ubuntu8.4) ...[0m
[0;32m    amazon-ebs.ubuntu: Enabling module mpm_event.[0m
[0;32m    amazon-ebs.ubuntu: Enabling module authz_core.[0m
[0;32m    amazon-ebs.ubuntu: Enabling module authz_host.[0m
[0;32m    amazon-ebs.ubuntu: Enabling module authn_core.[0m
[0;32m    amazon-ebs.ubuntu: Enabling module auth_basic.[0m
[0;32m    amazon-ebs.ubuntu: Enabling module access_compat.[0m
[0;32m    amazon-ebs.ubuntu: Enabling module authn_file.[0m
[0;32m    amazon-ebs.ubuntu: Enabling module authz_user.[0m
[0;32m    amazon-ebs.ubuntu: Enabling module alias.[0m
[0;32m    amazon-ebs.ubuntu: Enabling module dir.[0m
[0;32m    amazon-ebs.ubuntu: Enabling module autoindex.[0m
[0;32m    amazon-ebs.ubuntu: Enabling module env.[0m
[0;32m    amazon-ebs.ubuntu: Enabling module mime.[0m
[0;32m    amazon-ebs.ubuntu: Enabling module negotiation.[0m
[0;32m    amazon-ebs.ubuntu: Enabling module setenvif.[0m
[0;32m    amazon-ebs.ubuntu: Enabling module filter.[0m
[0;32m    amazon-ebs.ubuntu: Enabling module deflate.[0m
[0;32m    amazon-ebs.ubuntu: Enabling module status.[0m
[0;32m    amazon-ebs.ubuntu: Enabling module reqtimeout.[0m
[0;32m    amazon-ebs.ubuntu: Enabling conf charset.[0m
[0;32m    amazon-ebs.ubuntu: Enabling conf localized-error-pages.[0m
[0;32m    amazon-ebs.ubuntu: Enabling conf other-vhosts-access-log.[0m
[0;32m    amazon-ebs.ubuntu: Enabling conf security.[0m
[0;32m    amazon-ebs.ubuntu: Enabling conf serve-cgi-bin.[0m
[0;32m    amazon-ebs.ubuntu: Enabling site 000-default.[0m
[0;32m    amazon-ebs.ubuntu: Created symlink /etc/systemd/system/multi-user.target.wants/apache2.service → /usr/lib/systemd/system/apache2.service.[0m
[0;32m    amazon-ebs.ubuntu: Created symlink /etc/systemd/system/multi-user.target.wants/apache-htcacheclean.service → /usr/lib/systemd/system/apache-htcacheclean.service.[0m
[0;32m    amazon-ebs.ubuntu: Processing triggers for ufw (0.36.2-6) ...[0m
[0;32m    amazon-ebs.ubuntu: Processing triggers for man-db (2.12.0-4build2) ...[0m
[0;32m    amazon-ebs.ubuntu: Processing triggers for libc-bin (2.39-0ubuntu8.2) ...[0m
[1;31m==> amazon-ebs.ubuntu: debconf: unable to initialize frontend: Dialog[0m
[1;31m==> amazon-ebs.ubuntu: debconf: (Dialog frontend will not work on a dumb terminal, an emacs shell buffer, or without a controlling terminal.)[0m
[1;31m==> amazon-ebs.ubuntu: debconf: falling back to frontend: Readline[0m
[1;31m==> amazon-ebs.ubuntu: debconf: unable to initialize frontend: Readline[0m
[1;31m==> amazon-ebs.ubuntu: debconf: (This frontend requires a controlling tty.)[0m
[1;31m==> amazon-ebs.ubuntu: debconf: falling back to frontend: Teletype[0m
[1;31m==> amazon-ebs.ubuntu:[0m
[1;31m==> amazon-ebs.ubuntu: Running kernel seems to be up-to-date.[0m
[1;31m==> amazon-ebs.ubuntu:[0m
[1;31m==> amazon-ebs.ubuntu: No services need to be restarted.[0m
[1;31m==> amazon-ebs.ubuntu:[0m
[1;31m==> amazon-ebs.ubuntu: No containers need to be restarted.[0m
[1;31m==> amazon-ebs.ubuntu:[0m
[1;31m==> amazon-ebs.ubuntu: No user sessions are running outdated binaries.[0m
[1;31m==> amazon-ebs.ubuntu:[0m
[1;31m==> amazon-ebs.ubuntu: No VM guests are running outdated hypervisor (qemu) binaries on this host.[0m
[1;31m==> amazon-ebs.ubuntu:[0m
[0;32m    amazon-ebs.ubuntu: Installing PHP runtime and PHP MySQL connector ...[0m
[1;31m==> amazon-ebs.ubuntu: WARNING: apt does not have a stable CLI interface. Use with caution in scripts.[0m
[1;31m==> amazon-ebs.ubuntu:[0m
[0;32m    amazon-ebs.ubuntu: Reading package lists...[0m
[0;32m    amazon-ebs.ubuntu: Building dependency tree...[0m
[0;32m    amazon-ebs.ubuntu: Reading state information...[0m
[0;32m    amazon-ebs.ubuntu: The following additional packages will be installed:[0m
[0;32m    amazon-ebs.ubuntu:   libapache2-mod-php8.3 php-common php8.3 php8.3-cli php8.3-common[0m
[0;32m    amazon-ebs.ubuntu:   php8.3-mysql php8.3-opcache php8.3-readline[0m
[0;32m    amazon-ebs.ubuntu: Suggested packages:[0m
[0;32m    amazon-ebs.ubuntu:   php-pear[0m
[0;32m    amazon-ebs.ubuntu: The following NEW packages will be installed:[0m
[0;32m    amazon-ebs.ubuntu:   libapache2-mod-php libapache2-mod-php8.3 php php-common php-mysql php8.3[0m
[0;32m    amazon-ebs.ubuntu:   php8.3-cli php8.3-common php8.3-mysql php8.3-opcache php8.3-readline[0m
[0;32m    amazon-ebs.ubuntu: 0 upgraded, 11 newly installed, 0 to remove and 130 not upgraded.[0m
[0;32m    amazon-ebs.ubuntu: Need to get 5046 kB of archives.[0m
[0;32m    amazon-ebs.ubuntu: After this operation, 22.9 MB of additional disk space will be used.[0m
[0;32m    amazon-ebs.ubuntu: Get:1 http://us-east-1.ec2.archive.ubuntu.com/ubuntu noble/main amd64 php-common all 2:93ubuntu2 [13.9 kB][0m
[0;32m    amazon-ebs.ubuntu: Get:2 http://us-east-1.ec2.archive.ubuntu.com/ubuntu noble-updates/main amd64 php8.3-common amd64 8.3.6-0ubuntu0.24.04.1 [739 kB][0m
[0;32m    amazon-ebs.ubuntu: Get:3 http://us-east-1.ec2.archive.ubuntu.com/ubuntu noble-updates/main amd64 php8.3-opcache amd64 8.3.6-0ubuntu0.24.04.1 [372 kB][0m
[0;32m    amazon-ebs.ubuntu: Get:4 http://us-east-1.ec2.archive.ubuntu.com/ubuntu noble-updates/main amd64 php8.3-readline amd64 8.3.6-0ubuntu0.24.04.1 [13.5 kB][0m
[0;32m    amazon-ebs.ubuntu: Get:5 http://us-east-1.ec2.archive.ubuntu.com/ubuntu noble-updates/main amd64 php8.3-cli amd64 8.3.6-0ubuntu0.24.04.1 [1914 kB][0m
[0;32m    amazon-ebs.ubuntu: Get:6 http://us-east-1.ec2.archive.ubuntu.com/ubuntu noble-updates/main amd64 libapache2-mod-php8.3 amd64 8.3.6-0ubuntu0.24.04.1 [1849 kB][0m
[0;32m    amazon-ebs.ubuntu: Get:7 http://us-east-1.ec2.archive.ubuntu.com/ubuntu noble/main amd64 libapache2-mod-php all 2:8.3+93ubuntu2 [4224 B][0m
[0;32m    amazon-ebs.ubuntu: Get:8 http://us-east-1.ec2.archive.ubuntu.com/ubuntu noble-updates/main amd64 php8.3 all 8.3.6-0ubuntu0.24.04.1 [9174 B][0m
[0;32m    amazon-ebs.ubuntu: Get:9 http://us-east-1.ec2.archive.ubuntu.com/ubuntu noble/main amd64 php all 2:8.3+93ubuntu2 [4076 B][0m
[0;32m    amazon-ebs.ubuntu: Get:10 http://us-east-1.ec2.archive.ubuntu.com/ubuntu noble-updates/main amd64 php8.3-mysql amd64 8.3.6-0ubuntu0.24.04.1 [126 kB][0m
[0;32m    amazon-ebs.ubuntu: Get:11 http://us-east-1.ec2.archive.ubuntu.com/ubuntu noble/main amd64 php-mysql all 2:8.3+93ubuntu2 [1838 B][0m
[1;31m==> amazon-ebs.ubuntu: debconf: unable to initialize frontend: Dialog[0m
[1;31m==> amazon-ebs.ubuntu: debconf: (Dialog frontend will not work on a dumb terminal, an emacs shell buffer, or without a controlling terminal.)[0m
[1;31m==> amazon-ebs.ubuntu: debconf: falling back to frontend: Readline[0m
[1;31m==> amazon-ebs.ubuntu: debconf: unable to initialize frontend: Readline[0m
[1;31m==> amazon-ebs.ubuntu: debconf: (This frontend requires a controlling tty.)[0m
[1;31m==> amazon-ebs.ubuntu: debconf: falling back to frontend: Teletype[0m
[1;31m==> amazon-ebs.ubuntu: dpkg-preconfigure: unable to re-open stdin:[0m
[0;32m    amazon-ebs.ubuntu: Fetched 5046 kB in 0s (40.1 MB/s)[0m
[0;32m    amazon-ebs.ubuntu: Selecting previously unselected package php-common.[0m
[0;32m    amazon-ebs.ubuntu: (Reading database ... 68464 files and directories currently installed.)[0m
[0;32m    amazon-ebs.ubuntu: Preparing to unpack .../00-php-common_2%3a93ubuntu2_all.deb ...[0m
[0;32m    amazon-ebs.ubuntu: Unpacking php-common (2:93ubuntu2) ...[0m
[0;32m    amazon-ebs.ubuntu: Selecting previously unselected package php8.3-common.[0m
[0;32m    amazon-ebs.ubuntu: Preparing to unpack .../01-php8.3-common_8.3.6-0ubuntu0.24.04.1_amd64.deb ...[0m
[0;32m    amazon-ebs.ubuntu: Unpacking php8.3-common (8.3.6-0ubuntu0.24.04.1) ...[0m
[0;32m    amazon-ebs.ubuntu: Selecting previously unselected package php8.3-opcache.[0m
[0;32m    amazon-ebs.ubuntu: Preparing to unpack .../02-php8.3-opcache_8.3.6-0ubuntu0.24.04.1_amd64.deb ...[0m
[0;32m    amazon-ebs.ubuntu: Unpacking php8.3-opcache (8.3.6-0ubuntu0.24.04.1) ...[0m
[0;32m    amazon-ebs.ubuntu: Selecting previously unselected package php8.3-readline.[0m
[0;32m    amazon-ebs.ubuntu: Preparing to unpack .../03-php8.3-readline_8.3.6-0ubuntu0.24.04.1_amd64.deb ...[0m
[0;32m    amazon-ebs.ubuntu: Unpacking php8.3-readline (8.3.6-0ubuntu0.24.04.1) ...[0m
[0;32m    amazon-ebs.ubuntu: Selecting previously unselected package php8.3-cli.[0m
[0;32m    amazon-ebs.ubuntu: Preparing to unpack .../04-php8.3-cli_8.3.6-0ubuntu0.24.04.1_amd64.deb ...[0m
[0;32m    amazon-ebs.ubuntu: Unpacking php8.3-cli (8.3.6-0ubuntu0.24.04.1) ...[0m
[0;32m    amazon-ebs.ubuntu: Selecting previously unselected package libapache2-mod-php8.3.[0m
[0;32m    amazon-ebs.ubuntu: Preparing to unpack .../05-libapache2-mod-php8.3_8.3.6-0ubuntu0.24.04.1_amd64.deb ...[0m
[0;32m    amazon-ebs.ubuntu: Unpacking libapache2-mod-php8.3 (8.3.6-0ubuntu0.24.04.1) ...[0m
[0;32m    amazon-ebs.ubuntu: Selecting previously unselected package libapache2-mod-php.[0m
[0;32m    amazon-ebs.ubuntu: Preparing to unpack .../06-libapache2-mod-php_2%3a8.3+93ubuntu2_all.deb ...[0m
[0;32m    amazon-ebs.ubuntu: Unpacking libapache2-mod-php (2:8.3+93ubuntu2) ...[0m
[0;32m    amazon-ebs.ubuntu: Selecting previously unselected package php8.3.[0m
[0;32m    amazon-ebs.ubuntu: Preparing to unpack .../07-php8.3_8.3.6-0ubuntu0.24.04.1_all.deb ...[0m
[0;32m    amazon-ebs.ubuntu: Unpacking php8.3 (8.3.6-0ubuntu0.24.04.1) ...[0m
[0;32m    amazon-ebs.ubuntu: Selecting previously unselected package php.[0m
[0;32m    amazon-ebs.ubuntu: Preparing to unpack .../08-php_2%3a8.3+93ubuntu2_all.deb ...[0m
[0;32m    amazon-ebs.ubuntu: Unpacking php (2:8.3+93ubuntu2) ...[0m
[0;32m    amazon-ebs.ubuntu: Selecting previously unselected package php8.3-mysql.[0m
[0;32m    amazon-ebs.ubuntu: Preparing to unpack .../09-php8.3-mysql_8.3.6-0ubuntu0.24.04.1_amd64.deb ...[0m
[0;32m    amazon-ebs.ubuntu: Unpacking php8.3-mysql (8.3.6-0ubuntu0.24.04.1) ...[0m
[0;32m    amazon-ebs.ubuntu: Selecting previously unselected package php-mysql.[0m
[0;32m    amazon-ebs.ubuntu: Preparing to unpack .../10-php-mysql_2%3a8.3+93ubuntu2_all.deb ...[0m
[0;32m    amazon-ebs.ubuntu: Unpacking php-mysql (2:8.3+93ubuntu2) ...[0m
[0;32m    amazon-ebs.ubuntu: Setting up php-common (2:93ubuntu2) ...[0m
[0;32m    amazon-ebs.ubuntu: Created symlink /etc/systemd/system/timers.target.wants/phpsessionclean.timer → /usr/lib/systemd/system/phpsessionclean.timer.[0m
[0;32m    amazon-ebs.ubuntu: Setting up php8.3-common (8.3.6-0ubuntu0.24.04.1) ...[0m
[0;32m    amazon-ebs.ubuntu: debconf: unable to initialize frontend: Dialog[0m
[0;32m    amazon-ebs.ubuntu: debconf: (Dialog frontend will not work on a dumb terminal, an emacs shell buffer, or without a controlling terminal.)[0m
[0;32m    amazon-ebs.ubuntu: debconf: falling back to frontend: Readline[0m
[0;32m    amazon-ebs.ubuntu: debconf: unable to initialize frontend: Readline[0m
[0;32m    amazon-ebs.ubuntu: debconf: (This frontend requires a controlling tty.)[0m
[0;32m    amazon-ebs.ubuntu: debconf: falling back to frontend: Teletype[0m
[0;32m    amazon-ebs.ubuntu:[0m
[0;32m    amazon-ebs.ubuntu: Creating config file /etc/php/8.3/mods-available/calendar.ini with new version[0m
[0;32m    amazon-ebs.ubuntu: debconf: unable to initialize frontend: Dialog[0m
[0;32m    amazon-ebs.ubuntu: debconf: (Dialog frontend will not work on a dumb terminal, an emacs shell buffer, or without a controlling terminal.)[0m
[0;32m    amazon-ebs.ubuntu: debconf: falling back to frontend: Readline[0m
[0;32m    amazon-ebs.ubuntu: debconf: unable to initialize frontend: Readline[0m
[0;32m    amazon-ebs.ubuntu: debconf: (This frontend requires a controlling tty.)[0m
[0;32m    amazon-ebs.ubuntu: debconf: falling back to frontend: Teletype[0m
[0;32m    amazon-ebs.ubuntu:[0m
[0;32m    amazon-ebs.ubuntu: Creating config file /etc/php/8.3/mods-available/ctype.ini with new version[0m
[0;32m    amazon-ebs.ubuntu: debconf: unable to initialize frontend: Dialog[0m
[0;32m    amazon-ebs.ubuntu: debconf: (Dialog frontend will not work on a dumb terminal, an emacs shell buffer, or without a controlling terminal.)[0m
[0;32m    amazon-ebs.ubuntu: debconf: falling back to frontend: Readline[0m
[0;32m    amazon-ebs.ubuntu: debconf: unable to initialize frontend: Readline[0m
[0;32m    amazon-ebs.ubuntu: debconf: (This frontend requires a controlling tty.)[0m
[0;32m    amazon-ebs.ubuntu: debconf: falling back to frontend: Teletype[0m
[0;32m    amazon-ebs.ubuntu:[0m
[0;32m    amazon-ebs.ubuntu: Creating config file /etc/php/8.3/mods-available/exif.ini with new version[0m
[0;32m    amazon-ebs.ubuntu: debconf: unable to initialize frontend: Dialog[0m
[0;32m    amazon-ebs.ubuntu: debconf: (Dialog frontend will not work on a dumb terminal, an emacs shell buffer, or without a controlling terminal.)[0m
[0;32m    amazon-ebs.ubuntu: debconf: falling back to frontend: Readline[0m
[0;32m    amazon-ebs.ubuntu: debconf: unable to initialize frontend: Readline[0m
[0;32m    amazon-ebs.ubuntu: debconf: (This frontend requires a controlling tty.)[0m
[0;32m    amazon-ebs.ubuntu: debconf: falling back to frontend: Teletype[0m
[0;32m    amazon-ebs.ubuntu:[0m
[0;32m    amazon-ebs.ubuntu: Creating config file /etc/php/8.3/mods-available/fileinfo.ini with new version[0m
[0;32m    amazon-ebs.ubuntu: debconf: unable to initialize frontend: Dialog[0m
[0;32m    amazon-ebs.ubuntu: debconf: (Dialog frontend will not work on a dumb terminal, an emacs shell buffer, or without a controlling terminal.)[0m
[0;32m    amazon-ebs.ubuntu: debconf: falling back to frontend: Readline[0m
[0;32m    amazon-ebs.ubuntu: debconf: unable to initialize frontend: Readline[0m
[0;32m    amazon-ebs.ubuntu: debconf: (This frontend requires a controlling tty.)[0m
[0;32m    amazon-ebs.ubuntu: debconf: falling back to frontend: Teletype[0m
[0;32m    amazon-ebs.ubuntu:[0m
[0;32m    amazon-ebs.ubuntu: Creating config file /etc/php/8.3/mods-available/ffi.ini with new version[0m
[0;32m    amazon-ebs.ubuntu: debconf: unable to initialize frontend: Dialog[0m
[0;32m    amazon-ebs.ubuntu: debconf: (Dialog frontend will not work on a dumb terminal, an emacs shell buffer, or without a controlling terminal.)[0m
[0;32m    amazon-ebs.ubuntu: debconf: falling back to frontend: Readline[0m
[0;32m    amazon-ebs.ubuntu: debconf: unable to initialize frontend: Readline[0m
[0;32m    amazon-ebs.ubuntu: debconf: (This frontend requires a controlling tty.)[0m
[0;32m    amazon-ebs.ubuntu: debconf: falling back to frontend: Teletype[0m
[0;32m    amazon-ebs.ubuntu:[0m
[0;32m    amazon-ebs.ubuntu: Creating config file /etc/php/8.3/mods-available/ftp.ini with new version[0m
[0;32m    amazon-ebs.ubuntu: debconf: unable to initialize frontend: Dialog[0m
[0;32m    amazon-ebs.ubuntu: debconf: (Dialog frontend will not work on a dumb terminal, an emacs shell buffer, or without a controlling terminal.)[0m
[0;32m    amazon-ebs.ubuntu: debconf: falling back to frontend: Readline[0m
[0;32m    amazon-ebs.ubuntu: debconf: unable to initialize frontend: Readline[0m
[0;32m    amazon-ebs.ubuntu: debconf: (This frontend requires a controlling tty.)[0m
[0;32m    amazon-ebs.ubuntu: debconf: falling back to frontend: Teletype[0m
[0;32m    amazon-ebs.ubuntu:[0m
[0;32m    amazon-ebs.ubuntu: Creating config file /etc/php/8.3/mods-available/gettext.ini with new version[0m
[0;32m    amazon-ebs.ubuntu: debconf: unable to initialize frontend: Dialog[0m
[0;32m    amazon-ebs.ubuntu: debconf: (Dialog frontend will not work on a dumb terminal, an emacs shell buffer, or without a controlling terminal.)[0m
[0;32m    amazon-ebs.ubuntu: debconf: falling back to frontend: Readline[0m
[0;32m    amazon-ebs.ubuntu: debconf: unable to initialize frontend: Readline[0m
[0;32m    amazon-ebs.ubuntu: debconf: (This frontend requires a controlling tty.)[0m
[0;32m    amazon-ebs.ubuntu: debconf: falling back to frontend: Teletype[0m
[0;32m    amazon-ebs.ubuntu:[0m
[0;32m    amazon-ebs.ubuntu: Creating config file /etc/php/8.3/mods-available/iconv.ini with new version[0m
[0;32m    amazon-ebs.ubuntu: debconf: unable to initialize frontend: Dialog[0m
[0;32m    amazon-ebs.ubuntu: debconf: (Dialog frontend will not work on a dumb terminal, an emacs shell buffer, or without a controlling terminal.)[0m
[0;32m    amazon-ebs.ubuntu: debconf: falling back to frontend: Readline[0m
[0;32m    amazon-ebs.ubuntu: debconf: unable to initialize frontend: Readline[0m
[0;32m    amazon-ebs.ubuntu: debconf: (This frontend requires a controlling tty.)[0m
[0;32m    amazon-ebs.ubuntu: debconf: falling back to frontend: Teletype[0m
[0;32m    amazon-ebs.ubuntu:[0m
[0;32m    amazon-ebs.ubuntu: Creating config file /etc/php/8.3/mods-available/pdo.ini with new version[0m
[0;32m    amazon-ebs.ubuntu: debconf: unable to initialize frontend: Dialog[0m
[0;32m    amazon-ebs.ubuntu: debconf: (Dialog frontend will not work on a dumb terminal, an emacs shell buffer, or without a controlling terminal.)[0m
[0;32m    amazon-ebs.ubuntu: debconf: falling back to frontend: Readline[0m
[0;32m    amazon-ebs.ubuntu: debconf: unable to initialize frontend: Readline[0m
[0;32m    amazon-ebs.ubuntu: debconf: (This frontend requires a controlling tty.)[0m
[0;32m    amazon-ebs.ubuntu: debconf: falling back to frontend: Teletype[0m
[0;32m    amazon-ebs.ubuntu:[0m
[0;32m    amazon-ebs.ubuntu: Creating config file /etc/php/8.3/mods-available/phar.ini with new version[0m
[0;32m    amazon-ebs.ubuntu: debconf: unable to initialize frontend: Dialog[0m
[0;32m    amazon-ebs.ubuntu: debconf: (Dialog frontend will not work on a dumb terminal, an emacs shell buffer, or without a controlling terminal.)[0m
[0;32m    amazon-ebs.ubuntu: debconf: falling back to frontend: Readline[0m
[0;32m    amazon-ebs.ubuntu: debconf: unable to initialize frontend: Readline[0m
[0;32m    amazon-ebs.ubuntu: debconf: (This frontend requires a controlling tty.)[0m
[0;32m    amazon-ebs.ubuntu: debconf: falling back to frontend: Teletype[0m
[0;32m    amazon-ebs.ubuntu:[0m
[0;32m    amazon-ebs.ubuntu: Creating config file /etc/php/8.3/mods-available/posix.ini with new version[0m
[0;32m    amazon-ebs.ubuntu: debconf: unable to initialize frontend: Dialog[0m
[0;32m    amazon-ebs.ubuntu: debconf: (Dialog frontend will not work on a dumb terminal, an emacs shell buffer, or without a controlling terminal.)[0m
[0;32m    amazon-ebs.ubuntu: debconf: falling back to frontend: Readline[0m
[0;32m    amazon-ebs.ubuntu: debconf: unable to initialize frontend: Readline[0m
[0;32m    amazon-ebs.ubuntu: debconf: (This frontend requires a controlling tty.)[0m
[0;32m    amazon-ebs.ubuntu: debconf: falling back to frontend: Teletype[0m
[0;32m    amazon-ebs.ubuntu:[0m
[0;32m    amazon-ebs.ubuntu: Creating config file /etc/php/8.3/mods-available/shmop.ini with new version[0m
[0;32m    amazon-ebs.ubuntu: debconf: unable to initialize frontend: Dialog[0m
[0;32m    amazon-ebs.ubuntu: debconf: (Dialog frontend will not work on a dumb terminal, an emacs shell buffer, or without a controlling terminal.)[0m
[0;32m    amazon-ebs.ubuntu: debconf: falling back to frontend: Readline[0m
[0;32m    amazon-ebs.ubuntu: debconf: unable to initialize frontend: Readline[0m
[0;32m    amazon-ebs.ubuntu: debconf: (This frontend requires a controlling tty.)[0m
[0;32m    amazon-ebs.ubuntu: debconf: falling back to frontend: Teletype[0m
[0;32m    amazon-ebs.ubuntu:[0m
[0;32m    amazon-ebs.ubuntu: Creating config file /etc/php/8.3/mods-available/sockets.ini with new version[0m
[0;32m    amazon-ebs.ubuntu: debconf: unable to initialize frontend: Dialog[0m
[0;32m    amazon-ebs.ubuntu: debconf: (Dialog frontend will not work on a dumb terminal, an emacs shell buffer, or without a controlling terminal.)[0m
[0;32m    amazon-ebs.ubuntu: debconf: falling back to frontend: Readline[0m
[0;32m    amazon-ebs.ubuntu: debconf: unable to initialize frontend: Readline[0m
[0;32m    amazon-ebs.ubuntu: debconf: (This frontend requires a controlling tty.)[0m
[0;32m    amazon-ebs.ubuntu: debconf: falling back to frontend: Teletype[0m
[0;32m    amazon-ebs.ubuntu:[0m
[0;32m    amazon-ebs.ubuntu: Creating config file /etc/php/8.3/mods-available/sysvmsg.ini with new version[0m
[0;32m    amazon-ebs.ubuntu: debconf: unable to initialize frontend: Dialog[0m
[0;32m    amazon-ebs.ubuntu: debconf: (Dialog frontend will not work on a dumb terminal, an emacs shell buffer, or without a controlling terminal.)[0m
[0;32m    amazon-ebs.ubuntu: debconf: falling back to frontend: Readline[0m
[0;32m    amazon-ebs.ubuntu: debconf: unable to initialize frontend: Readline[0m
[0;32m    amazon-ebs.ubuntu: debconf: (This frontend requires a controlling tty.)[0m
[0;32m    amazon-ebs.ubuntu: debconf: falling back to frontend: Teletype[0m
[0;32m    amazon-ebs.ubuntu:[0m
[0;32m    amazon-ebs.ubuntu: Creating config file /etc/php/8.3/mods-available/sysvsem.ini with new version[0m
[0;32m    amazon-ebs.ubuntu: debconf: unable to initialize frontend: Dialog[0m
[0;32m    amazon-ebs.ubuntu: debconf: (Dialog frontend will not work on a dumb terminal, an emacs shell buffer, or without a controlling terminal.)[0m
[0;32m    amazon-ebs.ubuntu: debconf: falling back to frontend: Readline[0m
[0;32m    amazon-ebs.ubuntu: debconf: unable to initialize frontend: Readline[0m
[0;32m    amazon-ebs.ubuntu: debconf: (This frontend requires a controlling tty.)[0m
[0;32m    amazon-ebs.ubuntu: debconf: falling back to frontend: Teletype[0m
[0;32m    amazon-ebs.ubuntu:[0m
[0;32m    amazon-ebs.ubuntu: Creating config file /etc/php/8.3/mods-available/sysvshm.ini with new version[0m
[0;32m    amazon-ebs.ubuntu: debconf: unable to initialize frontend: Dialog[0m
[0;32m    amazon-ebs.ubuntu: debconf: (Dialog frontend will not work on a dumb terminal, an emacs shell buffer, or without a controlling terminal.)[0m
[0;32m    amazon-ebs.ubuntu: debconf: falling back to frontend: Readline[0m
[0;32m    amazon-ebs.ubuntu: debconf: unable to initialize frontend: Readline[0m
[0;32m    amazon-ebs.ubuntu: debconf: (This frontend requires a controlling tty.)[0m
[0;32m    amazon-ebs.ubuntu: debconf: falling back to frontend: Teletype[0m
[0;32m    amazon-ebs.ubuntu:[0m
[0;32m    amazon-ebs.ubuntu: Creating config file /etc/php/8.3/mods-available/tokenizer.ini with new version[0m
[0;32m    amazon-ebs.ubuntu: Setting up php8.3-mysql (8.3.6-0ubuntu0.24.04.1) ...[0m
[0;32m    amazon-ebs.ubuntu: debconf: unable to initialize frontend: Dialog[0m
[0;32m    amazon-ebs.ubuntu: debconf: (Dialog frontend will not work on a dumb terminal, an emacs shell buffer, or without a controlling terminal.)[0m
[0;32m    amazon-ebs.ubuntu: debconf: falling back to frontend: Readline[0m
[0;32m    amazon-ebs.ubuntu: debconf: unable to initialize frontend: Readline[0m
[0;32m    amazon-ebs.ubuntu: debconf: (This frontend requires a controlling tty.)[0m
[0;32m    amazon-ebs.ubuntu: debconf: falling back to frontend: Teletype[0m
[0;32m    amazon-ebs.ubuntu:[0m
[0;32m    amazon-ebs.ubuntu: Creating config file /etc/php/8.3/mods-available/mysqlnd.ini with new version[0m
[0;32m    amazon-ebs.ubuntu: debconf: unable to initialize frontend: Dialog[0m
[0;32m    amazon-ebs.ubuntu: debconf: (Dialog frontend will not work on a dumb terminal, an emacs shell buffer, or without a controlling terminal.)[0m
[0;32m    amazon-ebs.ubuntu: debconf: falling back to frontend: Readline[0m
[0;32m    amazon-ebs.ubuntu: debconf: unable to initialize frontend: Readline[0m
[0;32m    amazon-ebs.ubuntu: debconf: (This frontend requires a controlling tty.)[0m
[0;32m    amazon-ebs.ubuntu: debconf: falling back to frontend: Teletype[0m
[0;32m    amazon-ebs.ubuntu:[0m
[0;32m    amazon-ebs.ubuntu: Creating config file /etc/php/8.3/mods-available/mysqli.ini with new version[0m
[0;32m    amazon-ebs.ubuntu: debconf: unable to initialize frontend: Dialog[0m
[0;32m    amazon-ebs.ubuntu: debconf: (Dialog frontend will not work on a dumb terminal, an emacs shell buffer, or without a controlling terminal.)[0m
[0;32m    amazon-ebs.ubuntu: debconf: falling back to frontend: Readline[0m
[0;32m    amazon-ebs.ubuntu: debconf: unable to initialize frontend: Readline[0m
[0;32m    amazon-ebs.ubuntu: debconf: (This frontend requires a controlling tty.)[0m
[0;32m    amazon-ebs.ubuntu: debconf: falling back to frontend: Teletype[0m
[0;32m    amazon-ebs.ubuntu:[0m
[0;32m    amazon-ebs.ubuntu: Creating config file /etc/php/8.3/mods-available/pdo_mysql.ini with new version[0m
[0;32m    amazon-ebs.ubuntu: Setting up php8.3-readline (8.3.6-0ubuntu0.24.04.1) ...[0m
[0;32m    amazon-ebs.ubuntu: debconf: unable to initialize frontend: Dialog[0m
[0;32m    amazon-ebs.ubuntu: debconf: (Dialog frontend will not work on a dumb terminal, an emacs shell buffer, or without a controlling terminal.)[0m
[0;32m    amazon-ebs.ubuntu: debconf: falling back to frontend: Readline[0m
[0;32m    amazon-ebs.ubuntu: debconf: unable to initialize frontend: Readline[0m
[0;32m    amazon-ebs.ubuntu: debconf: (This frontend requires a controlling tty.)[0m
[0;32m    amazon-ebs.ubuntu: debconf: falling back to frontend: Teletype[0m
[0;32m    amazon-ebs.ubuntu:[0m
[0;32m    amazon-ebs.ubuntu: Creating config file /etc/php/8.3/mods-available/readline.ini with new version[0m
[0;32m    amazon-ebs.ubuntu: Setting up php8.3-opcache (8.3.6-0ubuntu0.24.04.1) ...[0m
[0;32m    amazon-ebs.ubuntu: debconf: unable to initialize frontend: Dialog[0m
[0;32m    amazon-ebs.ubuntu: debconf: (Dialog frontend will not work on a dumb terminal, an emacs shell buffer, or without a controlling terminal.)[0m
[0;32m    amazon-ebs.ubuntu: debconf: falling back to frontend: Readline[0m
[0;32m    amazon-ebs.ubuntu: debconf: unable to initialize frontend: Readline[0m
[0;32m    amazon-ebs.ubuntu: debconf: (This frontend requires a controlling tty.)[0m
[0;32m    amazon-ebs.ubuntu: debconf: falling back to frontend: Teletype[0m
[0;32m    amazon-ebs.ubuntu:[0m
[0;32m    amazon-ebs.ubuntu: Creating config file /etc/php/8.3/mods-available/opcache.ini with new version[0m
[0;32m    amazon-ebs.ubuntu: Setting up php-mysql (2:8.3+93ubuntu2) ...[0m
[0;32m    amazon-ebs.ubuntu: Setting up php8.3-cli (8.3.6-0ubuntu0.24.04.1) ...[0m
[0;32m    amazon-ebs.ubuntu: update-alternatives: using /usr/bin/php8.3 to provide /usr/bin/php (php) in auto mode[0m
[0;32m    amazon-ebs.ubuntu: update-alternatives: using /usr/bin/phar8.3 to provide /usr/bin/phar (phar) in auto mode[0m
[0;32m    amazon-ebs.ubuntu: update-alternatives: using /usr/bin/phar.phar8.3 to provide /usr/bin/phar.phar (phar.phar) in auto mode[0m
[0;32m    amazon-ebs.ubuntu: debconf: unable to initialize frontend: Dialog[0m
[0;32m    amazon-ebs.ubuntu: debconf: (Dialog frontend will not work on a dumb terminal, an emacs shell buffer, or without a controlling terminal.)[0m
[0;32m    amazon-ebs.ubuntu: debconf: falling back to frontend: Readline[0m
[0;32m    amazon-ebs.ubuntu: debconf: unable to initialize frontend: Readline[0m
[0;32m    amazon-ebs.ubuntu: debconf: (This frontend requires a controlling tty.)[0m
[0;32m    amazon-ebs.ubuntu: debconf: falling back to frontend: Teletype[0m
[0;32m    amazon-ebs.ubuntu:[0m
[0;32m    amazon-ebs.ubuntu: Creating config file /etc/php/8.3/cli/php.ini with new version[0m
[0;32m    amazon-ebs.ubuntu: Setting up libapache2-mod-php8.3 (8.3.6-0ubuntu0.24.04.1) ...[0m
[0;32m    amazon-ebs.ubuntu: debconf: unable to initialize frontend: Dialog[0m
[0;32m    amazon-ebs.ubuntu: debconf: (Dialog frontend will not work on a dumb terminal, an emacs shell buffer, or without a controlling terminal.)[0m
[0;32m    amazon-ebs.ubuntu: debconf: falling back to frontend: Readline[0m
[0;32m    amazon-ebs.ubuntu: debconf: unable to initialize frontend: Readline[0m
[0;32m    amazon-ebs.ubuntu: debconf: (This frontend requires a controlling tty.)[0m
[0;32m    amazon-ebs.ubuntu: debconf: falling back to frontend: Teletype[0m
[0;32m    amazon-ebs.ubuntu:[0m
[0;32m    amazon-ebs.ubuntu: Creating config file /etc/php/8.3/apache2/php.ini with new version[0m
[0;32m    amazon-ebs.ubuntu: Module mpm_event disabled.[0m
[0;32m    amazon-ebs.ubuntu: Enabling module mpm_prefork.[0m
[0;32m    amazon-ebs.ubuntu: apache2_switch_mpm Switch to prefork[0m
[0;32m    amazon-ebs.ubuntu: apache2_invoke: Enable module php8.3[0m
[0;32m    amazon-ebs.ubuntu: Setting up php8.3 (8.3.6-0ubuntu0.24.04.1) ...[0m
[0;32m    amazon-ebs.ubuntu: Setting up libapache2-mod-php (2:8.3+93ubuntu2) ...[0m
[0;32m    amazon-ebs.ubuntu: Setting up php (2:8.3+93ubuntu2) ...[0m
[0;32m    amazon-ebs.ubuntu: Processing triggers for man-db (2.12.0-4build2) ...[0m
[0;32m    amazon-ebs.ubuntu: Processing triggers for php8.3-cli (8.3.6-0ubuntu0.24.04.1) ...[0m
[0;32m    amazon-ebs.ubuntu: Processing triggers for libapache2-mod-php8.3 (8.3.6-0ubuntu0.24.04.1) ...[0m
[1;31m==> amazon-ebs.ubuntu: debconf: unable to initialize frontend: Dialog[0m
[1;31m==> amazon-ebs.ubuntu: debconf: (Dialog frontend will not work on a dumb terminal, an emacs shell buffer, or without a controlling terminal.)[0m
[1;31m==> amazon-ebs.ubuntu: debconf: falling back to frontend: Readline[0m
[1;31m==> amazon-ebs.ubuntu: debconf: unable to initialize frontend: Readline[0m
[1;31m==> amazon-ebs.ubuntu: debconf: (This frontend requires a controlling tty.)[0m
[1;31m==> amazon-ebs.ubuntu: debconf: falling back to frontend: Teletype[0m
[1;31m==> amazon-ebs.ubuntu:[0m
[1;31m==> amazon-ebs.ubuntu: Running kernel seems to be up-to-date.[0m
[1;31m==> amazon-ebs.ubuntu:[0m
[1;31m==> amazon-ebs.ubuntu: No services need to be restarted.[0m
[1;31m==> amazon-ebs.ubuntu:[0m
[1;31m==> amazon-ebs.ubuntu: No containers need to be restarted.[0m
[1;31m==> amazon-ebs.ubuntu:[0m
[1;31m==> amazon-ebs.ubuntu: No user sessions are running outdated binaries.[0m
[1;31m==> amazon-ebs.ubuntu:[0m
[1;31m==> amazon-ebs.ubuntu: No VM guests are running outdated hypervisor (qemu) binaries on this host.[0m
[1;31m==> amazon-ebs.ubuntu:[0m
[0;32m    amazon-ebs.ubuntu: Installing MySQL server[0m
[1;31m==> amazon-ebs.ubuntu: WARNING: apt does not have a stable CLI interface. Use with caution in scripts.[0m
[1;31m==> amazon-ebs.ubuntu:[0m
[0;32m    amazon-ebs.ubuntu: Reading package lists...[0m
[0;32m    amazon-ebs.ubuntu: Building dependency tree...[0m
[0;32m    amazon-ebs.ubuntu: Reading state information...[0m
[0;32m    amazon-ebs.ubuntu: The following additional packages will be installed:[0m
[0;32m    amazon-ebs.ubuntu:   libcgi-fast-perl libcgi-pm-perl libclone-perl libencode-locale-perl[0m
[0;32m    amazon-ebs.ubuntu:   libevent-pthreads-2.1-7t64 libfcgi-bin libfcgi-perl libfcgi0t64[0m
[0;32m    amazon-ebs.ubuntu:   libhtml-parser-perl libhtml-tagset-perl libhtml-template-perl[0m
[0;32m    amazon-ebs.ubuntu:   libhttp-date-perl libhttp-message-perl libio-html-perl[0m
[0;32m    amazon-ebs.ubuntu:   liblwp-mediatypes-perl libmecab2 libprotobuf-lite32t64 libtimedate-perl[0m
[0;32m    amazon-ebs.ubuntu:   liburi-perl mecab-ipadic mecab-ipadic-utf8 mecab-utils mysql-client-8.0[0m
[0;32m    amazon-ebs.ubuntu:   mysql-client-core-8.0 mysql-common mysql-server-8.0 mysql-server-core-8.0[0m
[0;32m    amazon-ebs.ubuntu: Suggested packages:[0m
[0;32m    amazon-ebs.ubuntu:   libdata-dump-perl libipc-sharedcache-perl libio-compress-brotli-perl[0m
[0;32m    amazon-ebs.ubuntu:   libbusiness-isbn-perl libregexp-ipv6-perl libwww-perl mailx tinyca[0m
[0;32m    amazon-ebs.ubuntu: The following NEW packages will be installed:[0m
[0;32m    amazon-ebs.ubuntu:   libcgi-fast-perl libcgi-pm-perl libclone-perl libencode-locale-perl[0m
[0;32m    amazon-ebs.ubuntu:   libevent-pthreads-2.1-7t64 libfcgi-bin libfcgi-perl libfcgi0t64[0m
[0;32m    amazon-ebs.ubuntu:   libhtml-parser-perl libhtml-tagset-perl libhtml-template-perl[0m
[0;32m    amazon-ebs.ubuntu:   libhttp-date-perl libhttp-message-perl libio-html-perl[0m
[0;32m    amazon-ebs.ubuntu:   liblwp-mediatypes-perl libmecab2 libprotobuf-lite32t64 libtimedate-perl[0m
[0;32m    amazon-ebs.ubuntu:   liburi-perl mecab-ipadic mecab-ipadic-utf8 mecab-utils mysql-client-8.0[0m
[0;32m    amazon-ebs.ubuntu:   mysql-client-core-8.0 mysql-common mysql-server mysql-server-8.0[0m
[0;32m    amazon-ebs.ubuntu:   mysql-server-core-8.0[0m
[0;32m    amazon-ebs.ubuntu: 0 upgraded, 28 newly installed, 0 to remove and 130 not upgraded.[0m
[0;32m    amazon-ebs.ubuntu: Need to get 29.6 MB of archives.[0m
[0;32m    amazon-ebs.ubuntu: After this operation, 242 MB of additional disk space will be used.[0m
[0;32m    amazon-ebs.ubuntu: Get:1 http://us-east-1.ec2.archive.ubuntu.com/ubuntu noble/main amd64 mysql-common all 5.8+1.1.0build1 [6746 B][0m
[0;32m    amazon-ebs.ubuntu: Get:2 http://us-east-1.ec2.archive.ubuntu.com/ubuntu noble-updates/main amd64 mysql-client-core-8.0 amd64 8.0.39-0ubuntu0.24.04.2 [2794 kB][0m
[0;32m    amazon-ebs.ubuntu: Get:3 http://us-east-1.ec2.archive.ubuntu.com/ubuntu noble-updates/main amd64 mysql-client-8.0 amd64 8.0.39-0ubuntu0.24.04.2 [22.5 kB][0m
[0;32m    amazon-ebs.ubuntu: Get:4 http://us-east-1.ec2.archive.ubuntu.com/ubuntu noble/main amd64 libevent-pthreads-2.1-7t64 amd64 2.1.12-stable-9ubuntu2 [7982 B][0m
[0;32m    amazon-ebs.ubuntu: Get:5 http://us-east-1.ec2.archive.ubuntu.com/ubuntu noble/main amd64 libmecab2 amd64 0.996-14ubuntu4 [201 kB][0m
[0;32m    amazon-ebs.ubuntu: Get:6 http://us-east-1.ec2.archive.ubuntu.com/ubuntu noble/main amd64 libprotobuf-lite32t64 amd64 3.21.12-8.2build1 [238 kB][0m
[0;32m    amazon-ebs.ubuntu: Get:7 http://us-east-1.ec2.archive.ubuntu.com/ubuntu noble-updates/main amd64 mysql-server-core-8.0 amd64 8.0.39-0ubuntu0.24.04.2 [17.5 MB][0m
[0;32m    amazon-ebs.ubuntu: Get:8 http://us-east-1.ec2.archive.ubuntu.com/ubuntu noble-updates/main amd64 mysql-server-8.0 amd64 8.0.39-0ubuntu0.24.04.2 [1428 kB][0m
[0;32m    amazon-ebs.ubuntu: Get:9 http://us-east-1.ec2.archive.ubuntu.com/ubuntu noble/main amd64 libhtml-tagset-perl all 3.20-6 [11.3 kB][0m
[0;32m    amazon-ebs.ubuntu: Get:10 http://us-east-1.ec2.archive.ubuntu.com/ubuntu noble/main amd64 liburi-perl all 5.27-1 [88.0 kB][0m
[0;32m    amazon-ebs.ubuntu: Get:11 http://us-east-1.ec2.archive.ubuntu.com/ubuntu noble/main amd64 libhtml-parser-perl amd64 3.81-1build3 [85.8 kB][0m
[0;32m    amazon-ebs.ubuntu: Get:12 http://us-east-1.ec2.archive.ubuntu.com/ubuntu noble/main amd64 libcgi-pm-perl all 4.63-1 [185 kB][0m
[0;32m    amazon-ebs.ubuntu: Get:13 http://us-east-1.ec2.archive.ubuntu.com/ubuntu noble/main amd64 libfcgi0t64 amd64 2.4.2-2.1build1 [26.8 kB][0m
[0;32m    amazon-ebs.ubuntu: Get:14 http://us-east-1.ec2.archive.ubuntu.com/ubuntu noble/main amd64 libfcgi-perl amd64 0.82+ds-3build2 [21.7 kB][0m
[0;32m    amazon-ebs.ubuntu: Get:15 http://us-east-1.ec2.archive.ubuntu.com/ubuntu noble/main amd64 libcgi-fast-perl all 1:2.17-1 [10.3 kB][0m
[0;32m    amazon-ebs.ubuntu: Get:16 http://us-east-1.ec2.archive.ubuntu.com/ubuntu noble/main amd64 libclone-perl amd64 0.46-1build3 [10.7 kB][0m
[0;32m    amazon-ebs.ubuntu: Get:17 http://us-east-1.ec2.archive.ubuntu.com/ubuntu noble/main amd64 libencode-locale-perl all 1.05-3 [11.6 kB][0m
[0;32m    amazon-ebs.ubuntu: Get:18 http://us-east-1.ec2.archive.ubuntu.com/ubuntu noble/main amd64 libfcgi-bin amd64 2.4.2-2.1build1 [11.2 kB][0m
[0;32m    amazon-ebs.ubuntu: Get:19 http://us-east-1.ec2.archive.ubuntu.com/ubuntu noble/main amd64 libhtml-template-perl all 2.97-2 [60.2 kB][0m
[0;32m    amazon-ebs.ubuntu: Get:20 http://us-east-1.ec2.archive.ubuntu.com/ubuntu noble/main amd64 libtimedate-perl all 2.3300-2 [34.0 kB][0m
[0;32m    amazon-ebs.ubuntu: Get:21 http://us-east-1.ec2.archive.ubuntu.com/ubuntu noble/main amd64 libhttp-date-perl all 6.06-1 [10.2 kB][0m
[0;32m    amazon-ebs.ubuntu: Get:22 http://us-east-1.ec2.archive.ubuntu.com/ubuntu noble/main amd64 libio-html-perl all 1.004-3 [15.9 kB][0m
[0;32m    amazon-ebs.ubuntu: Get:23 http://us-east-1.ec2.archive.ubuntu.com/ubuntu noble/main amd64 liblwp-mediatypes-perl all 6.04-2 [20.1 kB][0m
[0;32m    amazon-ebs.ubuntu: Get:24 http://us-east-1.ec2.archive.ubuntu.com/ubuntu noble/main amd64 libhttp-message-perl all 6.45-1ubuntu1 [78.2 kB][0m
[0;32m    amazon-ebs.ubuntu: Get:25 http://us-east-1.ec2.archive.ubuntu.com/ubuntu noble/main amd64 mecab-utils amd64 0.996-14ubuntu4 [4804 B][0m
[0;32m    amazon-ebs.ubuntu: Get:26 http://us-east-1.ec2.archive.ubuntu.com/ubuntu noble/main amd64 mecab-ipadic all 2.7.0-20070801+main-3 [6718 kB][0m
[0;32m    amazon-ebs.ubuntu: Get:27 http://us-east-1.ec2.archive.ubuntu.com/ubuntu noble/main amd64 mecab-ipadic-utf8 all 2.7.0-20070801+main-3 [4384 B][0m
[0;32m    amazon-ebs.ubuntu: Get:28 http://us-east-1.ec2.archive.ubuntu.com/ubuntu noble-updates/main amd64 mysql-server all 8.0.39-0ubuntu0.24.04.2 [9520 B][0m
[1;31m==> amazon-ebs.ubuntu: debconf: unable to initialize frontend: Dialog[0m
[1;31m==> amazon-ebs.ubuntu: debconf: (Dialog frontend will not work on a dumb terminal, an emacs shell buffer, or without a controlling terminal.)[0m
[1;31m==> amazon-ebs.ubuntu: debconf: falling back to frontend: Readline[0m
[1;31m==> amazon-ebs.ubuntu: debconf: unable to initialize frontend: Readline[0m
[1;31m==> amazon-ebs.ubuntu: debconf: (This frontend requires a controlling tty.)[0m
[1;31m==> amazon-ebs.ubuntu: debconf: falling back to frontend: Teletype[0m
[1;31m==> amazon-ebs.ubuntu: dpkg-preconfigure: unable to re-open stdin:[0m
[0;32m    amazon-ebs.ubuntu: Fetched 29.6 MB in 1s (50.6 MB/s)[0m
[0;32m    amazon-ebs.ubuntu: Selecting previously unselected package mysql-common.[0m
[0;32m    amazon-ebs.ubuntu: (Reading database ... 68612 files and directories currently installed.)[0m
[0;32m    amazon-ebs.ubuntu: Preparing to unpack .../0-mysql-common_5.8+1.1.0build1_all.deb ...[0m
[0;32m    amazon-ebs.ubuntu: Unpacking mysql-common (5.8+1.1.0build1) ...[0m
[0;32m    amazon-ebs.ubuntu: Selecting previously unselected package mysql-client-core-8.0.[0m
[0;32m    amazon-ebs.ubuntu: Preparing to unpack .../1-mysql-client-core-8.0_8.0.39-0ubuntu0.24.04.2_amd64.deb ...[0m
[0;32m    amazon-ebs.ubuntu: Unpacking mysql-client-core-8.0 (8.0.39-0ubuntu0.24.04.2) ...[0m
[0;32m    amazon-ebs.ubuntu: Selecting previously unselected package mysql-client-8.0.[0m
[0;32m    amazon-ebs.ubuntu: Preparing to unpack .../2-mysql-client-8.0_8.0.39-0ubuntu0.24.04.2_amd64.deb ...[0m
[0;32m    amazon-ebs.ubuntu: Unpacking mysql-client-8.0 (8.0.39-0ubuntu0.24.04.2) ...[0m
[0;32m    amazon-ebs.ubuntu: Selecting previously unselected package libevent-pthreads-2.1-7t64:amd64.[0m
[0;32m    amazon-ebs.ubuntu: Preparing to unpack .../3-libevent-pthreads-2.1-7t64_2.1.12-stable-9ubuntu2_amd64.deb ...[0m
[0;32m    amazon-ebs.ubuntu: Unpacking libevent-pthreads-2.1-7t64:amd64 (2.1.12-stable-9ubuntu2) ...[0m
[0;32m    amazon-ebs.ubuntu: Selecting previously unselected package libmecab2:amd64.[0m
[0;32m    amazon-ebs.ubuntu: Preparing to unpack .../4-libmecab2_0.996-14ubuntu4_amd64.deb ...[0m
[0;32m    amazon-ebs.ubuntu: Unpacking libmecab2:amd64 (0.996-14ubuntu4) ...[0m
[0;32m    amazon-ebs.ubuntu: Selecting previously unselected package libprotobuf-lite32t64:amd64.[0m
[0;32m    amazon-ebs.ubuntu: Preparing to unpack .../5-libprotobuf-lite32t64_3.21.12-8.2build1_amd64.deb ...[0m
[0;32m    amazon-ebs.ubuntu: Unpacking libprotobuf-lite32t64:amd64 (3.21.12-8.2build1) ...[0m
[0;32m    amazon-ebs.ubuntu: Selecting previously unselected package mysql-server-core-8.0.[0m
[0;32m    amazon-ebs.ubuntu: Preparing to unpack .../6-mysql-server-core-8.0_8.0.39-0ubuntu0.24.04.2_amd64.deb ...[0m
[0;32m    amazon-ebs.ubuntu: Unpacking mysql-server-core-8.0 (8.0.39-0ubuntu0.24.04.2) ...[0m
[0;32m    amazon-ebs.ubuntu: Setting up mysql-common (5.8+1.1.0build1) ...[0m
[0;32m    amazon-ebs.ubuntu: update-alternatives: using /etc/mysql/my.cnf.fallback to provide /etc/mysql/my.cnf (my.cnf) in auto mode[0m
[0;32m    amazon-ebs.ubuntu: Selecting previously unselected package mysql-server-8.0.[0m
[0;32m    amazon-ebs.ubuntu: (Reading database ... 68831 files and directories currently installed.)[0m
[0;32m    amazon-ebs.ubuntu: Preparing to unpack .../00-mysql-server-8.0_8.0.39-0ubuntu0.24.04.2_amd64.deb ...[0m
[0;32m    amazon-ebs.ubuntu: debconf: unable to initialize frontend: Dialog[0m
[0;32m    amazon-ebs.ubuntu: debconf: (Dialog frontend will not work on a dumb terminal, an emacs shell buffer, or without a controlling terminal.)[0m
[0;32m    amazon-ebs.ubuntu: debconf: falling back to frontend: Readline[0m
[0;32m    amazon-ebs.ubuntu: debconf: unable to initialize frontend: Readline[0m
[0;32m    amazon-ebs.ubuntu: debconf: (This frontend requires a controlling tty.)[0m
[0;32m    amazon-ebs.ubuntu: debconf: falling back to frontend: Teletype[0m
[0;32m    amazon-ebs.ubuntu: Unpacking mysql-server-8.0 (8.0.39-0ubuntu0.24.04.2) ...[0m
[0;32m    amazon-ebs.ubuntu: Selecting previously unselected package libhtml-tagset-perl.[0m
[0;32m    amazon-ebs.ubuntu: Preparing to unpack .../01-libhtml-tagset-perl_3.20-6_all.deb ...[0m
[0;32m    amazon-ebs.ubuntu: Unpacking libhtml-tagset-perl (3.20-6) ...[0m
[0;32m    amazon-ebs.ubuntu: Selecting previously unselected package liburi-perl.[0m
[0;32m    amazon-ebs.ubuntu: Preparing to unpack .../02-liburi-perl_5.27-1_all.deb ...[0m
[0;32m    amazon-ebs.ubuntu: Unpacking liburi-perl (5.27-1) ...[0m
[0;32m    amazon-ebs.ubuntu: Selecting previously unselected package libhtml-parser-perl:amd64.[0m
[0;32m    amazon-ebs.ubuntu: Preparing to unpack .../03-libhtml-parser-perl_3.81-1build3_amd64.deb ...[0m
[0;32m    amazon-ebs.ubuntu: Unpacking libhtml-parser-perl:amd64 (3.81-1build3) ...[0m
[0;32m    amazon-ebs.ubuntu: Selecting previously unselected package libcgi-pm-perl.[0m
[0;32m    amazon-ebs.ubuntu: Preparing to unpack .../04-libcgi-pm-perl_4.63-1_all.deb ...[0m
[0;32m    amazon-ebs.ubuntu: Unpacking libcgi-pm-perl (4.63-1) ...[0m
[0;32m    amazon-ebs.ubuntu: Selecting previously unselected package libfcgi0t64:amd64.[0m
[0;32m    amazon-ebs.ubuntu: Preparing to unpack .../05-libfcgi0t64_2.4.2-2.1build1_amd64.deb ...[0m
[0;32m    amazon-ebs.ubuntu: Unpacking libfcgi0t64:amd64 (2.4.2-2.1build1) ...[0m
[0;32m    amazon-ebs.ubuntu: Selecting previously unselected package libfcgi-perl.[0m
[0;32m    amazon-ebs.ubuntu: Preparing to unpack .../06-libfcgi-perl_0.82+ds-3build2_amd64.deb ...[0m
[0;32m    amazon-ebs.ubuntu: Unpacking libfcgi-perl (0.82+ds-3build2) ...[0m
[0;32m    amazon-ebs.ubuntu: Selecting previously unselected package libcgi-fast-perl.[0m
[0;32m    amazon-ebs.ubuntu: Preparing to unpack .../07-libcgi-fast-perl_1%3a2.17-1_all.deb ...[0m
[0;32m    amazon-ebs.ubuntu: Unpacking libcgi-fast-perl (1:2.17-1) ...[0m
[0;32m    amazon-ebs.ubuntu: Selecting previously unselected package libclone-perl:amd64.[0m
[0;32m    amazon-ebs.ubuntu: Preparing to unpack .../08-libclone-perl_0.46-1build3_amd64.deb ...[0m
[0;32m    amazon-ebs.ubuntu: Unpacking libclone-perl:amd64 (0.46-1build3) ...[0m
[0;32m    amazon-ebs.ubuntu: Selecting previously unselected package libencode-locale-perl.[0m
[0;32m    amazon-ebs.ubuntu: Preparing to unpack .../09-libencode-locale-perl_1.05-3_all.deb ...[0m
[0;32m    amazon-ebs.ubuntu: Unpacking libencode-locale-perl (1.05-3) ...[0m
[0;32m    amazon-ebs.ubuntu: Selecting previously unselected package libfcgi-bin.[0m
[0;32m    amazon-ebs.ubuntu: Preparing to unpack .../10-libfcgi-bin_2.4.2-2.1build1_amd64.deb ...[0m
[0;32m    amazon-ebs.ubuntu: Unpacking libfcgi-bin (2.4.2-2.1build1) ...[0m
[0;32m    amazon-ebs.ubuntu: Selecting previously unselected package libhtml-template-perl.[0m
[0;32m    amazon-ebs.ubuntu: Preparing to unpack .../11-libhtml-template-perl_2.97-2_all.deb ...[0m
[0;32m    amazon-ebs.ubuntu: Unpacking libhtml-template-perl (2.97-2) ...[0m
[0;32m    amazon-ebs.ubuntu: Selecting previously unselected package libtimedate-perl.[0m
[0;32m    amazon-ebs.ubuntu: Preparing to unpack .../12-libtimedate-perl_2.3300-2_all.deb ...[0m
[0;32m    amazon-ebs.ubuntu: Unpacking libtimedate-perl (2.3300-2) ...[0m
[0;32m    amazon-ebs.ubuntu: Selecting previously unselected package libhttp-date-perl.[0m
[0;32m    amazon-ebs.ubuntu: Preparing to unpack .../13-libhttp-date-perl_6.06-1_all.deb ...[0m
[0;32m    amazon-ebs.ubuntu: Unpacking libhttp-date-perl (6.06-1) ...[0m
[0;32m    amazon-ebs.ubuntu: Selecting previously unselected package libio-html-perl.[0m
[0;32m    amazon-ebs.ubuntu: Preparing to unpack .../14-libio-html-perl_1.004-3_all.deb ...[0m
[0;32m    amazon-ebs.ubuntu: Unpacking libio-html-perl (1.004-3) ...[0m
[0;32m    amazon-ebs.ubuntu: Selecting previously unselected package liblwp-mediatypes-perl.[0m
[0;32m    amazon-ebs.ubuntu: Preparing to unpack .../15-liblwp-mediatypes-perl_6.04-2_all.deb ...[0m
[0;32m    amazon-ebs.ubuntu: Unpacking liblwp-mediatypes-perl (6.04-2) ...[0m
[0;32m    amazon-ebs.ubuntu: Selecting previously unselected package libhttp-message-perl.[0m
[0;32m    amazon-ebs.ubuntu: Preparing to unpack .../16-libhttp-message-perl_6.45-1ubuntu1_all.deb ...[0m
[0;32m    amazon-ebs.ubuntu: Unpacking libhttp-message-perl (6.45-1ubuntu1) ...[0m
[0;32m    amazon-ebs.ubuntu: Selecting previously unselected package mecab-utils.[0m
[0;32m    amazon-ebs.ubuntu: Preparing to unpack .../17-mecab-utils_0.996-14ubuntu4_amd64.deb ...[0m
[0;32m    amazon-ebs.ubuntu: Unpacking mecab-utils (0.996-14ubuntu4) ...[0m
[0;32m    amazon-ebs.ubuntu: Selecting previously unselected package mecab-ipadic.[0m
[0;32m    amazon-ebs.ubuntu: Preparing to unpack .../18-mecab-ipadic_2.7.0-20070801+main-3_all.deb ...[0m
[0;32m    amazon-ebs.ubuntu: Unpacking mecab-ipadic (2.7.0-20070801+main-3) ...[0m
[0;32m    amazon-ebs.ubuntu: Selecting previously unselected package mecab-ipadic-utf8.[0m
[0;32m    amazon-ebs.ubuntu: Preparing to unpack .../19-mecab-ipadic-utf8_2.7.0-20070801+main-3_all.deb ...[0m
[0;32m    amazon-ebs.ubuntu: Unpacking mecab-ipadic-utf8 (2.7.0-20070801+main-3) ...[0m
[0;32m    amazon-ebs.ubuntu: Selecting previously unselected package mysql-server.[0m
[0;32m    amazon-ebs.ubuntu: Preparing to unpack .../20-mysql-server_8.0.39-0ubuntu0.24.04.2_all.deb ...[0m
[0;32m    amazon-ebs.ubuntu: Unpacking mysql-server (8.0.39-0ubuntu0.24.04.2) ...[0m
[0;32m    amazon-ebs.ubuntu: Setting up libprotobuf-lite32t64:amd64 (3.21.12-8.2build1) ...[0m
[0;32m    amazon-ebs.ubuntu: Setting up libmecab2:amd64 (0.996-14ubuntu4) ...[0m
[0;32m    amazon-ebs.ubuntu: Setting up mysql-client-core-8.0 (8.0.39-0ubuntu0.24.04.2) ...[0m
[0;32m    amazon-ebs.ubuntu: Setting up libclone-perl:amd64 (0.46-1build3) ...[0m
[0;32m    amazon-ebs.ubuntu: Setting up libevent-pthreads-2.1-7t64:amd64 (2.1.12-stable-9ubuntu2) ...[0m
[0;32m    amazon-ebs.ubuntu: Setting up libfcgi0t64:amd64 (2.4.2-2.1build1) ...[0m
[0;32m    amazon-ebs.ubuntu: Setting up libhtml-tagset-perl (3.20-6) ...[0m
[0;32m    amazon-ebs.ubuntu: Setting up liblwp-mediatypes-perl (6.04-2) ...[0m
[0;32m    amazon-ebs.ubuntu: Setting up libfcgi-bin (2.4.2-2.1build1) ...[0m
[0;32m    amazon-ebs.ubuntu: Setting up libencode-locale-perl (1.05-3) ...[0m
[0;32m    amazon-ebs.ubuntu: Setting up mecab-utils (0.996-14ubuntu4) ...[0m
[0;32m    amazon-ebs.ubuntu: Setting up libio-html-perl (1.004-3) ...[0m
[0;32m    amazon-ebs.ubuntu: Setting up mysql-server-core-8.0 (8.0.39-0ubuntu0.24.04.2) ...[0m
[0;32m    amazon-ebs.ubuntu: Setting up libtimedate-perl (2.3300-2) ...[0m
[0;32m    amazon-ebs.ubuntu: Setting up mysql-client-8.0 (8.0.39-0ubuntu0.24.04.2) ...[0m
[0;32m    amazon-ebs.ubuntu: Setting up libfcgi-perl (0.82+ds-3build2) ...[0m
[0;32m    amazon-ebs.ubuntu: Setting up liburi-perl (5.27-1) ...[0m
[0;32m    amazon-ebs.ubuntu: Setting up mysql-server-8.0 (8.0.39-0ubuntu0.24.04.2) ...[0m
[0;32m    amazon-ebs.ubuntu: debconf: unable to initialize frontend: Dialog[0m
[0;32m    amazon-ebs.ubuntu: debconf: (Dialog frontend will not work on a dumb terminal, an emacs shell buffer, or without a controlling terminal.)[0m
[0;32m    amazon-ebs.ubuntu: debconf: falling back to frontend: Readline[0m
[0;32m    amazon-ebs.ubuntu: debconf: unable to initialize frontend: Readline[0m
[0;32m    amazon-ebs.ubuntu: debconf: (This frontend requires a controlling tty.)[0m
[0;32m    amazon-ebs.ubuntu: debconf: falling back to frontend: Teletype[0m
[0;32m    amazon-ebs.ubuntu: update-alternatives: using /etc/mysql/mysql.cnf to provide /etc/mysql/my.cnf (my.cnf) in auto mode[0m
[0;32m    amazon-ebs.ubuntu: Renaming removed key_buffer and myisam-recover options (if present)[0m
[0;32m    amazon-ebs.ubuntu: mysqld will log errors to /var/log/mysql/error.log[0m
[0;32m    amazon-ebs.ubuntu: mysqld is running as pid 10361[0m
[0;32m    amazon-ebs.ubuntu: Created symlink /etc/systemd/system/multi-user.target.wants/mysql.service → /usr/lib/systemd/system/mysql.service.[0m
[0;32m    amazon-ebs.ubuntu: Setting up libhttp-date-perl (6.06-1) ...[0m
[0;32m    amazon-ebs.ubuntu: Setting up mecab-ipadic (2.7.0-20070801+main-3) ...[0m
[0;32m    amazon-ebs.ubuntu: Compiling IPA dictionary for Mecab.  This takes long time...[0m
[0;32m    amazon-ebs.ubuntu: reading /usr/share/mecab/dic/ipadic/unk.def ... 40[0m
[0;32m    amazon-ebs.ubuntu: emitting double-array: 100% |###########################################|[0m
[0;32m    amazon-ebs.ubuntu: /usr/share/mecab/dic/ipadic/model.def is not found. skipped.[0m
[0;32m    amazon-ebs.ubuntu: reading /usr/share/mecab/dic/ipadic/Noun.org.csv ... 16668[0m
[0;32m    amazon-ebs.ubuntu: reading /usr/share/mecab/dic/ipadic/Auxil.csv ... 199[0m
[0;32m    amazon-ebs.ubuntu: reading /usr/share/mecab/dic/ipadic/Adverb.csv ... 3032[0m
[0;32m    amazon-ebs.ubuntu: reading /usr/share/mecab/dic/ipadic/Noun.proper.csv ... 27328[0m
[0;32m    amazon-ebs.ubuntu: reading /usr/share/mecab/dic/ipadic/Noun.verbal.csv ... 12146[0m
[0;32m    amazon-ebs.ubuntu: reading /usr/share/mecab/dic/ipadic/Adnominal.csv ... 135[0m
[0;32m    amazon-ebs.ubuntu: reading /usr/share/mecab/dic/ipadic/Suffix.csv ... 1393[0m
[0;32m    amazon-ebs.ubuntu: reading /usr/share/mecab/dic/ipadic/Adj.csv ... 27210[0m
[0;32m    amazon-ebs.ubuntu: reading /usr/share/mecab/dic/ipadic/Noun.adjv.csv ... 3328[0m
[0;32m    amazon-ebs.ubuntu: reading /usr/share/mecab/dic/ipadic/Interjection.csv ... 252[0m
[0;32m    amazon-ebs.ubuntu: reading /usr/share/mecab/dic/ipadic/Prefix.csv ... 221[0m
[0;32m    amazon-ebs.ubuntu: reading /usr/share/mecab/dic/ipadic/Noun.place.csv ... 72999[0m
[0;32m    amazon-ebs.ubuntu: reading /usr/share/mecab/dic/ipadic/Filler.csv ... 19[0m
[0;32m    amazon-ebs.ubuntu: reading /usr/share/mecab/dic/ipadic/Noun.csv ... 60477[0m
[0;32m    amazon-ebs.ubuntu: reading /usr/share/mecab/dic/ipadic/Noun.number.csv ... 42[0m
[0;32m    amazon-ebs.ubuntu: reading /usr/share/mecab/dic/ipadic/Noun.adverbal.csv ... 795[0m
[0;32m    amazon-ebs.ubuntu: reading /usr/share/mecab/dic/ipadic/Noun.nai.csv ... 42[0m
[0;32m    amazon-ebs.ubuntu: reading /usr/share/mecab/dic/ipadic/Verb.csv ... 130750[0m
[0;32m    amazon-ebs.ubuntu: reading /usr/share/mecab/dic/ipadic/Others.csv ... 2[0m
[0;32m    amazon-ebs.ubuntu: reading /usr/share/mecab/dic/ipadic/Conjunction.csv ... 171[0m
[0;32m    amazon-ebs.ubuntu: reading /usr/share/mecab/dic/ipadic/Postp.csv ... 146[0m
[0;32m    amazon-ebs.ubuntu: reading /usr/share/mecab/dic/ipadic/Noun.demonst.csv ... 120[0m
[0;32m    amazon-ebs.ubuntu: reading /usr/share/mecab/dic/ipadic/Symbol.csv ... 208[0m
[0;32m    amazon-ebs.ubuntu: reading /usr/share/mecab/dic/ipadic/Noun.name.csv ... 34202[0m
[0;32m    amazon-ebs.ubuntu: reading /usr/share/mecab/dic/ipadic/Postp-col.csv ... 91[0m
[0;32m    amazon-ebs.ubuntu: reading /usr/share/mecab/dic/ipadic/Noun.others.csv ... 151[0m
[0;32m    amazon-ebs.ubuntu: emitting double-array: 100% |###########################################|[0m
[0;32m    amazon-ebs.ubuntu: reading /usr/share/mecab/dic/ipadic/matrix.def ... 1316x1316[0m
[0;32m    amazon-ebs.ubuntu: emitting matrix      : 100% |###########################################|[0m
[0;32m    amazon-ebs.ubuntu:[0m
[0;32m    amazon-ebs.ubuntu: done![0m
[0;32m    amazon-ebs.ubuntu: update-alternatives: using /var/lib/mecab/dic/ipadic to provide /var/lib/mecab/dic/debian (mecab-dictionary) in auto mode[0m
[0;32m    amazon-ebs.ubuntu: Setting up mecab-ipadic-utf8 (2.7.0-20070801+main-3) ...[0m
[0;32m    amazon-ebs.ubuntu: Compiling IPA dictionary for Mecab.  This takes long time...[0m
[0;32m    amazon-ebs.ubuntu: reading /usr/share/mecab/dic/ipadic/unk.def ... 40[0m
[0;32m    amazon-ebs.ubuntu: emitting double-array: 100% |###########################################|[0m
[0;32m    amazon-ebs.ubuntu: /usr/share/mecab/dic/ipadic/model.def is not found. skipped.[0m
[0;32m    amazon-ebs.ubuntu: reading /usr/share/mecab/dic/ipadic/Noun.org.csv ... 16668[0m
[0;32m    amazon-ebs.ubuntu: reading /usr/share/mecab/dic/ipadic/Auxil.csv ... 199[0m
[0;32m    amazon-ebs.ubuntu: reading /usr/share/mecab/dic/ipadic/Adverb.csv ... 3032[0m
[0;32m    amazon-ebs.ubuntu: reading /usr/share/mecab/dic/ipadic/Noun.proper.csv ... 27328[0m
[0;32m    amazon-ebs.ubuntu: reading /usr/share/mecab/dic/ipadic/Noun.verbal.csv ... 12146[0m
[0;32m    amazon-ebs.ubuntu: reading /usr/share/mecab/dic/ipadic/Adnominal.csv ... 135[0m
[0;32m    amazon-ebs.ubuntu: reading /usr/share/mecab/dic/ipadic/Suffix.csv ... 1393[0m
[0;32m    amazon-ebs.ubuntu: reading /usr/share/mecab/dic/ipadic/Adj.csv ... 27210[0m
[0;32m    amazon-ebs.ubuntu: reading /usr/share/mecab/dic/ipadic/Noun.adjv.csv ... 3328[0m
[0;32m    amazon-ebs.ubuntu: reading /usr/share/mecab/dic/ipadic/Interjection.csv ... 252[0m
[0;32m    amazon-ebs.ubuntu: reading /usr/share/mecab/dic/ipadic/Prefix.csv ... 221[0m
[0;32m    amazon-ebs.ubuntu: reading /usr/share/mecab/dic/ipadic/Noun.place.csv ... 72999[0m
[0;32m    amazon-ebs.ubuntu: reading /usr/share/mecab/dic/ipadic/Filler.csv ... 19[0m
[0;32m    amazon-ebs.ubuntu: reading /usr/share/mecab/dic/ipadic/Noun.csv ... 60477[0m
[0;32m    amazon-ebs.ubuntu: reading /usr/share/mecab/dic/ipadic/Noun.number.csv ... 42[0m
[0;32m    amazon-ebs.ubuntu: reading /usr/share/mecab/dic/ipadic/Noun.adverbal.csv ... 795[0m
[0;32m    amazon-ebs.ubuntu: reading /usr/share/mecab/dic/ipadic/Noun.nai.csv ... 42[0m
[0;32m    amazon-ebs.ubuntu: reading /usr/share/mecab/dic/ipadic/Verb.csv ... 130750[0m
[0;32m    amazon-ebs.ubuntu: reading /usr/share/mecab/dic/ipadic/Others.csv ... 2[0m
[0;32m    amazon-ebs.ubuntu: reading /usr/share/mecab/dic/ipadic/Conjunction.csv ... 171[0m
[0;32m    amazon-ebs.ubuntu: reading /usr/share/mecab/dic/ipadic/Postp.csv ... 146[0m
[0;32m    amazon-ebs.ubuntu: reading /usr/share/mecab/dic/ipadic/Noun.demonst.csv ... 120[0m
[0;32m    amazon-ebs.ubuntu: reading /usr/share/mecab/dic/ipadic/Symbol.csv ... 208[0m
[0;32m    amazon-ebs.ubuntu: reading /usr/share/mecab/dic/ipadic/Noun.name.csv ... 34202[0m
[0;32m    amazon-ebs.ubuntu: reading /usr/share/mecab/dic/ipadic/Postp-col.csv ... 91[0m
[0;32m    amazon-ebs.ubuntu: reading /usr/share/mecab/dic/ipadic/Noun.others.csv ... 151[0m
[0;32m    amazon-ebs.ubuntu: emitting double-array: 100% |###########################################|[0m
[0;32m    amazon-ebs.ubuntu: reading /usr/share/mecab/dic/ipadic/matrix.def ... 1316x1316[0m
[0;32m    amazon-ebs.ubuntu: emitting matrix      : 100% |###########################################|[0m
[0;32m    amazon-ebs.ubuntu:[0m
[0;32m    amazon-ebs.ubuntu: done![0m
[0;32m    amazon-ebs.ubuntu: update-alternatives: using /var/lib/mecab/dic/ipadic-utf8 to provide /var/lib/mecab/dic/debian (mecab-dictionary) in auto mode[0m
[0;32m    amazon-ebs.ubuntu: Setting up libhtml-parser-perl:amd64 (3.81-1build3) ...[0m
[0;32m    amazon-ebs.ubuntu: Setting up libhttp-message-perl (6.45-1ubuntu1) ...[0m
[0;32m    amazon-ebs.ubuntu: Setting up mysql-server (8.0.39-0ubuntu0.24.04.2) ...[0m
[0;32m    amazon-ebs.ubuntu: Setting up libcgi-pm-perl (4.63-1) ...[0m
[0;32m    amazon-ebs.ubuntu: Setting up libhtml-template-perl (2.97-2) ...[0m
[0;32m    amazon-ebs.ubuntu: Setting up libcgi-fast-perl (1:2.17-1) ...[0m
[0;32m    amazon-ebs.ubuntu: Processing triggers for man-db (2.12.0-4build2) ...[0m
[0;32m    amazon-ebs.ubuntu: Processing triggers for libc-bin (2.39-0ubuntu8.2) ...[0m
[1;31m==> amazon-ebs.ubuntu: debconf: unable to initialize frontend: Dialog[0m
[1;31m==> amazon-ebs.ubuntu: debconf: (Dialog frontend will not work on a dumb terminal, an emacs shell buffer, or without a controlling terminal.)[0m
[1;31m==> amazon-ebs.ubuntu: debconf: falling back to frontend: Readline[0m
[1;31m==> amazon-ebs.ubuntu: debconf: unable to initialize frontend: Readline[0m
[1;31m==> amazon-ebs.ubuntu: debconf: (This frontend requires a controlling tty.)[0m
[1;31m==> amazon-ebs.ubuntu: debconf: falling back to frontend: Teletype[0m
[1;31m==> amazon-ebs.ubuntu:[0m
[1;31m==> amazon-ebs.ubuntu: Running kernel seems to be up-to-date.[0m
[1;31m==> amazon-ebs.ubuntu:[0m
[1;31m==> amazon-ebs.ubuntu: No services need to be restarted.[0m
[1;31m==> amazon-ebs.ubuntu:[0m
[1;31m==> amazon-ebs.ubuntu: No containers need to be restarted.[0m
[1;31m==> amazon-ebs.ubuntu:[0m
[1;31m==> amazon-ebs.ubuntu: No user sessions are running outdated binaries.[0m
[1;31m==> amazon-ebs.ubuntu:[0m
[1;31m==> amazon-ebs.ubuntu: No VM guests are running outdated hypervisor (qemu) binaries on this host.[0m
[0;32m    amazon-ebs.ubuntu: Installing AWS CLI[0m
[1;31m==> amazon-ebs.ubuntu:[0m
[1;31m==> amazon-ebs.ubuntu: WARNING: apt does not have a stable CLI interface. Use with caution in scripts.[0m
[0;32m    amazon-ebs.ubuntu: Reading package lists...[0m
[1;31m==> amazon-ebs.ubuntu:[0m
[0;32m    amazon-ebs.ubuntu: Building dependency tree...[0m
[0;32m    amazon-ebs.ubuntu: Reading state information...[0m
[0;32m    amazon-ebs.ubuntu: Package awscli is not available, but is referred to by another package.[0m
[0;32m    amazon-ebs.ubuntu: This may mean that the package is missing, has been obsoleted, or[0m
[0;32m    amazon-ebs.ubuntu: is only available from another source[0m
[0;32m    amazon-ebs.ubuntu:[0m
[1;31m==> amazon-ebs.ubuntu: E: Package 'awscli' has no installation candidate[0m
[0;32m    amazon-ebs.ubuntu: Installing Wordpress[0m
[1;31m==> amazon-ebs.ubuntu: --2024-09-11 02:35:11--  https://wordpress.org/latest.tar.gz[0m
[1;31m==> amazon-ebs.ubuntu: Resolving wordpress.org (wordpress.org)... 198.143.164.252[0m
[1;31m==> amazon-ebs.ubuntu: Connecting to wordpress.org (wordpress.org)|198.143.164.252|:443... connected.[0m
[1;31m==> amazon-ebs.ubuntu: HTTP request sent, awaiting response... 200 OK[0m
[1;31m==> amazon-ebs.ubuntu: Length: 24640061 (23M) [application/octet-stream][0m
[1;31m==> amazon-ebs.ubuntu: Saving to: ‘latest.tar.gz’[0m
[1;31m==> amazon-ebs.ubuntu:[0m
[1;31m==> amazon-ebs.ubuntu:      0K .......... .......... .......... .......... ..........  0%  777K 31s[0m
[1;31m==> amazon-ebs.ubuntu:     50K .......... .......... .......... .......... ..........  0%  991K 28s[0m
[1;31m==> amazon-ebs.ubuntu:    100K .......... .......... .......... .......... ..........  0% 1.03M 26s[0m
[1;31m==> amazon-ebs.ubuntu:    150K .......... .......... .......... .......... ..........  0% 1.01M 25s[0m
[1;31m==> amazon-ebs.ubuntu:    200K .......... .......... .......... .......... ..........  1% 1.25M 24s[0m
[1;31m==> amazon-ebs.ubuntu:    250K .......... .......... .......... .......... ..........  1% 1.13M 23s[0m
[1;31m==> amazon-ebs.ubuntu:    300K .......... .......... .......... .......... ..........  1% 1.85M 22s[0m
[1;31m==> amazon-ebs.ubuntu:    350K .......... .......... .......... .......... ..........  1% 2.12M 20s[0m
[1;31m==> amazon-ebs.ubuntu:    400K .......... .......... .......... .......... ..........  1% 2.42M 19s[0m
[1;31m==> amazon-ebs.ubuntu:    450K .......... .......... .......... .......... ..........  2% 2.69M 18s[0m
[1;31m==> amazon-ebs.ubuntu:    500K .......... .......... .......... .......... ..........  2% 2.97M 17s[0m
[1;31m==> amazon-ebs.ubuntu:    550K .......... .......... .......... .......... ..........  2% 3.26M 16s[0m
[1;31m==> amazon-ebs.ubuntu:    600K .......... .......... .......... .......... ..........  2% 3.54M 15s[0m
[1;31m==> amazon-ebs.ubuntu:    650K .......... .......... .......... .......... ..........  2% 3.02M 15s[0m
[1;31m==> amazon-ebs.ubuntu:    700K .......... .......... .......... .......... ..........  3% 4.22M 14s[0m
[1;31m==> amazon-ebs.ubuntu:    750K .......... .......... .......... .......... ..........  3% 4.66M 13s[0m
[1;31m==> amazon-ebs.ubuntu:    800K .......... .......... .......... .......... ..........  3% 4.58M 13s[0m
[1;31m==> amazon-ebs.ubuntu:    850K .......... .......... .......... .......... ..........  3% 5.42M 12s[0m
[1;31m==> amazon-ebs.ubuntu:    900K .......... .......... .......... .......... ..........  3% 5.68M 12s[0m
[1;31m==> amazon-ebs.ubuntu:    950K .......... .......... .......... .......... ..........  4% 5.75M 12s[0m
[1;31m==> amazon-ebs.ubuntu:   1000K .......... .......... .......... .......... ..........  4% 5.67M 11s[0m
[1;31m==> amazon-ebs.ubuntu:   1050K .......... .......... .......... .......... ..........  4% 5.02M 11s[0m
[1;31m==> amazon-ebs.ubuntu:   1100K .......... .......... .......... .......... ..........  4% 6.50M 10s[0m
[1;31m==> amazon-ebs.ubuntu:   1150K .......... .......... .......... .......... ..........  4% 7.67M 10s[0m
[1;31m==> amazon-ebs.ubuntu:   1200K .......... .......... .......... .......... ..........  5% 7.22M 10s[0m
[1;31m==> amazon-ebs.ubuntu:   1250K .......... .......... .......... .......... ..........  5% 7.40M 10s[0m
[1;31m==> amazon-ebs.ubuntu:   1300K .......... .......... .......... .......... ..........  5% 9.10M 9s[0m
[1;31m==> amazon-ebs.ubuntu:   1350K .......... .......... .......... .......... ..........  5% 7.76M 9s[0m
[1;31m==> amazon-ebs.ubuntu:   1400K .......... .......... .......... .......... ..........  6% 9.89M 9s[0m
[1;31m==> amazon-ebs.ubuntu:   1450K .......... .......... .......... .......... ..........  6% 6.41M 9s[0m
[1;31m==> amazon-ebs.ubuntu:   1500K .......... .......... .......... .......... ..........  6% 8.86M 8s[0m
[1;31m==> amazon-ebs.ubuntu:   1550K .......... .......... .......... .......... ..........  6% 10.9M 8s[0m
[1;31m==> amazon-ebs.ubuntu:   1600K .......... .......... .......... .......... ..........  6% 10.6M 8s[0m
[1;31m==> amazon-ebs.ubuntu:   1650K .......... .......... .......... .......... ..........  7% 10.0M 8s[0m
[1;31m==> amazon-ebs.ubuntu:   1700K .......... .......... .......... .......... ..........  7% 10.4M 8s[0m
[1;31m==> amazon-ebs.ubuntu:   1750K .......... .......... .......... .......... ..........  7% 10.7M 7s[0m
[1;31m==> amazon-ebs.ubuntu:   1800K .......... .......... .......... .......... ..........  7% 10.9M 7s[0m
[1;31m==> amazon-ebs.ubuntu:   1850K .......... .......... .......... .......... ..........  7% 9.87M 7s[0m
[1;31m==> amazon-ebs.ubuntu:   1900K .......... .......... .......... .......... ..........  8% 10.1M 7s[0m
[1;31m==> amazon-ebs.ubuntu:   1950K .......... .......... .......... .......... ..........  8% 13.1M 7s[0m
[1;31m==> amazon-ebs.ubuntu:   2000K .......... .......... .......... .......... ..........  8% 13.7M 7s[0m
[1;31m==> amazon-ebs.ubuntu:   2050K .......... .......... .......... .......... ..........  8% 12.3M 7s[0m
[1;31m==> amazon-ebs.ubuntu:   2100K .......... .......... .......... .......... ..........  8% 12.8M 6s[0m
[1;31m==> amazon-ebs.ubuntu:   2150K .......... .......... .......... .......... ..........  9% 12.7M 6s[0m
[1;31m==> amazon-ebs.ubuntu:   2200K .......... .......... .......... .......... ..........  9% 17.5M 6s[0m
[1;31m==> amazon-ebs.ubuntu:   2250K .......... .......... .......... .......... ..........  9% 10.3M 6s[0m
[1;31m==> amazon-ebs.ubuntu:   2300K .......... .......... .......... .......... ..........  9% 16.4M 6s[0m
[1;31m==> amazon-ebs.ubuntu:   2350K .......... .......... .......... .......... ..........  9% 12.7M 6s[0m
[1;31m==> amazon-ebs.ubuntu:   2400K .......... .......... .......... .......... .......... 10% 16.8M 6s[0m
[1;31m==> amazon-ebs.ubuntu:   2450K .......... .......... .......... .......... .......... 10% 13.3M 6s[0m
[1;31m==> amazon-ebs.ubuntu:   2500K .......... .......... .......... .......... .......... 10% 15.6M 6s[0m
[1;31m==> amazon-ebs.ubuntu:   2550K .......... .......... .......... .......... .......... 10% 17.6M 5s[0m
[1;31m==> amazon-ebs.ubuntu:   2600K .......... .......... .......... .......... .......... 11% 16.8M 5s[0m
[1;31m==> amazon-ebs.ubuntu:   2650K .......... .......... .......... .......... .......... 11% 13.1M 5s[0m
[1;31m==> amazon-ebs.ubuntu:   2700K .......... .......... .......... .......... .......... 11% 16.3M 5s[0m
[1;31m==> amazon-ebs.ubuntu:   2750K .......... .......... .......... .......... .......... 11% 16.4M 5s[0m
[1;31m==> amazon-ebs.ubuntu:   2800K .......... .......... .......... .......... .......... 11% 16.8M 5s[0m
[1;31m==> amazon-ebs.ubuntu:   2850K .......... .......... .......... .......... .......... 12% 25.5M 5s[0m
[1;31m==> amazon-ebs.ubuntu:   2900K .......... .......... .......... .......... .......... 12% 17.4M 5s[0m
[1;31m==> amazon-ebs.ubuntu:   2950K .......... .......... .......... .......... .......... 12% 16.4M 5s[0m
[1;31m==> amazon-ebs.ubuntu:   3000K .......... .......... .......... .......... .......... 12% 24.8M 5s[0m
[1;31m==> amazon-ebs.ubuntu:   3050K .......... .......... .......... .......... .......... 12% 12.5M 5s[0m
[1;31m==> amazon-ebs.ubuntu:   3100K .......... .......... .......... .......... .......... 13% 25.3M 5s[0m
[1;31m==> amazon-ebs.ubuntu:   3150K .......... .......... .......... .......... .......... 13% 16.5M 5s[0m
[1;31m==> amazon-ebs.ubuntu:   3200K .......... .......... .......... .......... .......... 13% 25.0M 4s[0m
[1;31m==> amazon-ebs.ubuntu:   3250K .......... .......... .......... .......... .......... 13% 17.0M 4s[0m
[1;31m==> amazon-ebs.ubuntu:   3300K .......... .......... .......... .......... .......... 13% 25.5M 4s[0m
[1;31m==> amazon-ebs.ubuntu:   3350K .......... .......... .......... .......... .......... 14% 17.2M 4s[0m
[1;31m==> amazon-ebs.ubuntu:   3400K .......... .......... .......... .......... .......... 14% 25.5M 4s[0m
[1;31m==> amazon-ebs.ubuntu:   3450K .......... .......... .......... .......... .......... 14% 16.8M 4s[0m
[1;31m==> amazon-ebs.ubuntu:   3500K .......... .......... .......... .......... .......... 14% 24.3M 4s[0m
[1;31m==> amazon-ebs.ubuntu:   3550K .......... .......... .......... .......... .......... 14% 17.7M 4s[0m
[1;31m==> amazon-ebs.ubuntu:   3600K .......... .......... .......... .......... .......... 15% 25.4M 4s[0m
[1;31m==> amazon-ebs.ubuntu:   3650K .......... .......... .......... .......... .......... 15% 24.8M 4s[0m
[1;31m==> amazon-ebs.ubuntu:   3700K .......... .......... .......... .......... .......... 15% 26.8M 4s[0m
[1;31m==> amazon-ebs.ubuntu:   3750K .......... .......... .......... .......... .......... 15% 25.1M 4s[0m
[1;31m==> amazon-ebs.ubuntu:   3800K .......... .......... .......... .......... .......... 15% 18.5M 4s[0m
[1;31m==> amazon-ebs.ubuntu:   3850K .......... .......... .......... .......... .......... 16% 24.5M 4s[0m
[1;31m==> amazon-ebs.ubuntu:   3900K .......... .......... .......... .......... .......... 16% 26.0M 4s[0m
[1;31m==> amazon-ebs.ubuntu:   3950K .......... .......... .......... .......... .......... 16% 25.2M 4s[0m
[1;31m==> amazon-ebs.ubuntu:   4000K .......... .......... .......... .......... .......... 16% 24.4M 4s[0m
[1;31m==> amazon-ebs.ubuntu:   4050K .......... .......... .......... .......... .......... 17% 24.7M 4s[0m
[1;31m==> amazon-ebs.ubuntu:   4100K .......... .......... .......... .......... .......... 17% 24.3M 4s[0m
[1;31m==> amazon-ebs.ubuntu:   4150K .......... .......... .......... .......... .......... 17% 25.1M 3s[0m
[1;31m==> amazon-ebs.ubuntu:   4200K .......... .......... .......... .......... .......... 17% 26.7M 3s[0m
[1;31m==> amazon-ebs.ubuntu:   4250K .......... .......... .......... .......... .......... 17% 23.8M 3s[0m
[1;31m==> amazon-ebs.ubuntu:   4300K .......... .......... .......... .......... .......... 18% 22.9M 3s[0m
[1;31m==> amazon-ebs.ubuntu:   4350K .......... .......... .......... .......... .......... 18% 26.1M 3s[0m
[1;31m==> amazon-ebs.ubuntu:   4400K .......... .......... .......... .......... .......... 18% 48.6M 3s[0m
[1;31m==> amazon-ebs.ubuntu:   4450K .......... .......... .......... .......... .......... 18% 26.1M 3s[0m
[1;31m==> amazon-ebs.ubuntu:   4500K .......... .......... .......... .......... .......... 18% 24.9M 3s[0m
[1;31m==> amazon-ebs.ubuntu:   4550K .......... .......... .......... .......... .......... 19% 25.1M 3s[0m
[1;31m==> amazon-ebs.ubuntu:   4600K .......... .......... .......... .......... .......... 19% 45.2M 3s[0m
[1;31m==> amazon-ebs.ubuntu:   4650K .......... .......... .......... .......... .......... 19% 16.9M 3s[0m
[1;31m==> amazon-ebs.ubuntu:   4700K .......... .......... .......... .......... .......... 19% 51.2M 3s[0m
[1;31m==> amazon-ebs.ubuntu:   4750K .......... .......... .......... .......... .......... 19% 25.4M 3s[0m
[1;31m==> amazon-ebs.ubuntu:   4800K .......... .......... .......... .......... .......... 20% 46.8M 3s[0m
[1;31m==> amazon-ebs.ubuntu:   4850K .......... .......... .......... .......... .......... 20% 24.8M 3s[0m
[1;31m==> amazon-ebs.ubuntu:   4900K .......... .......... .......... .......... .......... 20% 25.7M 3s[0m
[1;31m==> amazon-ebs.ubuntu:   4950K .......... .......... .......... .......... .......... 20% 48.0M 3s[0m
[1;31m==> amazon-ebs.ubuntu:   5000K .......... .......... .......... .......... .......... 20% 25.9M 3s[0m
[1;31m==> amazon-ebs.ubuntu:   5050K .......... .......... .......... .......... .......... 21% 24.7M 3s[0m
[1;31m==> amazon-ebs.ubuntu:   5100K .......... .......... .......... .......... .......... 21% 46.3M 3s[0m
[1;31m==> amazon-ebs.ubuntu:   5150K .......... .......... .......... .......... .......... 21% 23.2M 3s[0m
[1;31m==> amazon-ebs.ubuntu:   5200K .......... .......... .......... .......... .......... 21% 54.4M 3s[0m
[1;31m==> amazon-ebs.ubuntu:   5250K .......... .......... .......... .......... .......... 22% 26.0M 3s[0m
[1;31m==> amazon-ebs.ubuntu:   5300K .......... .......... .......... .......... .......... 22% 47.5M 3s[0m
[1;31m==> amazon-ebs.ubuntu:   5350K .......... .......... .......... .......... .......... 22% 26.8M 3s[0m
[1;31m==> amazon-ebs.ubuntu:   5400K .......... .......... .......... .......... .......... 22% 41.6M 3s[0m
[1;31m==> amazon-ebs.ubuntu:   5450K .......... .......... .......... .......... .......... 22% 25.7M 3s[0m
[1;31m==> amazon-ebs.ubuntu:   5500K .......... .......... .......... .......... .......... 23% 28.2M 3s[0m
[1;31m==> amazon-ebs.ubuntu:   5550K .......... .......... .......... .......... .......... 23% 44.0M 3s[0m
[1;31m==> amazon-ebs.ubuntu:   5600K .......... .......... .......... .......... .......... 23% 45.7M 3s[0m
[1;31m==> amazon-ebs.ubuntu:   5650K .......... .......... .......... .......... .......... 23% 30.4M 3s[0m
[1;31m==> amazon-ebs.ubuntu:   5700K .......... .......... .......... .......... .......... 23% 39.5M 3s[0m
[1;31m==> amazon-ebs.ubuntu:   5750K .......... .......... .......... .......... .......... 24% 27.7M 2s[0m
[1;31m==> amazon-ebs.ubuntu:   5800K .......... .......... .......... .......... .......... 24% 51.1M 2s[0m
[1;31m==> amazon-ebs.ubuntu:   5850K .......... .......... .......... .......... .......... 24% 29.2M 2s[0m
[1;31m==> amazon-ebs.ubuntu:   5900K .......... .......... .......... .......... .......... 24% 44.1M 2s[0m
[1;31m==> amazon-ebs.ubuntu:   5950K .......... .......... .......... .......... .......... 24% 29.3M 2s[0m
[1;31m==> amazon-ebs.ubuntu:   6000K .......... .......... .......... .......... .......... 25% 39.1M 2s[0m
[1;31m==> amazon-ebs.ubuntu:   6050K .......... .......... .......... .......... .......... 25% 35.0M 2s[0m
[1;31m==> amazon-ebs.ubuntu:   6100K .......... .......... .......... .......... .......... 25% 47.7M 2s[0m
[1;31m==> amazon-ebs.ubuntu:   6150K .......... .......... .......... .......... .......... 25% 45.6M 2s[0m
[1;31m==> amazon-ebs.ubuntu:   6200K .......... .......... .......... .......... .......... 25% 30.9M 2s[0m
[1;31m==> amazon-ebs.ubuntu:   6250K .......... .......... .......... .......... .......... 26% 45.2M 2s[0m
[1;31m==> amazon-ebs.ubuntu:   6300K .......... .......... .......... .......... .......... 26% 28.1M 2s[0m
[1;31m==> amazon-ebs.ubuntu:   6350K .......... .......... .......... .......... .......... 26% 65.8M 2s[0m
[1;31m==> amazon-ebs.ubuntu:   6400K .......... .......... .......... .......... .......... 26% 47.5M 2s[0m
[1;31m==> amazon-ebs.ubuntu:   6450K .......... .......... .......... .......... .......... 27% 46.6M 2s[0m
[1;31m==> amazon-ebs.ubuntu:   6500K .......... .......... .......... .......... .......... 27% 27.6M 2s[0m
[1;31m==> amazon-ebs.ubuntu:   6550K .......... .......... .......... .......... .......... 27% 58.5M 2s[0m
[1;31m==> amazon-ebs.ubuntu:   6600K .......... .......... .......... .......... .......... 27% 53.2M 2s[0m
[1;31m==> amazon-ebs.ubuntu:   6650K .......... .......... .......... .......... .......... 27% 27.2M 2s[0m
[1;31m==> amazon-ebs.ubuntu:   6700K .......... .......... .......... .......... .......... 28% 34.5M 2s[0m
[1;31m==> amazon-ebs.ubuntu:   6750K .......... .......... .......... .......... .......... 28% 40.8M 2s[0m
[1;31m==> amazon-ebs.ubuntu:   6800K .......... .......... .......... .......... .......... 28% 54.2M 2s[0m
[1;31m==> amazon-ebs.ubuntu:   6850K .......... .......... .......... .......... .......... 28% 49.8M 2s[0m
[1;31m==> amazon-ebs.ubuntu:   6900K .......... .......... .......... .......... .......... 28% 28.9M 2s[0m
[1;31m==> amazon-ebs.ubuntu:   6950K .......... .......... .......... .......... .......... 29% 67.6M 2s[0m
[1;31m==> amazon-ebs.ubuntu:   7000K .......... .......... .......... .......... .......... 29% 48.3M 2s[0m
[1;31m==> amazon-ebs.ubuntu:   7050K .......... .......... .......... .......... .......... 29% 33.5M 2s[0m
[1;31m==> amazon-ebs.ubuntu:   7100K .......... .......... .......... .......... .......... 29% 45.0M 2s[0m
[1;31m==> amazon-ebs.ubuntu:   7150K .......... .......... .......... .......... .......... 29% 52.8M 2s[0m
[1;31m==> amazon-ebs.ubuntu:   7200K .......... .......... .......... .......... .......... 30% 36.9M 2s[0m
[1;31m==> amazon-ebs.ubuntu:   7250K .......... .......... .......... .......... .......... 30% 67.9M 2s[0m
[1;31m==> amazon-ebs.ubuntu:   7300K .......... .......... .......... .......... .......... 30% 49.0M 2s[0m
[1;31m==> amazon-ebs.ubuntu:   7350K .......... .......... .......... .......... .......... 30% 55.4M 2s[0m
[1;31m==> amazon-ebs.ubuntu:   7400K .......... .......... .......... .......... .......... 30% 51.9M 2s[0m
[1;31m==> amazon-ebs.ubuntu:   7450K .......... .......... .......... .......... .......... 31% 29.0M 2s[0m
[1;31m==> amazon-ebs.ubuntu:   7500K .......... .......... .......... .......... .......... 31% 77.5M 2s[0m
[1;31m==> amazon-ebs.ubuntu:   7550K .......... .......... .......... .......... .......... 31% 44.4M 2s[0m
[1;31m==> amazon-ebs.ubuntu:   7600K .......... .......... .......... .......... .......... 31% 51.3M 2s[0m
[1;31m==> amazon-ebs.ubuntu:   7650K .......... .......... .......... .......... .......... 31% 50.3M 2s[0m
[1;31m==> amazon-ebs.ubuntu:   7700K .......... .......... .......... .......... .......... 32% 42.2M 2s[0m
[1;31m==> amazon-ebs.ubuntu:   7750K .......... .......... .......... .......... .......... 32% 51.9M 2s[0m
[1;31m==> amazon-ebs.ubuntu:   7800K .......... .......... .......... .......... .......... 32% 51.9M 2s[0m
[1;31m==> amazon-ebs.ubuntu:   7850K .......... .......... .......... .......... .......... 32% 26.3M 2s[0m
[1;31m==> amazon-ebs.ubuntu:   7900K .......... .......... .......... .......... .......... 33% 62.5M 2s[0m
[1;31m==> amazon-ebs.ubuntu:   7950K .......... .......... .......... .......... .......... 33% 47.6M 2s[0m
[1;31m==> amazon-ebs.ubuntu:   8000K .......... .......... .......... .......... .......... 33%  135M 2s[0m
[1;31m==> amazon-ebs.ubuntu:   8050K .......... .......... .......... .......... .......... 33% 54.4M 2s[0m
[1;31m==> amazon-ebs.ubuntu:   8100K .......... .......... .......... .......... .......... 33% 48.1M 2s[0m
[1;31m==> amazon-ebs.ubuntu:   8150K .......... .......... .......... .......... .......... 34% 59.0M 2s[0m
[1;31m==> amazon-ebs.ubuntu:   8200K .......... .......... .......... .......... .......... 34% 47.1M 2s[0m
[1;31m==> amazon-ebs.ubuntu:   8250K .......... .......... .......... .......... .......... 34% 49.7M 2s[0m
[1;31m==> amazon-ebs.ubuntu:   8300K .......... .......... .......... .......... .......... 34% 47.9M 2s[0m
[1;31m==> amazon-ebs.ubuntu:   8350K .......... .......... .......... .......... .......... 34% 47.0M 2s[0m
[1;31m==> amazon-ebs.ubuntu:   8400K .......... .......... .......... .......... .......... 35% 50.0M 2s[0m
[1;31m==> amazon-ebs.ubuntu:   8450K .......... .......... .......... .......... .......... 35% 41.7M 2s[0m
[1;31m==> amazon-ebs.ubuntu:   8500K .......... .......... .......... .......... .......... 35% 59.6M 2s[0m
[1;31m==> amazon-ebs.ubuntu:   8550K .......... .......... .......... .......... .......... 35% 56.7M 2s[0m
[1;31m==> amazon-ebs.ubuntu:   8600K .......... .......... .......... .......... .......... 35% 48.6M 2s[0m
[1;31m==> amazon-ebs.ubuntu:   8650K .......... .......... .......... .......... .......... 36% 37.7M 2s[0m
[1;31m==> amazon-ebs.ubuntu:   8700K .......... .......... .......... .......... .......... 36% 69.8M 1s[0m
[1;31m==> amazon-ebs.ubuntu:   8750K .......... .......... .......... .......... .......... 36% 51.2M 1s[0m
[1;31m==> amazon-ebs.ubuntu:   8800K .......... .......... .......... .......... .......... 36% 59.5M 1s[0m
[1;31m==> amazon-ebs.ubuntu:   8850K .......... .......... .......... .......... .......... 36% 48.7M 1s[0m
[1;31m==> amazon-ebs.ubuntu:   8900K .......... .......... .......... .......... .......... 37%  210M 1s[0m
[1;31m==> amazon-ebs.ubuntu:   8950K .......... .......... .......... .......... .......... 37% 32.9M 1s[0m
[1;31m==> amazon-ebs.ubuntu:   9000K .......... .......... .......... .......... .......... 37% 83.4M 1s[0m
[1;31m==> amazon-ebs.ubuntu:   9050K .......... .......... .......... .......... .......... 37% 55.4M 1s[0m
[1;31m==> amazon-ebs.ubuntu:   9100K .......... .......... .......... .......... .......... 38% 41.8M 1s[0m
[1;31m==> amazon-ebs.ubuntu:   9150K .......... .......... .......... .......... .......... 38% 55.0M 1s[0m
[1;31m==> amazon-ebs.ubuntu:   9200K .......... .......... .......... .......... .......... 38% 60.1M 1s[0m
[1;31m==> amazon-ebs.ubuntu:   9250K .......... .......... .......... .......... .......... 38%  104M 1s[0m
[1;31m==> amazon-ebs.ubuntu:   9300K .......... .......... .......... .......... .......... 38% 63.0M 1s[0m
[1;31m==> amazon-ebs.ubuntu:   9350K .......... .......... .......... .......... .......... 39% 55.0M 1s[0m
[1;31m==> amazon-ebs.ubuntu:   9400K .......... .......... .......... .......... .......... 39% 43.4M 1s[0m
[1;31m==> amazon-ebs.ubuntu:   9450K .......... .......... .......... .......... .......... 39% 51.4M 1s[0m
[1;31m==> amazon-ebs.ubuntu:   9500K .......... .......... .......... .......... .......... 39%  280M 1s[0m
[1;31m==> amazon-ebs.ubuntu:   9550K .......... .......... .......... .......... .......... 39% 55.1M 1s[0m
[1;31m==> amazon-ebs.ubuntu:   9600K .......... .......... .......... .......... .......... 40% 42.3M 1s[0m
[1;31m==> amazon-ebs.ubuntu:   9650K .......... .......... .......... .......... .......... 40% 56.1M 1s[0m
[1;31m==> amazon-ebs.ubuntu:   9700K .......... .......... .......... .......... .......... 40% 59.6M 1s[0m
[1;31m==> amazon-ebs.ubuntu:   9750K .......... .......... .......... .......... .......... 40% 64.7M 1s[0m
[1;31m==> amazon-ebs.ubuntu:   9800K .......... .......... .......... .......... .......... 40%  188M 1s[0m
[1;31m==> amazon-ebs.ubuntu:   9850K .......... .......... .......... .......... .......... 41% 41.3M 1s[0m
[1;31m==> amazon-ebs.ubuntu:   9900K .......... .......... .......... .......... .......... 41% 49.3M 1s[0m
[1;31m==> amazon-ebs.ubuntu:   9950K .......... .......... .......... .......... .......... 41% 54.8M 1s[0m
[1;31m==> amazon-ebs.ubuntu:  10000K .......... .......... .......... .......... .......... 41%  120M 1s[0m
[1;31m==> amazon-ebs.ubuntu:  10050K .......... .......... .......... .......... .......... 41% 74.8M 1s[0m
[1;31m==> amazon-ebs.ubuntu:  10100K .......... .......... .......... .......... .......... 42% 61.9M 1s[0m
[1;31m==> amazon-ebs.ubuntu:  10150K .......... .......... .......... .......... .......... 42% 62.4M 1s[0m
[1;31m==> amazon-ebs.ubuntu:  10200K .......... .......... .......... .......... .......... 42% 65.4M 1s[0m
[1;31m==> amazon-ebs.ubuntu:  10250K .......... .......... .......... .......... .......... 42% 51.4M 1s[0m
[1;31m==> amazon-ebs.ubuntu:  10300K .......... .......... .......... .......... .......... 43% 47.8M 1s[0m
[1;31m==> amazon-ebs.ubuntu:  10350K .......... .......... .......... .......... .......... 43% 61.8M 1s[0m
[1;31m==> amazon-ebs.ubuntu:  10400K .......... .......... .......... .......... .......... 43% 66.8M 1s[0m
[1;31m==> amazon-ebs.ubuntu:  10450K .......... .......... .......... .......... .......... 43% 55.4M 1s[0m
[1;31m==> amazon-ebs.ubuntu:  10500K .......... .......... .......... .......... .......... 43%  283M 1s[0m
[1;31m==> amazon-ebs.ubuntu:  10550K .......... .......... .......... .......... .......... 44% 56.1M 1s[0m
[1;31m==> amazon-ebs.ubuntu:  10600K .......... .......... .......... .......... .......... 44% 48.4M 1s[0m
[1;31m==> amazon-ebs.ubuntu:  10650K .......... .......... .......... .......... .......... 44% 28.1M 1s[0m
[1;31m==> amazon-ebs.ubuntu:  10700K .......... .......... .......... .......... .......... 44%  112M 1s[0m
[1;31m==> amazon-ebs.ubuntu:  10750K .......... .......... .......... .......... .......... 44% 72.7M 1s[0m
[1;31m==> amazon-ebs.ubuntu:  10800K .......... .......... .......... .......... .......... 45%  168M 1s[0m
[1;31m==> amazon-ebs.ubuntu:  10850K .......... .......... .......... .......... .......... 45% 27.8M 1s[0m
[1;31m==> amazon-ebs.ubuntu:  10900K .......... .......... .......... .......... .......... 45%  185M 1s[0m
[1;31m==> amazon-ebs.ubuntu:  10950K .......... .......... .......... .......... .......... 45% 32.5M 1s[0m
[1;31m==> amazon-ebs.ubuntu:  11000K .......... .......... .......... .......... .......... 45%  113M 1s[0m
[1;31m==> amazon-ebs.ubuntu:  11050K .......... .......... .......... .......... .......... 46% 34.1M 1s[0m
[1;31m==> amazon-ebs.ubuntu:  11100K .......... .......... .......... .......... .......... 46%  281M 1s[0m
[1;31m==> amazon-ebs.ubuntu:  11150K .......... .......... .......... .......... .......... 46% 52.3M 1s[0m
[1;31m==> amazon-ebs.ubuntu:  11200K .......... .......... .......... .......... .......... 46%  100M 1s[0m
[1;31m==> amazon-ebs.ubuntu:  11250K .......... .......... .......... .......... .......... 46% 57.5M 1s[0m
[1;31m==> amazon-ebs.ubuntu:  11300K .......... .......... .......... .......... .......... 47%  270M 1s[0m
[1;31m==> amazon-ebs.ubuntu:  11350K .......... .......... .......... .......... .......... 47% 34.2M 1s[0m
[1;31m==> amazon-ebs.ubuntu:  11400K .......... .......... .......... .......... .......... 47% 66.5M 1s[0m
[1;31m==> amazon-ebs.ubuntu:  11450K .......... .......... .......... .......... .......... 47%  110M 1s[0m
[1;31m==> amazon-ebs.ubuntu:  11500K .......... .......... .......... .......... .......... 47% 52.0M 1s[0m
[1;31m==> amazon-ebs.ubuntu:  11550K .......... .......... .......... .......... .......... 48% 33.8M 1s[0m
[1;31m==> amazon-ebs.ubuntu:  11600K .......... .......... .......... .......... .......... 48%  137M 1s[0m
[1;31m==> amazon-ebs.ubuntu:  11650K .......... .......... .......... .......... .......... 48% 74.8M 1s[0m
[1;31m==> amazon-ebs.ubuntu:  11700K .......... .......... .......... .......... .......... 48%  105M 1s[0m
[1;31m==> amazon-ebs.ubuntu:  11750K .......... .......... .......... .......... .......... 49% 63.4M 1s[0m
[1;31m==> amazon-ebs.ubuntu:  11800K .......... .......... .......... .......... .......... 49% 53.5M 1s[0m
[1;31m==> amazon-ebs.ubuntu:  11850K .......... .......... .......... .......... .......... 49% 57.6M 1s[0m
[1;31m==> amazon-ebs.ubuntu:  11900K .......... .......... .......... .......... .......... 49%  111M 1s[0m
[1;31m==> amazon-ebs.ubuntu:  11950K .......... .......... .......... .......... .......... 49% 48.2M 1s[0m
[1;31m==> amazon-ebs.ubuntu:  12000K .......... .......... .......... .......... .......... 50% 25.6M 1s[0m
[1;31m==> amazon-ebs.ubuntu:  12050K .......... .......... .......... .......... .......... 50%  119M 1s[0m
[1;31m==> amazon-ebs.ubuntu:  12100K .......... .......... .......... .......... .......... 50% 72.5M 1s[0m
[1;31m==> amazon-ebs.ubuntu:  12150K .......... .......... .......... .......... .......... 50% 78.7M 1s[0m
[1;31m==> amazon-ebs.ubuntu:  12200K .......... .......... .......... .......... .......... 50% 40.4M 1s[0m
[1;31m==> amazon-ebs.ubuntu:  12250K .......... .......... .......... .......... .......... 51% 42.3M 1s[0m
[1;31m==> amazon-ebs.ubuntu:  12300K .......... .......... .......... .......... .......... 51%  212M 1s[0m
[1;31m==> amazon-ebs.ubuntu:  12350K .......... .......... .......... .......... .......... 51% 49.0M 1s[0m
[1;31m==> amazon-ebs.ubuntu:  12400K .......... .......... .......... .......... .......... 51%  133M 1s[0m
[1;31m==> amazon-ebs.ubuntu:  12450K .......... .......... .......... .......... .......... 51% 43.1M 1s[0m
[1;31m==> amazon-ebs.ubuntu:  12500K .......... .......... .......... .......... .......... 52%  129M 1s[0m
[1;31m==> amazon-ebs.ubuntu:  12550K .......... .......... .......... .......... .......... 52% 33.3M 1s[0m
[1;31m==> amazon-ebs.ubuntu:  12600K .......... .......... .......... .......... .......... 52%  121M 1s[0m
[1;31m==> amazon-ebs.ubuntu:  12650K .......... .......... .......... .......... .......... 52% 56.7M 1s[0m
[1;31m==> amazon-ebs.ubuntu:  12700K .......... .......... .......... .......... .......... 52%  121M 1s[0m
[1;31m==> amazon-ebs.ubuntu:  12750K .......... .......... .......... .......... .......... 53% 36.5M 1s[0m
[1;31m==> amazon-ebs.ubuntu:  12800K .......... .......... .......... .......... .......... 53%  106M 1s[0m
[1;31m==> amazon-ebs.ubuntu:  12850K .......... .......... .......... .......... .......... 53%  231M 1s[0m
[1;31m==> amazon-ebs.ubuntu:  12900K .......... .......... .......... .......... .......... 53% 32.0M 1s[0m
[1;31m==> amazon-ebs.ubuntu:  12950K .......... .......... .......... .......... .......... 54%  168M 1s[0m
[1;31m==> amazon-ebs.ubuntu:  13000K .......... .......... .......... .......... .......... 54% 72.7M 1s[0m
[1;31m==> amazon-ebs.ubuntu:  13050K .......... .......... .......... .......... .......... 54% 47.9M 1s[0m
[1;31m==> amazon-ebs.ubuntu:  13100K .......... .......... .......... .......... .......... 54% 77.8M 1s[0m
[1;31m==> amazon-ebs.ubuntu:  13150K .......... .......... .......... .......... .......... 54% 46.4M 1s[0m
[1;31m==> amazon-ebs.ubuntu:  13200K .......... .......... .......... .......... .......... 55% 71.9M 1s[0m
[1;31m==> amazon-ebs.ubuntu:  13250K .......... .......... .......... .......... .......... 55%  157M 1s[0m
[1;31m==> amazon-ebs.ubuntu:  13300K .......... .......... .......... .......... .......... 55% 45.9M 1s[0m
[1;31m==> amazon-ebs.ubuntu:  13350K .......... .......... .......... .......... .......... 55% 24.8M 1s[0m
[1;31m==> amazon-ebs.ubuntu:  13400K .......... .......... .......... .......... .......... 55%  202M 1s[0m
[1;31m==> amazon-ebs.ubuntu:  13450K .......... .......... .......... .......... .......... 56% 51.1M 1s[0m
[1;31m==> amazon-ebs.ubuntu:  13500K .......... .......... .......... .......... .......... 56% 81.5M 1s[0m
[1;31m==> amazon-ebs.ubuntu:  13550K .......... .......... .......... .......... .......... 56%  230M 1s[0m
[1;31m==> amazon-ebs.ubuntu:  13600K .......... .......... .......... .......... .......... 56% 41.6M 1s[0m
[1;31m==> amazon-ebs.ubuntu:  13650K .......... .......... .......... .......... .......... 56% 41.8M 1s[0m
[1;31m==> amazon-ebs.ubuntu:  13700K .......... .......... .......... .......... .......... 57% 79.6M 1s[0m
[1;31m==> amazon-ebs.ubuntu:  13750K .......... .......... .......... .......... .......... 57%  231M 1s[0m
[1;31m==> amazon-ebs.ubuntu:  13800K .......... .......... .......... .......... .......... 57% 24.4M 1s[0m
[1;31m==> amazon-ebs.ubuntu:  13850K .......... .......... .......... .......... .......... 57%  155M 1s[0m
[1;31m==> amazon-ebs.ubuntu:  13900K .......... .......... .......... .......... .......... 57% 92.6M 1s[0m
[1;31m==> amazon-ebs.ubuntu:  13950K .......... .......... .......... .......... .......... 58% 37.8M 1s[0m
[1;31m==> amazon-ebs.ubuntu:  14000K .......... .......... .......... .......... .......... 58% 62.2M 1s[0m
[1;31m==> amazon-ebs.ubuntu:  14050K .......... .......... .......... .......... .......... 58%  180M 1s[0m
[1;31m==> amazon-ebs.ubuntu:  14100K .......... .......... .......... .......... .......... 58% 41.2M 1s[0m
[1;31m==> amazon-ebs.ubuntu:  14150K .......... .......... .......... .......... .......... 59% 62.2M 1s[0m
[1;31m==> amazon-ebs.ubuntu:  14200K .......... .......... .......... .......... .......... 59%  189M 1s[0m
[1;31m==> amazon-ebs.ubuntu:  14250K .......... .......... .......... .......... .......... 59% 32.2M 1s[0m
[1;31m==> amazon-ebs.ubuntu:  14300K .......... .......... .......... .......... .......... 59% 76.9M 1s[0m
[1;31m==> amazon-ebs.ubuntu:  14350K .......... .......... .......... .......... .......... 59%  247M 1s[0m
[1;31m==> amazon-ebs.ubuntu:  14400K .......... .......... .......... .......... .......... 60% 57.5M 1s[0m
[1;31m==> amazon-ebs.ubuntu:  14450K .......... .......... .......... .......... .......... 60% 80.9M 1s[0m
[1;31m==> amazon-ebs.ubuntu:  14500K .......... .......... .......... .......... .......... 60%  264M 1s[0m
[1;31m==> amazon-ebs.ubuntu:  14550K .......... .......... .......... .......... .......... 60% 24.2M 1s[0m
[1;31m==> amazon-ebs.ubuntu:  14600K .......... .......... .......... .......... .......... 60%  125M 1s[0m
[1;31m==> amazon-ebs.ubuntu:  14650K .......... .......... .......... .......... .......... 61% 73.2M 1s[0m
[1;31m==> amazon-ebs.ubuntu:  14700K .......... .......... .......... .......... .......... 61% 23.7M 1s[0m
[1;31m==> amazon-ebs.ubuntu:  14750K .......... .......... .......... .......... .......... 61%  199M 1s[0m
[1;31m==> amazon-ebs.ubuntu:  14800K .......... .......... .......... .......... .......... 61% 63.0M 1s[0m
[1;31m==> amazon-ebs.ubuntu:  14850K .......... .......... .......... .......... .......... 61% 49.5M 1s[0m
[1;31m==> amazon-ebs.ubuntu:  14900K .......... .......... .......... .......... .......... 62%  182M 1s[0m
[1;31m==> amazon-ebs.ubuntu:  14950K .......... .......... .......... .......... .......... 62% 28.3M 1s[0m
[1;31m==> amazon-ebs.ubuntu:  15000K .......... .......... .......... .......... .......... 62%  178M 1s[0m
[1;31m==> amazon-ebs.ubuntu:  15050K .......... .......... .......... .......... .......... 62% 36.6M 1s[0m
[1;31m==> amazon-ebs.ubuntu:  15100K .......... .......... .......... .......... .......... 62% 39.3M 1s[0m
[1;31m==> amazon-ebs.ubuntu:  15150K .......... .......... .......... .......... .......... 63%  112M 1s[0m
[1;31m==> amazon-ebs.ubuntu:  15200K .......... .......... .......... .......... .......... 63% 72.2M 1s[0m
[1;31m==> amazon-ebs.ubuntu:  15250K .......... .......... .......... .......... .......... 63%  176M 1s[0m
[1;31m==> amazon-ebs.ubuntu:  15300K .......... .......... .......... .......... .......... 63% 33.9M 1s[0m
[1;31m==> amazon-ebs.ubuntu:  15350K .......... .......... .......... .......... .......... 63%  121M 1s[0m
[1;31m==> amazon-ebs.ubuntu:  15400K .......... .......... .......... .......... .......... 64%  156M 1s[0m
[1;31m==> amazon-ebs.ubuntu:  15450K .......... .......... .......... .......... .......... 64% 84.0M 1s[0m
[1;31m==> amazon-ebs.ubuntu:  15500K .......... .......... .......... .......... .......... 64% 39.0M 1s[0m
[1;31m==> amazon-ebs.ubuntu:  15550K .......... .......... .......... .......... .......... 64% 24.9M 1s[0m
[1;31m==> amazon-ebs.ubuntu:  15600K .......... .......... .......... .......... .......... 65%  198M 1s[0m
[1;31m==> amazon-ebs.ubuntu:  15650K .......... .......... .......... .......... .......... 65%  152M 1s[0m
[1;31m==> amazon-ebs.ubuntu:  15700K .......... .......... .......... .......... .......... 65%  289M 1s[0m
[1;31m==> amazon-ebs.ubuntu:  15750K .......... .......... .......... .......... .......... 65% 72.4M 1s[0m
[1;31m==> amazon-ebs.ubuntu:  15800K .......... .......... .......... .......... .......... 65%  287M 1s[0m
[1;31m==> amazon-ebs.ubuntu:  15850K .......... .......... .......... .......... .......... 66% 65.9M 0s[0m
[1;31m==> amazon-ebs.ubuntu:  15900K .......... .......... .......... .......... .......... 66% 30.0M 0s[0m
[1;31m==> amazon-ebs.ubuntu:  15950K .......... .......... .......... .......... .......... 66% 35.6M 0s[0m
[1;31m==> amazon-ebs.ubuntu:  16000K .......... .......... .......... .......... .......... 66%  141M 0s[0m
[1;31m==> amazon-ebs.ubuntu:  16050K .......... .......... .......... .......... .......... 66% 35.2M 0s[0m
[1;31m==> amazon-ebs.ubuntu:  16100K .......... .......... .......... .......... .......... 67%  132M 0s[0m
[1;31m==> amazon-ebs.ubuntu:  16150K .......... .......... .......... .......... .......... 67% 59.4M 0s[0m
[1;31m==> amazon-ebs.ubuntu:  16200K .......... .......... .......... .......... .......... 67% 58.8M 0s[0m
[1;31m==> amazon-ebs.ubuntu:  16250K .......... .......... .......... .......... .......... 67% 20.8M 0s[0m
[1;31m==> amazon-ebs.ubuntu:  16300K .......... .......... .......... .......... .......... 67%  182M 0s[0m
[1;31m==> amazon-ebs.ubuntu:  16350K .......... .......... .......... .......... .......... 68%  180M 0s[0m
[1;31m==> amazon-ebs.ubuntu:  16400K .......... .......... .......... .......... .......... 68%  130M 0s[0m
[1;31m==> amazon-ebs.ubuntu:  16450K .......... .......... .......... .......... .......... 68% 26.9M 0s[0m
[1;31m==> amazon-ebs.ubuntu:  16500K .......... .......... .......... .......... .......... 68%  117M 0s[0m
[1;31m==> amazon-ebs.ubuntu:  16550K .......... .......... .......... .......... .......... 68% 51.8M 0s[0m
[1;31m==> amazon-ebs.ubuntu:  16600K .......... .......... .......... .......... .......... 69%  301M 0s[0m
[1;31m==> amazon-ebs.ubuntu:  16650K .......... .......... .......... .......... .......... 69% 28.8M 0s[0m
[1;31m==> amazon-ebs.ubuntu:  16700K .......... .......... .......... .......... .......... 69%  225M 0s[0m
[1;31m==> amazon-ebs.ubuntu:  16750K .......... .......... .......... .......... .......... 69%  216M 0s[0m
[1;31m==> amazon-ebs.ubuntu:  16800K .......... .......... .......... .......... .......... 70% 32.1M 0s[0m
[1;31m==> amazon-ebs.ubuntu:  16850K .......... .......... .......... .......... .......... 70%  124M 0s[0m
[1;31m==> amazon-ebs.ubuntu:  16900K .......... .......... .......... .......... .......... 70% 23.5M 0s[0m
[1;31m==> amazon-ebs.ubuntu:  16950K .......... .......... .......... .......... .......... 70%  191M 0s[0m
[1;31m==> amazon-ebs.ubuntu:  17000K .......... .......... .......... .......... .......... 70% 88.0M 0s[0m
[1;31m==> amazon-ebs.ubuntu:  17050K .......... .......... .......... .......... .......... 71% 66.8M 0s[0m
[1;31m==> amazon-ebs.ubuntu:  17100K .......... .......... .......... .......... .......... 71%  207M 0s[0m
[1;31m==> amazon-ebs.ubuntu:  17150K .......... .......... .......... .......... .......... 71% 61.0M 0s[0m
[1;31m==> amazon-ebs.ubuntu:  17200K .......... .......... .......... .......... .......... 71% 81.9M 0s[0m
[1;31m==> amazon-ebs.ubuntu:  17250K .......... .......... .......... .......... .......... 71% 57.9M 0s[0m
[1;31m==> amazon-ebs.ubuntu:  17300K .......... .......... .......... .......... .......... 72% 38.1M 0s[0m
[1;31m==> amazon-ebs.ubuntu:  17350K .......... .......... .......... .......... .......... 72%  285M 0s[0m
[1;31m==> amazon-ebs.ubuntu:  17400K .......... .......... .......... .......... .......... 72% 31.7M 0s[0m
[1;31m==> amazon-ebs.ubuntu:  17450K .......... .......... .......... .......... .......... 72%  137M 0s[0m
[1;31m==> amazon-ebs.ubuntu:  17500K .......... .......... .......... .......... .......... 72% 64.6M 0s[0m
[1;31m==> amazon-ebs.ubuntu:  17550K .......... .......... .......... .......... .......... 73% 46.5M 0s[0m
[1;31m==> amazon-ebs.ubuntu:  17600K .......... .......... .......... .......... .......... 73%  262M 0s[0m
[1;31m==> amazon-ebs.ubuntu:  17650K .......... .......... .......... .......... .......... 73% 26.7M 0s[0m
[1;31m==> amazon-ebs.ubuntu:  17700K .......... .......... .......... .......... .......... 73% 75.5M 0s[0m
[1;31m==> amazon-ebs.ubuntu:  17750K .......... .......... .......... .......... .......... 73% 52.0M 0s[0m
[1;31m==> amazon-ebs.ubuntu:  17800K .......... .......... .......... .......... .......... 74%  165M 0s[0m
[1;31m==> amazon-ebs.ubuntu:  17850K .......... .......... .......... .......... .......... 74% 22.7M 0s[0m
[1;31m==> amazon-ebs.ubuntu:  17900K .......... .......... .......... .......... .......... 74%  176M 0s[0m
[1;31m==> amazon-ebs.ubuntu:  17950K .......... .......... .......... .......... .......... 74% 41.3M 0s[0m
[1;31m==> amazon-ebs.ubuntu:  18000K .......... .......... .......... .......... .......... 75%  129M 0s[0m
[1;31m==> amazon-ebs.ubuntu:  18050K .......... .......... .......... .......... .......... 75%  115M 0s[0m
[1;31m==> amazon-ebs.ubuntu:  18100K .......... .......... .......... .......... .......... 75%  294M 0s[0m
[1;31m==> amazon-ebs.ubuntu:  18150K .......... .......... .......... .......... .......... 75% 32.8M 0s[0m
[1;31m==> amazon-ebs.ubuntu:  18200K .......... .......... .......... .......... .......... 75%  218M 0s[0m
[1;31m==> amazon-ebs.ubuntu:  18250K .......... .......... .......... .......... .......... 76%  119M 0s[0m
[1;31m==> amazon-ebs.ubuntu:  18300K .......... .......... .......... .......... .......... 76% 21.4M 0s[0m
[1;31m==> amazon-ebs.ubuntu:  18350K .......... .......... .......... .......... .......... 76%  163M 0s[0m
[1;31m==> amazon-ebs.ubuntu:  18400K .......... .......... .......... .......... .......... 76% 54.7M 0s[0m
[1;31m==> amazon-ebs.ubuntu:  18450K .......... .......... .......... .......... .......... 76%  199M 0s[0m
[1;31m==> amazon-ebs.ubuntu:  18500K .......... .......... .......... .......... .......... 77% 66.1M 0s[0m
[1;31m==> amazon-ebs.ubuntu:  18550K .......... .......... .......... .......... .......... 77%  217M 0s[0m
[1;31m==> amazon-ebs.ubuntu:  18600K .......... .......... .......... .......... .......... 77% 50.1M 0s[0m
[1;31m==> amazon-ebs.ubuntu:  18650K .......... .......... .......... .......... .......... 77% 68.1M 0s[0m
[1;31m==> amazon-ebs.ubuntu:  18700K .......... .......... .......... .......... .......... 77%  245M 0s[0m
[1;31m==> amazon-ebs.ubuntu:  18750K .......... .......... .......... .......... .......... 78% 37.1M 0s[0m
[1;31m==> amazon-ebs.ubuntu:  18800K .......... .......... .......... .......... .......... 78% 27.6M 0s[0m
[1;31m==> amazon-ebs.ubuntu:  18850K .......... .......... .......... .......... .......... 78%  140M 0s[0m
[1;31m==> amazon-ebs.ubuntu:  18900K .......... .......... .......... .......... .......... 78% 58.9M 0s[0m
[1;31m==> amazon-ebs.ubuntu:  18950K .......... .......... .......... .......... .......... 78%  180M 0s[0m
[1;31m==> amazon-ebs.ubuntu:  19000K .......... .......... .......... .......... .......... 79% 24.9M 0s[0m
[1;31m==> amazon-ebs.ubuntu:  19050K .......... .......... .......... .......... .......... 79% 66.6M 0s[0m
[1;31m==> amazon-ebs.ubuntu:  19100K .......... .......... .......... .......... .......... 79% 68.8M 0s[0m
[1;31m==> amazon-ebs.ubuntu:  19150K .......... .......... .......... .......... .......... 79%  135M 0s[0m
[1;31m==> amazon-ebs.ubuntu:  19200K .......... .......... .......... .......... .......... 79% 44.7M 0s[0m
[1;31m==> amazon-ebs.ubuntu:  19250K .......... .......... .......... .......... .......... 80%  204M 0s[0m
[1;31m==> amazon-ebs.ubuntu:  19300K .......... .......... .......... .......... .......... 80% 18.3M 0s[0m
[1;31m==> amazon-ebs.ubuntu:  19350K .......... .......... .......... .......... .......... 80%  202M 0s[0m
[1;31m==> amazon-ebs.ubuntu:  19400K .......... .......... .......... .......... .......... 80% 89.3M 0s[0m
[1;31m==> amazon-ebs.ubuntu:  19450K .......... .......... .......... .......... .......... 81% 61.7M 0s[0m
[1;31m==> amazon-ebs.ubuntu:  19500K .......... .......... .......... .......... .......... 81% 70.4M 0s[0m
[1;31m==> amazon-ebs.ubuntu:  19550K .......... .......... .......... .......... .......... 81%  124M 0s[0m
[1;31m==> amazon-ebs.ubuntu:  19600K .......... .......... .......... .......... .......... 81% 85.6M 0s[0m
[1;31m==> amazon-ebs.ubuntu:  19650K .......... .......... .......... .......... .......... 81% 26.3M 0s[0m
[1;31m==> amazon-ebs.ubuntu:  19700K .......... .......... .......... .......... .......... 82%  209M 0s[0m
[1;31m==> amazon-ebs.ubuntu:  19750K .......... .......... .......... .......... .......... 82% 50.2M 0s[0m
[1;31m==> amazon-ebs.ubuntu:  19800K .......... .......... .......... .......... .......... 82%  166M 0s[0m
[1;31m==> amazon-ebs.ubuntu:  19850K .......... .......... .......... .......... .......... 82% 77.5M 0s[0m
[1;31m==> amazon-ebs.ubuntu:  19900K .......... .......... .......... .......... .......... 82% 50.4M 0s[0m
[1;31m==> amazon-ebs.ubuntu:  19950K .......... .......... .......... .......... .......... 83%  144M 0s[0m
[1;31m==> amazon-ebs.ubuntu:  20000K .......... .......... .......... .......... .......... 83% 91.8M 0s[0m
[1;31m==> amazon-ebs.ubuntu:  20050K .......... .......... .......... .......... .......... 83% 81.2M 0s[0m
[1;31m==> amazon-ebs.ubuntu:  20100K .......... .......... .......... .......... .......... 83% 51.2M 0s[0m
[1;31m==> amazon-ebs.ubuntu:  20150K .......... .......... .......... .......... .......... 83% 27.2M 0s[0m
[1;31m==> amazon-ebs.ubuntu:  20200K .......... .......... .......... .......... .......... 84%  199M 0s[0m
[1;31m==> amazon-ebs.ubuntu:  20250K .......... .......... .......... .......... .......... 84% 72.3M 0s[0m
[1;31m==> amazon-ebs.ubuntu:  20300K .......... .......... .......... .......... .......... 84% 66.4M 0s[0m
[1;31m==> amazon-ebs.ubuntu:  20350K .......... .......... .......... .......... .......... 84%  217M 0s[0m
[1;31m==> amazon-ebs.ubuntu:  20400K .......... .......... .......... .......... .......... 84% 22.7M 0s[0m
[1;31m==> amazon-ebs.ubuntu:  20450K .......... .......... .......... .......... .......... 85%  193M 0s[0m
[1;31m==> amazon-ebs.ubuntu:  20500K .......... .......... .......... .......... .......... 85% 46.3M 0s[0m
[1;31m==> amazon-ebs.ubuntu:  20550K .......... .......... .......... .......... .......... 85% 68.8M 0s[0m
[1;31m==> amazon-ebs.ubuntu:  20600K .......... .......... .......... .......... .......... 85% 18.9M 0s[0m
[1;31m==> amazon-ebs.ubuntu:  20650K .......... .......... .......... .......... .......... 86%  102M 0s[0m
[1;31m==> amazon-ebs.ubuntu:  20700K .......... .......... .......... .......... .......... 86% 46.9M 0s[0m
[1;31m==> amazon-ebs.ubuntu:  20750K .......... .......... .......... .......... .......... 86%  258M 0s[0m
[1;31m==> amazon-ebs.ubuntu:  20800K .......... .......... .......... .......... .......... 86%  233M 0s[0m
[1;31m==> amazon-ebs.ubuntu:  20850K .......... .......... .......... .......... .......... 86% 54.7M 0s[0m
[1;31m==> amazon-ebs.ubuntu:  20900K .......... .......... .......... .......... .......... 87%  129M 0s[0m
[1;31m==> amazon-ebs.ubuntu:  20950K .......... .......... .......... .......... .......... 87% 67.1M 0s[0m
[1;31m==> amazon-ebs.ubuntu:  21000K .......... .......... .......... .......... .......... 87% 28.5M 0s[0m
[1;31m==> amazon-ebs.ubuntu:  21050K .......... .......... .......... .......... .......... 87%  122M 0s[0m
[1;31m==> amazon-ebs.ubuntu:  21100K .......... .......... .......... .......... .......... 87% 52.2M 0s[0m
[1;31m==> amazon-ebs.ubuntu:  21150K .......... .......... .......... .......... .......... 88%  200M 0s[0m
[1;31m==> amazon-ebs.ubuntu:  21200K .......... .......... .......... .......... .......... 88%  232M 0s[0m
[1;31m==> amazon-ebs.ubuntu:  21250K .......... .......... .......... .......... .......... 88% 45.6M 0s[0m
[1;31m==> amazon-ebs.ubuntu:  21300K .......... .......... .......... .......... .......... 88%  170M 0s[0m
[1;31m==> amazon-ebs.ubuntu:  21350K .......... .......... .......... .......... .......... 88% 61.4M 0s[0m
[1;31m==> amazon-ebs.ubuntu:  21400K .......... .......... .......... .......... .......... 89%  208M 0s[0m
[1;31m==> amazon-ebs.ubuntu:  21450K .......... .......... .......... .......... .......... 89% 59.6M 0s[0m
[1;31m==> amazon-ebs.ubuntu:  21500K .......... .......... .......... .......... .......... 89% 21.6M 0s[0m
[1;31m==> amazon-ebs.ubuntu:  21550K .......... .......... .......... .......... .......... 89%  136M 0s[0m
[1;31m==> amazon-ebs.ubuntu:  21600K .......... .......... .......... .......... .......... 89%  129M 0s[0m
[1;31m==> amazon-ebs.ubuntu:  21650K .......... .......... .......... .......... .......... 90% 39.6M 0s[0m
[1;31m==> amazon-ebs.ubuntu:  21700K .......... .......... .......... .......... .......... 90%  203M 0s[0m
[1;31m==> amazon-ebs.ubuntu:  21750K .......... .......... .......... .......... .......... 90% 27.5M 0s[0m
[1;31m==> amazon-ebs.ubuntu:  21800K .......... .......... .......... .......... .......... 90% 42.9M 0s[0m
[1;31m==> amazon-ebs.ubuntu:  21850K .......... .......... .......... .......... .......... 91%  145M 0s[0m
[1;31m==> amazon-ebs.ubuntu:  21900K .......... .......... .......... .......... .......... 91% 53.5M 0s[0m
[1;31m==> amazon-ebs.ubuntu:  21950K .......... .......... .......... .......... .......... 91%  302M 0s[0m
[1;31m==> amazon-ebs.ubuntu:  22000K .......... .......... .......... .......... .......... 91% 21.0M 0s[0m
[1;31m==> amazon-ebs.ubuntu:  22050K .......... .......... .......... .......... .......... 91% 42.9M 0s[0m
[1;31m==> amazon-ebs.ubuntu:  22100K .......... .......... .......... .......... .......... 92% 75.4M 0s[0m
[1;31m==> amazon-ebs.ubuntu:  22150K .......... .......... .......... .......... .......... 92%  285M 0s[0m
[1;31m==> amazon-ebs.ubuntu:  22200K .......... .......... .......... .......... .......... 92% 61.5M 0s[0m
[1;31m==> amazon-ebs.ubuntu:  22250K .......... .......... .......... .......... .......... 92% 58.0M 0s[0m
[1;31m==> amazon-ebs.ubuntu:  22300K .......... .......... .......... .......... .......... 92%  217M 0s[0m
[1;31m==> amazon-ebs.ubuntu:  22350K .......... .......... .......... .......... .......... 93%  105M 0s[0m
[1;31m==> amazon-ebs.ubuntu:  22400K .......... .......... .......... .......... .......... 93% 30.4M 0s[0m
[1;31m==> amazon-ebs.ubuntu:  22450K .......... .......... .......... .......... .......... 93%  187M 0s[0m
[1;31m==> amazon-ebs.ubuntu:  22500K .......... .......... .......... .......... .......... 93% 49.3M 0s[0m
[1;31m==> amazon-ebs.ubuntu:  22550K .......... .......... .......... .......... .......... 93% 89.1M 0s[0m
[1;31m==> amazon-ebs.ubuntu:  22600K .......... .......... .......... .......... .......... 94%  164M 0s[0m
[1;31m==> amazon-ebs.ubuntu:  22650K .......... .......... .......... .......... .......... 94% 56.4M 0s[0m
[1;31m==> amazon-ebs.ubuntu:  22700K .......... .......... .......... .......... .......... 94% 34.8M 0s[0m
[1;31m==> amazon-ebs.ubuntu:  22750K .......... .......... .......... .......... .......... 94%  189M 0s[0m
[1;31m==> amazon-ebs.ubuntu:  22800K .......... .......... .......... .......... .......... 94% 64.4M 0s[0m
[1;31m==> amazon-ebs.ubuntu:  22850K .......... .......... .......... .......... .......... 95% 35.8M 0s[0m
[1;31m==> amazon-ebs.ubuntu:  22900K .......... .......... .......... .......... .......... 95% 74.8M 0s[0m
[1;31m==> amazon-ebs.ubuntu:  22950K .......... .......... .......... .......... .......... 95%  239M 0s[0m
[1;31m==> amazon-ebs.ubuntu:  23000K .......... .......... .......... .......... .......... 95% 90.6M 0s[0m
[1;31m==> amazon-ebs.ubuntu:  23050K .......... .......... .......... .......... .......... 95% 43.4M 0s[0m
[1;31m==> amazon-ebs.ubuntu:  23100K .......... .......... .......... .......... .......... 96% 40.5M 0s[0m
[1;31m==> amazon-ebs.ubuntu:  23150K .......... .......... .......... .......... .......... 96% 29.0M 0s[0m
[1;31m==> amazon-ebs.ubuntu:  23200K .......... .......... .......... .......... .......... 96%  228M 0s[0m
[1;31m==> amazon-ebs.ubuntu:  23250K .......... .......... .......... .......... .......... 96% 68.1M 0s[0m
[1;31m==> amazon-ebs.ubuntu:  23300K .......... .......... .......... .......... .......... 97% 19.6M 0s[0m
[1;31m==> amazon-ebs.ubuntu:  23350K .......... .......... .......... .......... .......... 97%  163M 0s[0m
[1;31m==> amazon-ebs.ubuntu:  23400K .......... .......... .......... .......... .......... 97% 44.3M 0s[0m
[1;31m==> amazon-ebs.ubuntu:  23450K .......... .......... .......... .......... .......... 97% 74.0M 0s[0m
[1;31m==> amazon-ebs.ubuntu:  23500K .......... .......... .......... .......... .......... 97%  227M 0s[0m
[1;31m==> amazon-ebs.ubuntu:  23550K .......... .......... .......... .......... .......... 98% 89.1M 0s[0m
[1;31m==> amazon-ebs.ubuntu:  23600K .......... .......... .......... .......... .......... 98% 88.7M 0s[0m
[1;31m==> amazon-ebs.ubuntu:  23650K .......... .......... .......... .......... .......... 98% 50.0M 0s[0m
[1;31m==> amazon-ebs.ubuntu:  23700K .......... .......... .......... .......... .......... 98%  212M 0s[0m
[1;31m==> amazon-ebs.ubuntu:  23750K .......... .......... .......... .......... .......... 98% 36.6M 0s[0m
[1;31m==> amazon-ebs.ubuntu:  23800K .......... .......... .......... .......... .......... 99%  158M 0s[0m
[1;31m==> amazon-ebs.ubuntu:  23850K .......... .......... .......... .......... .......... 99% 48.8M 0s[0m
[1;31m==> amazon-ebs.ubuntu:  23900K .......... .......... .......... .......... .......... 99% 59.2M 0s[0m
[1;31m==> amazon-ebs.ubuntu:  23950K .......... .......... .......... .......... .......... 99%  144M 0s[0m
[1;31m==> amazon-ebs.ubuntu:  24000K .......... .......... .......... .......... .......... 99%  135M 0s[0m
[1;31m==> amazon-ebs.ubuntu:  24050K .......... ..                                         100%  237M=1.1s[0m
[1;31m==> amazon-ebs.ubuntu:[0m
[1;31m==> amazon-ebs.ubuntu: 2024-09-11 02:35:12 (21.4 MB/s) - ‘latest.tar.gz’ saved [24640061/24640061][0m
[1;31m==> amazon-ebs.ubuntu:[0m
[0;32m    amazon-ebs.ubuntu: wordpress/[0m
[0;32m    amazon-ebs.ubuntu: wordpress/xmlrpc.php[0m
[0;32m    amazon-ebs.ubuntu: wordpress/wp-blog-header.php[0m
[0;32m    amazon-ebs.ubuntu: wordpress/readme.html[0m
[0;32m    amazon-ebs.ubuntu: wordpress/wp-signup.php[0m
[0;32m    amazon-ebs.ubuntu: wordpress/index.php[0m
[0;32m    amazon-ebs.ubuntu: wordpress/wp-cron.php[0m
[0;32m    amazon-ebs.ubuntu: wordpress/wp-config-sample.php[0m
[0;32m    amazon-ebs.ubuntu: wordpress/wp-login.php[0m
[0;32m    amazon-ebs.ubuntu: wordpress/wp-settings.php[0m
[0;32m    amazon-ebs.ubuntu: wordpress/license.txt[0m
[0;32m    amazon-ebs.ubuntu: wordpress/wp-content/[0m
[0;32m    amazon-ebs.ubuntu: wordpress/wp-content/themes/[0m
[0;32m    amazon-ebs.ubuntu: wordpress/wp-content/themes/twentytwentythree/[0m
[0;32m    amazon-ebs.ubuntu: wordpress/wp-content/themes/twentytwentythree/theme.json[0m
[0;32m    amazon-ebs.ubuntu: wordpress/wp-content/themes/twentytwentythree/parts/[0m
[0;32m    amazon-ebs.ubuntu: wordpress/wp-content/themes/twentytwentythree/parts/footer.html[0m
[0;32m    amazon-ebs.ubuntu: wordpress/wp-content/themes/twentytwentythree/parts/comments.html[0m
[0;32m    amazon-ebs.ubuntu: wordpress/wp-content/themes/twentytwentythree/parts/header.html[0m
[0;32m    amazon-ebs.ubuntu: wordpress/wp-content/themes/twentytwentythree/parts/post-meta.html[0m
[0;32m    amazon-ebs.ubuntu: wordpress/wp-content/themes/twentytwentythree/patterns/[0m
[0;32m    amazon-ebs.ubuntu: wordpress/wp-content/themes/twentytwentythree/patterns/hidden-404.php[0m
[0;32m    amazon-ebs.ubuntu: wordpress/wp-content/themes/twentytwentythree/patterns/post-meta.php[0m
[0;32m    amazon-ebs.ubuntu: wordpress/wp-content/themes/twentytwentythree/patterns/hidden-no-results.php[0m
[0;32m    amazon-ebs.ubuntu: wordpress/wp-content/themes/twentytwentythree/patterns/call-to-action.php[0m
[0;32m    amazon-ebs.ubuntu: wordpress/wp-content/themes/twentytwentythree/patterns/footer-default.php[0m
[0;32m    amazon-ebs.ubuntu: wordpress/wp-content/themes/twentytwentythree/patterns/hidden-comments.php[0m
[0;32m    amazon-ebs.ubuntu: wordpress/wp-content/themes/twentytwentythree/styles/[0m
[0;32m    amazon-ebs.ubuntu: wordpress/wp-content/themes/twentytwentythree/styles/sherbet.json[0m
[0;32m    amazon-ebs.ubuntu: wordpress/wp-content/themes/twentytwentythree/styles/grapes.json[0m
[0;32m    amazon-ebs.ubuntu: wordpress/wp-content/themes/twentytwentythree/styles/canary.json[0m
[0;32m    amazon-ebs.ubuntu: wordpress/wp-content/themes/twentytwentythree/styles/electric.json[0m
[0;32m    amazon-ebs.ubuntu: wordpress/wp-content/themes/twentytwentythree/styles/pitch.json[0m
[0;32m    amazon-ebs.ubuntu: wordpress/wp-content/themes/twentytwentythree/styles/block-out.json[0m
[0;32m    amazon-ebs.ubuntu: wordpress/wp-content/themes/twentytwentythree/styles/whisper.json[0m
[0;32m    amazon-ebs.ubuntu: wordpress/wp-content/themes/twentytwentythree/styles/marigold.json[0m
[0;32m    amazon-ebs.ubuntu: wordpress/wp-content/themes/twentytwentythree/styles/aubergine.json[0m
[0;32m    amazon-ebs.ubuntu: wordpress/wp-content/themes/twentytwentythree/styles/pilgrimage.json[0m
[0;32m    amazon-ebs.ubuntu: wordpress/wp-content/themes/twentytwentythree/assets/[0m
[0;32m    amazon-ebs.ubuntu: wordpress/wp-content/themes/twentytwentythree/assets/fonts/[0m
[0;32m    amazon-ebs.ubuntu: wordpress/wp-content/themes/twentytwentythree/assets/fonts/source-serif-pro/[0m
[0;32m    amazon-ebs.ubuntu: wordpress/wp-content/themes/twentytwentythree/assets/fonts/source-serif-pro/SourceSerif4Variable-Roman.ttf.woff2[0m
[0;32m    amazon-ebs.ubuntu: wordpress/wp-content/themes/twentytwentythree/assets/fonts/source-serif-pro/SourceSerif4Variable-Italic.otf.woff2[0m
[0;32m    amazon-ebs.ubuntu: wordpress/wp-content/themes/twentytwentythree/assets/fonts/source-serif-pro/SourceSerif4Variable-Italic.ttf.woff2[0m
[0;32m    amazon-ebs.ubuntu: wordpress/wp-content/themes/twentytwentythree/assets/fonts/source-serif-pro/SourceSerif4Variable-Roman.otf.woff2[0m
[0;32m    amazon-ebs.ubuntu: wordpress/wp-content/themes/twentytwentythree/assets/fonts/source-serif-pro/LICENSE.md[0m
[0;32m    amazon-ebs.ubuntu: wordpress/wp-content/themes/twentytwentythree/assets/fonts/ibm-plex-mono/[0m
[0;32m    amazon-ebs.ubuntu: wordpress/wp-content/themes/twentytwentythree/assets/fonts/ibm-plex-mono/IBMPlexMono-Italic.woff2[0m
[0;32m    amazon-ebs.ubuntu: wordpress/wp-content/themes/twentytwentythree/assets/fonts/ibm-plex-mono/IBMPlexMono-Regular.woff2[0m
[0;32m    amazon-ebs.ubuntu: wordpress/wp-content/themes/twentytwentythree/assets/fonts/ibm-plex-mono/OFL.txt[0m
[0;32m    amazon-ebs.ubuntu: wordpress/wp-content/themes/twentytwentythree/assets/fonts/ibm-plex-mono/IBMPlexMono-Light.woff2[0m
[0;32m    amazon-ebs.ubuntu: wordpress/wp-content/themes/twentytwentythree/assets/fonts/ibm-plex-mono/IBMPlexMono-Bold.woff2[0m
[0;32m    amazon-ebs.ubuntu: wordpress/wp-content/themes/twentytwentythree/assets/fonts/inter/[0m
[0;32m    amazon-ebs.ubuntu: wordpress/wp-content/themes/twentytwentythree/assets/fonts/inter/LICENSE.txt[0m
[0;32m    amazon-ebs.ubuntu: wordpress/wp-content/themes/twentytwentythree/assets/fonts/inter/Inter-VariableFont_slnt,wght.ttf[0m
[0;32m    amazon-ebs.ubuntu: wordpress/wp-content/themes/twentytwentythree/assets/fonts/dm-sans/[0m
[0;32m    amazon-ebs.ubuntu: wordpress/wp-content/themes/twentytwentythree/assets/fonts/dm-sans/DMSans-Regular-Italic.woff2[0m
[0;32m    amazon-ebs.ubuntu: wordpress/wp-content/themes/twentytwentythree/assets/fonts/dm-sans/DMSans-Bold.woff2[0m
[0;32m    amazon-ebs.ubuntu: wordpress/wp-content/themes/twentytwentythree/assets/fonts/dm-sans/LICENSE.txt[0m
[0;32m    amazon-ebs.ubuntu: wordpress/wp-content/themes/twentytwentythree/assets/fonts/dm-sans/DMSans-Bold-Italic.woff2[0m
[0;32m    amazon-ebs.ubuntu: wordpress/wp-content/themes/twentytwentythree/assets/fonts/dm-sans/DMSans-Regular.woff2[0m
[0;32m    amazon-ebs.ubuntu: wordpress/wp-content/themes/twentytwentythree/screenshot.png[0m
[0;32m    amazon-ebs.ubuntu: wordpress/wp-content/themes/twentytwentythree/readme.txt[0m
[0;32m    amazon-ebs.ubuntu: wordpress/wp-content/themes/twentytwentythree/templates/[0m
[0;32m    amazon-ebs.ubuntu: wordpress/wp-content/themes/twentytwentythree/templates/blank.html[0m
[0;32m    amazon-ebs.ubuntu: wordpress/wp-content/themes/twentytwentythree/templates/page.html[0m
[0;32m    amazon-ebs.ubuntu: wordpress/wp-content/themes/twentytwentythree/templates/index.html[0m
[0;32m    amazon-ebs.ubuntu: wordpress/wp-content/themes/twentytwentythree/templates/blog-alternative.html[0m
[0;32m    amazon-ebs.ubuntu: wordpress/wp-content/themes/twentytwentythree/templates/archive.html[0m
[0;32m    amazon-ebs.ubuntu: wordpress/wp-content/themes/twentytwentythree/templates/search.html[0m
[0;32m    amazon-ebs.ubuntu: wordpress/wp-content/themes/twentytwentythree/templates/single.html[0m
[0;32m    amazon-ebs.ubuntu: wordpress/wp-content/themes/twentytwentythree/templates/404.html[0m
[0;32m    amazon-ebs.ubuntu: wordpress/wp-content/themes/twentytwentythree/templates/home.html[0m
[0;32m    amazon-ebs.ubuntu: wordpress/wp-content/themes/twentytwentythree/style.css[0m
[0;32m    amazon-ebs.ubuntu: wordpress/wp-content/themes/twentytwentytwo/[0m
[0;32m    amazon-ebs.ubuntu: wordpress/wp-content/themes/twentytwentytwo/theme.json[0m
[0;32m    amazon-ebs.ubuntu: wordpress/wp-content/themes/twentytwentytwo/inc/[0m
[0;32m    amazon-ebs.ubuntu: wordpress/wp-content/themes/twentytwentytwo/inc/patterns/[0m
[0;32m    amazon-ebs.ubuntu: wordpress/wp-content/themes/twentytwentytwo/inc/patterns/hidden-404.php[0m
[0;32m    amazon-ebs.ubuntu: wordpress/wp-content/themes/twentytwentytwo/inc/patterns/header-text-only-with-tagline-black-background.php[0m
[0;32m    amazon-ebs.ubuntu: wordpress/wp-content/themes/twentytwentytwo/inc/patterns/page-layout-two-columns.php[0m
[0;32m    amazon-ebs.ubuntu: wordpress/wp-content/themes/twentytwentytwo/inc/patterns/general-wide-image-intro-buttons.php[0m
[0;32m    amazon-ebs.ubuntu: wordpress/wp-content/themes/twentytwentytwo/inc/patterns/header-logo-navigation-social-black-background.php[0m
[0;32m    amazon-ebs.ubuntu: wordpress/wp-content/themes/twentytwentytwo/inc/patterns/query-simple-blog.php[0m
[0;32m    amazon-ebs.ubuntu: wordpress/wp-content/themes/twentytwentytwo/inc/patterns/footer-social-copyright.php[0m
[0;32m    amazon-ebs.ubuntu: wordpress/wp-content/themes/twentytwentytwo/inc/patterns/header-logo-navigation-offset-tagline.php[0m
[0;32m    amazon-ebs.ubuntu: wordpress/wp-content/themes/twentytwentytwo/inc/patterns/footer-navigation.php[0m
[0;32m    amazon-ebs.ubuntu: wordpress/wp-content/themes/twentytwentytwo/inc/patterns/query-large-titles.php[0m
[0;32m    amazon-ebs.ubuntu: wordpress/wp-content/themes/twentytwentytwo/inc/patterns/page-sidebar-blog-posts.php[0m
[0;32m    amazon-ebs.ubuntu: wordpress/wp-content/themes/twentytwentytwo/inc/patterns/query-image-grid.php[0m
[0;32m    amazon-ebs.ubuntu: wordpress/wp-content/themes/twentytwentytwo/inc/patterns/query-grid.php[0m
[0;32m    amazon-ebs.ubuntu: wordpress/wp-content/themes/twentytwentytwo/inc/patterns/page-about-media-left.php[0m
[0;32m    amazon-ebs.ubuntu: wordpress/wp-content/themes/twentytwentytwo/inc/patterns/header-small-dark.php[0m
[0;32m    amazon-ebs.ubuntu: wordpress/wp-content/themes/twentytwentytwo/inc/patterns/header-with-tagline.php[0m
[0;32m    amazon-ebs.ubuntu: wordpress/wp-content/themes/twentytwentytwo/inc/patterns/page-sidebar-poster.php[0m
[0;32m    amazon-ebs.ubuntu: wordpress/wp-content/themes/twentytwentytwo/inc/patterns/general-featured-posts.php[0m
[0;32m    amazon-ebs.ubuntu: wordpress/wp-content/themes/twentytwentytwo/inc/patterns/footer-query-title-citation.php[0m
[0;32m    amazon-ebs.ubuntu: wordpress/wp-content/themes/twentytwentytwo/inc/patterns/general-list-events.php[0m
[0;32m    amazon-ebs.ubuntu: wordpress/wp-content/themes/twentytwentytwo/inc/patterns/general-subscribe.php[0m
[0;32m    amazon-ebs.ubuntu: wordpress/wp-content/themes/twentytwentytwo/inc/patterns/general-image-with-caption.php[0m
[0;32m    amazon-ebs.ubuntu: wordpress/wp-content/themes/twentytwentytwo/inc/patterns/page-sidebar-grid-posts.php[0m
[0;32m    amazon-ebs.ubuntu: wordpress/wp-content/themes/twentytwentytwo/inc/patterns/page-about-links.php[0m
[0;32m    amazon-ebs.ubuntu: wordpress/wp-content/themes/twentytwentytwo/inc/patterns/header-centered-logo.php[0m
[0;32m    amazon-ebs.ubuntu: wordpress/wp-content/themes/twentytwentytwo/inc/patterns/general-video-header-details.php[0m
[0;32m    amazon-ebs.ubuntu: wordpress/wp-content/themes/twentytwentytwo/inc/patterns/header-text-only-salmon-background.php[0m
[0;32m    amazon-ebs.ubuntu: wordpress/wp-content/themes/twentytwentytwo/inc/patterns/header-title-navigation-social.php[0m
[0;32m    amazon-ebs.ubuntu: wordpress/wp-content/themes/twentytwentytwo/inc/patterns/footer-dark.php[0m
[0;32m    amazon-ebs.ubuntu: wordpress/wp-content/themes/twentytwentytwo/inc/patterns/header-text-only-green-background.php[0m
[0;32m    amazon-ebs.ubuntu: wordpress/wp-content/themes/twentytwentytwo/inc/patterns/footer-default.php[0m
[0;32m    amazon-ebs.ubuntu: wordpress/wp-content/themes/twentytwentytwo/inc/patterns/general-video-trailer.php[0m
[0;32m    amazon-ebs.ubuntu: wordpress/wp-content/themes/twentytwentytwo/inc/patterns/footer-query-images-title-citation.php[0m
[0;32m    amazon-ebs.ubuntu: wordpress/wp-content/themes/twentytwentytwo/inc/patterns/page-about-links-dark.php[0m
[0;32m    amazon-ebs.ubuntu: wordpress/wp-content/themes/twentytwentytwo/inc/patterns/hidden-bird.php[0m
[0;32m    amazon-ebs.ubuntu: wordpress/wp-content/themes/twentytwentytwo/inc/patterns/page-layout-image-and-text.php[0m
[0;32m    amazon-ebs.ubuntu: wordpress/wp-content/themes/twentytwentytwo/inc/patterns/header-large-dark.php[0m
[0;32m    amazon-ebs.ubuntu: wordpress/wp-content/themes/twentytwentytwo/inc/patterns/page-about-large-image-and-buttons.php[0m
[0;32m    amazon-ebs.ubuntu: wordpress/wp-content/themes/twentytwentytwo/inc/patterns/general-pricing-table.php[0m
[0;32m    amazon-ebs.ubuntu: wordpress/wp-content/themes/twentytwentytwo/inc/patterns/page-about-media-right.php[0m
[0;32m    amazon-ebs.ubuntu: wordpress/wp-content/themes/twentytwentytwo/inc/patterns/general-layered-images-with-duotone.php[0m
[0;32m    amazon-ebs.ubuntu: wordpress/wp-content/themes/twentytwentytwo/inc/patterns/header-logo-navigation-gray-background.php[0m
[0;32m    amazon-ebs.ubuntu: wordpress/wp-content/themes/twentytwentytwo/inc/patterns/footer-title-tagline-social.php[0m
[0;32m    amazon-ebs.ubuntu: wordpress/wp-content/themes/twentytwentytwo/inc/patterns/header-centered-title-navigation-social.php[0m
[0;32m    amazon-ebs.ubuntu: wordpress/wp-content/themes/twentytwentytwo/inc/patterns/general-divider-dark.php[0m
[0;32m    amazon-ebs.ubuntu: wordpress/wp-content/themes/twentytwentytwo/inc/patterns/page-about-simple-dark.php[0m
[0;32m    amazon-ebs.ubuntu: wordpress/wp-content/themes/twentytwentytwo/inc/patterns/query-default.php[0m
[0;32m    amazon-ebs.ubuntu: wordpress/wp-content/themes/twentytwentytwo/inc/patterns/general-two-images-text.php[0m
[0;32m    amazon-ebs.ubuntu: wordpress/wp-content/themes/twentytwentytwo/inc/patterns/query-text-grid.php[0m
[0;32m    amazon-ebs.ubuntu: wordpress/wp-content/themes/twentytwentytwo/inc/patterns/header-stacked.php[0m
[0;32m    amazon-ebs.ubuntu: wordpress/wp-content/themes/twentytwentytwo/inc/patterns/footer-about-title-logo.php[0m
[0;32m    amazon-ebs.ubuntu: wordpress/wp-content/themes/twentytwentytwo/inc/patterns/header-default.php[0m
[0;32m    amazon-ebs.ubuntu: wordpress/wp-content/themes/twentytwentytwo/inc/patterns/page-about-solid-color.php[0m
[0;32m    amazon-ebs.ubuntu: wordpress/wp-content/themes/twentytwentytwo/inc/patterns/query-irregular-grid.php[0m
[0;32m    amazon-ebs.ubuntu: wordpress/wp-content/themes/twentytwentytwo/inc/patterns/footer-blog.php[0m
[0;32m    amazon-ebs.ubuntu: wordpress/wp-content/themes/twentytwentytwo/inc/patterns/general-large-list-names.php[0m
[0;32m    amazon-ebs.ubuntu: wordpress/wp-content/themes/twentytwentytwo/inc/patterns/header-title-and-button.php[0m
[0;32m    amazon-ebs.ubuntu: wordpress/wp-content/themes/twentytwentytwo/inc/patterns/hidden-heading-and-bird.php[0m
[0;32m    amazon-ebs.ubuntu: wordpress/wp-content/themes/twentytwentytwo/inc/patterns/header-centered-logo-black-background.php[0m
[0;32m    amazon-ebs.ubuntu: wordpress/wp-content/themes/twentytwentytwo/inc/patterns/footer-navigation-copyright.php[0m
[0;32m    amazon-ebs.ubuntu: wordpress/wp-content/themes/twentytwentytwo/inc/patterns/header-image-background-overlay.php[0m
[0;32m    amazon-ebs.ubuntu: wordpress/wp-content/themes/twentytwentytwo/inc/patterns/page-sidebar-blog-posts-right.php[0m
[0;32m    amazon-ebs.ubuntu: wordpress/wp-content/themes/twentytwentytwo/inc/patterns/general-divider-light.php[0m
[0;32m    amazon-ebs.ubuntu: wordpress/wp-content/themes/twentytwentytwo/inc/patterns/footer-logo.php[0m
[0;32m    amazon-ebs.ubuntu: wordpress/wp-content/themes/twentytwentytwo/inc/patterns/page-layout-image-text-and-video.php[0m
[0;32m    amazon-ebs.ubuntu: wordpress/wp-content/themes/twentytwentytwo/inc/patterns/header-image-background.php[0m
[0;32m    amazon-ebs.ubuntu: wordpress/wp-content/themes/twentytwentytwo/inc/block-patterns.php[0m
[0;32m    amazon-ebs.ubuntu: wordpress/wp-content/themes/twentytwentytwo/parts/[0m
[0;32m    amazon-ebs.ubuntu: wordpress/wp-content/themes/twentytwentytwo/parts/header-small-dark.html[0m
[0;32m    amazon-ebs.ubuntu: wordpress/wp-content/themes/twentytwentytwo/parts/header-large-dark.html[0m
[0;32m    amazon-ebs.ubuntu: wordpress/wp-content/themes/twentytwentytwo/parts/footer.html[0m
[0;32m    amazon-ebs.ubuntu: wordpress/wp-content/themes/twentytwentytwo/parts/header.html[0m
[0;32m    amazon-ebs.ubuntu: wordpress/wp-content/themes/twentytwentytwo/styles/[0m
[0;32m    amazon-ebs.ubuntu: wordpress/wp-content/themes/twentytwentytwo/styles/swiss.json[0m
[0;32m    amazon-ebs.ubuntu: wordpress/wp-content/themes/twentytwentytwo/styles/blue.json[0m
[0;32m    amazon-ebs.ubuntu: wordpress/wp-content/themes/twentytwentytwo/styles/pink.json[0m
[0;32m    amazon-ebs.ubuntu: wordpress/wp-content/themes/twentytwentytwo/assets/[0m
[0;32m    amazon-ebs.ubuntu: wordpress/wp-content/themes/twentytwentytwo/assets/images/[0m
[0;32m    amazon-ebs.ubuntu: wordpress/wp-content/themes/twentytwentytwo/assets/images/divider-white.png[0m
[0;32m    amazon-ebs.ubuntu: wordpress/wp-content/themes/twentytwentytwo/assets/images/flight-path-on-gray-a.jpg[0m
[0;32m    amazon-ebs.ubuntu: wordpress/wp-content/themes/twentytwentytwo/assets/images/bird-on-gray.jpg[0m
[0;32m    amazon-ebs.ubuntu: wordpress/wp-content/themes/twentytwentytwo/assets/images/flight-path-on-transparent-d.png[0m
[0;32m    amazon-ebs.ubuntu: wordpress/wp-content/themes/twentytwentytwo/assets/images/icon-bird.jpg[0m
[0;32m    amazon-ebs.ubuntu: wordpress/wp-content/themes/twentytwentytwo/assets/images/flight-path-on-gray-c.jpg[0m
[0;32m    amazon-ebs.ubuntu: wordpress/wp-content/themes/twentytwentytwo/assets/images/flight-path-on-transparent-b.png[0m
[0;32m    amazon-ebs.ubuntu: wordpress/wp-content/themes/twentytwentytwo/assets/images/flight-path-on-transparent-a.png[0m
[0;32m    amazon-ebs.ubuntu: wordpress/wp-content/themes/twentytwentytwo/assets/images/bird-on-green.jpg[0m
[0;32m    amazon-ebs.ubuntu: wordpress/wp-content/themes/twentytwentytwo/assets/images/flight-path-on-gray-b.jpg[0m
[0;32m    amazon-ebs.ubuntu: wordpress/wp-content/themes/twentytwentytwo/assets/images/bird-on-salmon.jpg[0m
[0;32m    amazon-ebs.ubuntu: wordpress/wp-content/themes/twentytwentytwo/assets/images/flight-path-on-salmon.jpg[0m
[0;32m    amazon-ebs.ubuntu: wordpress/wp-content/themes/twentytwentytwo/assets/images/divider-black.png[0m
[0;32m    amazon-ebs.ubuntu: wordpress/wp-content/themes/twentytwentytwo/assets/images/ducks.jpg[0m
[0;32m    amazon-ebs.ubuntu: wordpress/wp-content/themes/twentytwentytwo/assets/images/icon-binoculars.png[0m
[0;32m    amazon-ebs.ubuntu: wordpress/wp-content/themes/twentytwentytwo/assets/images/flight-path-on-transparent-c.png[0m
[0;32m    amazon-ebs.ubuntu: wordpress/wp-content/themes/twentytwentytwo/assets/images/bird-on-black.jpg[0m
[0;32m    amazon-ebs.ubuntu: wordpress/wp-content/themes/twentytwentytwo/assets/videos/[0m
[0;32m    amazon-ebs.ubuntu: wordpress/wp-content/themes/twentytwentytwo/assets/videos/birds.mp4[0m
[0;32m    amazon-ebs.ubuntu: wordpress/wp-content/themes/twentytwentytwo/assets/fonts/[0m
[0;32m    amazon-ebs.ubuntu: wordpress/wp-content/themes/twentytwentytwo/assets/fonts/SourceSerif4Variable-Roman.ttf.woff2[0m
[0;32m    amazon-ebs.ubuntu: wordpress/wp-content/themes/twentytwentytwo/assets/fonts/SourceSerif4Variable-Italic.otf.woff2[0m
[0;32m    amazon-ebs.ubuntu: wordpress/wp-content/themes/twentytwentytwo/assets/fonts/SourceSerif4Variable-Italic.ttf.woff2[0m
[0;32m    amazon-ebs.ubuntu: wordpress/wp-content/themes/twentytwentytwo/assets/fonts/source-serif-pro/[0m
[0;32m    amazon-ebs.ubuntu: wordpress/wp-content/themes/twentytwentytwo/assets/fonts/source-serif-pro/SourceSerif4Variable-Roman.ttf.woff2[0m
[0;32m    amazon-ebs.ubuntu: wordpress/wp-content/themes/twentytwentytwo/assets/fonts/source-serif-pro/SourceSerif4Variable-Italic.otf.woff2[0m
[0;32m    amazon-ebs.ubuntu: wordpress/wp-content/themes/twentytwentytwo/assets/fonts/source-serif-pro/SourceSerif4Variable-Italic.ttf.woff2[0m
[0;32m    amazon-ebs.ubuntu: wordpress/wp-content/themes/twentytwentytwo/assets/fonts/source-serif-pro/SourceSerif4Variable-Roman.otf.woff2[0m
[0;32m    amazon-ebs.ubuntu: wordpress/wp-content/themes/twentytwentytwo/assets/fonts/source-serif-pro/LICENSE.md[0m
[0;32m    amazon-ebs.ubuntu: wordpress/wp-content/themes/twentytwentytwo/assets/fonts/ibm-plex/[0m
[0;32m    amazon-ebs.ubuntu: wordpress/wp-content/themes/twentytwentytwo/assets/fonts/ibm-plex/IBMPlexSans-ExtraLightItalic.woff2[0m
[0;32m    amazon-ebs.ubuntu: wordpress/wp-content/themes/twentytwentytwo/assets/fonts/ibm-plex/IBMPlexSans-LightItalic.woff2[0m
[0;32m    amazon-ebs.ubuntu: wordpress/wp-content/themes/twentytwentytwo/assets/fonts/ibm-plex/IBMPlexSans-Light.woff2[0m
[0;32m    amazon-ebs.ubuntu: wordpress/wp-content/themes/twentytwentytwo/assets/fonts/ibm-plex/IBMPlexMono-BoldItalic.woff2[0m
[0;32m    amazon-ebs.ubuntu: wordpress/wp-content/themes/twentytwentytwo/assets/fonts/ibm-plex/IBMPlexMono-TextItalic.woff2[0m
[0;32m    amazon-ebs.ubuntu: wordpress/wp-content/themes/twentytwentytwo/assets/fonts/ibm-plex/IBMPlexMono-Text.woff2[0m
[0;32m    amazon-ebs.ubuntu: wordpress/wp-content/themes/twentytwentytwo/assets/fonts/ibm-plex/LICENSE.txt[0m
[0;32m    amazon-ebs.ubuntu: wordpress/wp-content/themes/twentytwentytwo/assets/fonts/ibm-plex/IBMPlexMono-Bold.woff2[0m
[0;32m    amazon-ebs.ubuntu: wordpress/wp-content/themes/twentytwentytwo/assets/fonts/ibm-plex/IBMPlexSans-ExtraLight.woff2[0m
[0;32m    amazon-ebs.ubuntu: wordpress/wp-content/themes/twentytwentytwo/assets/fonts/SourceSerif4Variable-Roman.otf.woff2[0m
[0;32m    amazon-ebs.ubuntu: wordpress/wp-content/themes/twentytwentytwo/assets/fonts/inter/[0m
[0;32m    amazon-ebs.ubuntu: wordpress/wp-content/themes/twentytwentytwo/assets/fonts/inter/Inter.ttf[0m
[0;32m    amazon-ebs.ubuntu: wordpress/wp-content/themes/twentytwentytwo/assets/fonts/inter/LICENSE.txt[0m
[0;32m    amazon-ebs.ubuntu: wordpress/wp-content/themes/twentytwentytwo/assets/fonts/dm-sans/[0m
[0;32m    amazon-ebs.ubuntu: wordpress/wp-content/themes/twentytwentytwo/assets/fonts/dm-sans/DMSans-BoldItalic.ttf[0m
[0;32m    amazon-ebs.ubuntu: wordpress/wp-content/themes/twentytwentytwo/assets/fonts/dm-sans/DMSans-Bold.ttf[0m
[0;32m    amazon-ebs.ubuntu: wordpress/wp-content/themes/twentytwentytwo/assets/fonts/dm-sans/DMSans-Italic.ttf[0m
[0;32m    amazon-ebs.ubuntu: wordpress/wp-content/themes/twentytwentytwo/assets/fonts/dm-sans/DMSans-Regular.ttf[0m
[0;32m    amazon-ebs.ubuntu: wordpress/wp-content/themes/twentytwentytwo/assets/fonts/dm-sans/LICENSE.txt[0m
[0;32m    amazon-ebs.ubuntu: wordpress/wp-content/themes/twentytwentytwo/screenshot.png[0m
[0;32m    amazon-ebs.ubuntu: wordpress/wp-content/themes/twentytwentytwo/index.php[0m
[0;32m    amazon-ebs.ubuntu: wordpress/wp-content/themes/twentytwentytwo/functions.php[0m
[0;32m    amazon-ebs.ubuntu: wordpress/wp-content/themes/twentytwentytwo/readme.txt[0m
[0;32m    amazon-ebs.ubuntu: wordpress/wp-content/themes/twentytwentytwo/templates/[0m
[0;32m    amazon-ebs.ubuntu: wordpress/wp-content/themes/twentytwentytwo/templates/blank.html[0m
[0;32m    amazon-ebs.ubuntu: wordpress/wp-content/themes/twentytwentytwo/templates/page-no-separators.html[0m
[0;32m    amazon-ebs.ubuntu: wordpress/wp-content/themes/twentytwentytwo/templates/page.html[0m
[0;32m    amazon-ebs.ubuntu: wordpress/wp-content/themes/twentytwentytwo/templates/index.html[0m
[0;32m    amazon-ebs.ubuntu: wordpress/wp-content/themes/twentytwentytwo/templates/single-no-separators.html[0m
[0;32m    amazon-ebs.ubuntu: wordpress/wp-content/themes/twentytwentytwo/templates/archive.html[0m
[0;32m    amazon-ebs.ubuntu: wordpress/wp-content/themes/twentytwentytwo/templates/search.html[0m
[0;32m    amazon-ebs.ubuntu: wordpress/wp-content/themes/twentytwentytwo/templates/page-large-header.html[0m
[0;32m    amazon-ebs.ubuntu: wordpress/wp-content/themes/twentytwentytwo/templates/single.html[0m
[0;32m    amazon-ebs.ubuntu: wordpress/wp-content/themes/twentytwentytwo/templates/404.html[0m
[0;32m    amazon-ebs.ubuntu: wordpress/wp-content/themes/twentytwentytwo/templates/home.html[0m
[0;32m    amazon-ebs.ubuntu: wordpress/wp-content/themes/twentytwentytwo/style.css[0m
[0;32m    amazon-ebs.ubuntu: wordpress/wp-content/themes/index.php[0m
[0;32m    amazon-ebs.ubuntu: wordpress/wp-content/themes/twentytwentyfour/[0m
[0;32m    amazon-ebs.ubuntu: wordpress/wp-content/themes/twentytwentyfour/theme.json[0m
[0;32m    amazon-ebs.ubuntu: wordpress/wp-content/themes/twentytwentyfour/parts/[0m
[0;32m    amazon-ebs.ubuntu: wordpress/wp-content/themes/twentytwentyfour/parts/sidebar.html[0m
[0;32m    amazon-ebs.ubuntu: wordpress/wp-content/themes/twentytwentyfour/parts/footer.html[0m
[0;32m    amazon-ebs.ubuntu: wordpress/wp-content/themes/twentytwentyfour/parts/header.html[0m
[0;32m    amazon-ebs.ubuntu: wordpress/wp-content/themes/twentytwentyfour/parts/post-meta.html[0m
[0;32m    amazon-ebs.ubuntu: wordpress/wp-content/themes/twentytwentyfour/patterns/[0m
[0;32m    amazon-ebs.ubuntu: wordpress/wp-content/themes/twentytwentyfour/patterns/cta-pricing.php[0m
[0;32m    amazon-ebs.ubuntu: wordpress/wp-content/themes/twentytwentyfour/patterns/page-home-portfolio-gallery.php[0m
[0;32m    amazon-ebs.ubuntu: wordpress/wp-content/themes/twentytwentyfour/patterns/template-home-blogging.php[0m
[0;32m    amazon-ebs.ubuntu: wordpress/wp-content/themes/twentytwentyfour/patterns/template-home-portfolio.php[0m
[0;32m    amazon-ebs.ubuntu: wordpress/wp-content/themes/twentytwentyfour/patterns/hidden-404.php[0m
[0;32m    amazon-ebs.ubuntu: wordpress/wp-content/themes/twentytwentyfour/patterns/posts-1-col.php[0m
[0;32m    amazon-ebs.ubuntu: wordpress/wp-content/themes/twentytwentyfour/patterns/footer.php[0m
[0;32m    amazon-ebs.ubuntu: wordpress/wp-content/themes/twentytwentyfour/patterns/template-search-blogging.php[0m
[0;32m    amazon-ebs.ubuntu: wordpress/wp-content/themes/twentytwentyfour/patterns/template-search-portfolio.php[0m
[0;32m    amazon-ebs.ubuntu: wordpress/wp-content/themes/twentytwentyfour/patterns/gallery-project-layout.php[0m
[0;32m    amazon-ebs.ubuntu: wordpress/wp-content/themes/twentytwentyfour/patterns/hidden-post-navigation.php[0m
[0;32m    amazon-ebs.ubuntu: wordpress/wp-content/themes/twentytwentyfour/patterns/team-4-col.php[0m
[0;32m    amazon-ebs.ubuntu: wordpress/wp-content/themes/twentytwentyfour/patterns/text-centered-statement-small.php[0m
[0;32m    amazon-ebs.ubuntu: wordpress/wp-content/themes/twentytwentyfour/patterns/page-home-business.php[0m
[0;32m    amazon-ebs.ubuntu: wordpress/wp-content/themes/twentytwentyfour/patterns/banner-project-description.php[0m
[0;32m    amazon-ebs.ubuntu: wordpress/wp-content/themes/twentytwentyfour/patterns/text-centered-statement.php[0m
[0;32m    amazon-ebs.ubuntu: wordpress/wp-content/themes/twentytwentyfour/patterns/template-index-blogging.php[0m
[0;32m    amazon-ebs.ubuntu: wordpress/wp-content/themes/twentytwentyfour/patterns/posts-images-only-offset-4-col.php[0m
[0;32m    amazon-ebs.ubuntu: wordpress/wp-content/themes/twentytwentyfour/patterns/page-home-blogging.php[0m
[0;32m    amazon-ebs.ubuntu: wordpress/wp-content/themes/twentytwentyfour/patterns/hidden-search.php[0m
[0;32m    amazon-ebs.ubuntu: wordpress/wp-content/themes/twentytwentyfour/patterns/template-archive-blogging.php[0m
[0;32m    amazon-ebs.ubuntu: wordpress/wp-content/themes/twentytwentyfour/patterns/banner-hero.php[0m
[0;32m    amazon-ebs.ubuntu: wordpress/wp-content/themes/twentytwentyfour/patterns/gallery-offset-images-grid-3-col.php[0m
[0;32m    amazon-ebs.ubuntu: wordpress/wp-content/themes/twentytwentyfour/patterns/text-project-details.php[0m
[0;32m    amazon-ebs.ubuntu: wordpress/wp-content/themes/twentytwentyfour/patterns/hidden-no-results.php[0m
[0;32m    amazon-ebs.ubuntu: wordpress/wp-content/themes/twentytwentyfour/patterns/gallery-full-screen-image.php[0m
[0;32m    amazon-ebs.ubuntu: wordpress/wp-content/themes/twentytwentyfour/patterns/posts-list.php[0m
[0;32m    amazon-ebs.ubuntu: wordpress/wp-content/themes/twentytwentyfour/patterns/text-title-left-image-right.php[0m
[0;32m    amazon-ebs.ubuntu: wordpress/wp-content/themes/twentytwentyfour/patterns/page-portfolio-overview.php[0m
[0;32m    amazon-ebs.ubuntu: wordpress/wp-content/themes/twentytwentyfour/patterns/template-home-business.php[0m
[0;32m    amazon-ebs.ubuntu: wordpress/wp-content/themes/twentytwentyfour/patterns/page-home-portfolio.php[0m
[0;32m    amazon-ebs.ubuntu: wordpress/wp-content/themes/twentytwentyfour/patterns/page-newsletter-landing.php[0m
[0;32m    amazon-ebs.ubuntu: wordpress/wp-content/themes/twentytwentyfour/patterns/hidden-post-meta.php[0m
[0;32m    amazon-ebs.ubuntu: wordpress/wp-content/themes/twentytwentyfour/patterns/posts-grid-2-col.php[0m
[0;32m    amazon-ebs.ubuntu: wordpress/wp-content/themes/twentytwentyfour/patterns/cta-subscribe-centered.php[0m
[0;32m    amazon-ebs.ubuntu: wordpress/wp-content/themes/twentytwentyfour/patterns/page-rsvp-landing.php[0m
[0;32m    amazon-ebs.ubuntu: wordpress/wp-content/themes/twentytwentyfour/patterns/cta-services-image-left.php[0m
[0;32m    amazon-ebs.ubuntu: wordpress/wp-content/themes/twentytwentyfour/patterns/template-archive-portfolio.php[0m
[0;32m    amazon-ebs.ubuntu: wordpress/wp-content/themes/twentytwentyfour/patterns/cta-content-image-on-right.php[0m
[0;32m    amazon-ebs.ubuntu: wordpress/wp-content/themes/twentytwentyfour/patterns/gallery-offset-images-grid-4-col.php[0m
[0;32m    amazon-ebs.ubuntu: wordpress/wp-content/themes/twentytwentyfour/patterns/footer-colophon-3-col.php[0m
[0;32m    amazon-ebs.ubuntu: wordpress/wp-content/themes/twentytwentyfour/patterns/text-alternating-images.php[0m
[0;32m    amazon-ebs.ubuntu: wordpress/wp-content/themes/twentytwentyfour/patterns/hidden-comments.php[0m
[0;32m    amazon-ebs.ubuntu: wordpress/wp-content/themes/twentytwentyfour/patterns/footer-centered-logo-nav.php[0m
[0;32m    amazon-ebs.ubuntu: wordpress/wp-content/themes/twentytwentyfour/patterns/text-feature-grid-3-col.php[0m
[0;32m    amazon-ebs.ubuntu: wordpress/wp-content/themes/twentytwentyfour/patterns/posts-3-col.php[0m
[0;32m    amazon-ebs.ubuntu: wordpress/wp-content/themes/twentytwentyfour/patterns/hidden-portfolio-hero.php[0m
[0;32m    amazon-ebs.ubuntu: wordpress/wp-content/themes/twentytwentyfour/patterns/cta-rsvp.php[0m
[0;32m    amazon-ebs.ubuntu: wordpress/wp-content/themes/twentytwentyfour/patterns/template-index-portfolio.php[0m
[0;32m    amazon-ebs.ubuntu: wordpress/wp-content/themes/twentytwentyfour/patterns/testimonial-centered.php[0m
[0;32m    amazon-ebs.ubuntu: wordpress/wp-content/themes/twentytwentyfour/patterns/template-single-portfolio.php[0m
[0;32m    amazon-ebs.ubuntu: wordpress/wp-content/themes/twentytwentyfour/patterns/gallery-offset-images-grid-2-col.php[0m
[0;32m    amazon-ebs.ubuntu: wordpress/wp-content/themes/twentytwentyfour/patterns/hidden-sidebar.php[0m
[0;32m    amazon-ebs.ubuntu: wordpress/wp-content/themes/twentytwentyfour/patterns/posts-images-only-3-col.php[0m
[0;32m    amazon-ebs.ubuntu: wordpress/wp-content/themes/twentytwentyfour/patterns/page-about-business.php[0m
[0;32m    amazon-ebs.ubuntu: wordpress/wp-content/themes/twentytwentyfour/patterns/text-faq.php[0m
[0;32m    amazon-ebs.ubuntu: wordpress/wp-content/themes/twentytwentyfour/styles/[0m
[0;32m    amazon-ebs.ubuntu: wordpress/wp-content/themes/twentytwentyfour/styles/rust.json[0m
[0;32m    amazon-ebs.ubuntu: wordpress/wp-content/themes/twentytwentyfour/styles/maelstrom.json[0m
[0;32m    amazon-ebs.ubuntu: wordpress/wp-content/themes/twentytwentyfour/styles/onyx.json[0m
[0;32m    amazon-ebs.ubuntu: wordpress/wp-content/themes/twentytwentyfour/styles/fossil.json[0m
[0;32m    amazon-ebs.ubuntu: wordpress/wp-content/themes/twentytwentyfour/styles/ice.json[0m
[0;32m    amazon-ebs.ubuntu: wordpress/wp-content/themes/twentytwentyfour/styles/mint.json[0m
[0;32m    amazon-ebs.ubuntu: wordpress/wp-content/themes/twentytwentyfour/styles/ember.json[0m
[0;32m    amazon-ebs.ubuntu: wordpress/wp-content/themes/twentytwentyfour/assets/[0m
[0;32m    amazon-ebs.ubuntu: wordpress/wp-content/themes/twentytwentyfour/assets/images/[0m
[0;32m    amazon-ebs.ubuntu: wordpress/wp-content/themes/twentytwentyfour/assets/images/windows.webp[0m
[0;32m    amazon-ebs.ubuntu: wordpress/wp-content/themes/twentytwentyfour/assets/images/museum.webp[0m
[0;32m    amazon-ebs.ubuntu: wordpress/wp-content/themes/twentytwentyfour/assets/images/art-gallery.webp[0m
[0;32m    amazon-ebs.ubuntu: wordpress/wp-content/themes/twentytwentyfour/assets/images/abstract-geometric-art.webp[0m
[0;32m    amazon-ebs.ubuntu: wordpress/wp-content/themes/twentytwentyfour/assets/images/green-staircase.webp[0m
[0;32m    amazon-ebs.ubuntu: wordpress/wp-content/themes/twentytwentyfour/assets/images/icon-message.webp[0m
[0;32m    amazon-ebs.ubuntu: wordpress/wp-content/themes/twentytwentyfour/assets/images/building-exterior.webp[0m
[0;32m    amazon-ebs.ubuntu: wordpress/wp-content/themes/twentytwentyfour/assets/images/tourist-and-building.webp[0m
[0;32m    amazon-ebs.ubuntu: wordpress/wp-content/themes/twentytwentyfour/assets/images/hotel-facade.webp[0m
[0;32m    amazon-ebs.ubuntu: wordpress/wp-content/themes/twentytwentyfour/assets/images/angular-roof.webp[0m
[0;32m    amazon-ebs.ubuntu: wordpress/wp-content/themes/twentytwentyfour/assets/css/[0m
[0;32m    amazon-ebs.ubuntu: wordpress/wp-content/themes/twentytwentyfour/assets/css/button-outline.css[0m
[0;32m    amazon-ebs.ubuntu: wordpress/wp-content/themes/twentytwentyfour/assets/fonts/[0m
[0;32m    amazon-ebs.ubuntu: wordpress/wp-content/themes/twentytwentyfour/assets/fonts/instrument-sans/[0m
[0;32m    amazon-ebs.ubuntu: wordpress/wp-content/themes/twentytwentyfour/assets/fonts/instrument-sans/InstrumentSans-VariableFont_wdth,wght.woff2[0m
[0;32m    amazon-ebs.ubuntu: wordpress/wp-content/themes/twentytwentyfour/assets/fonts/instrument-sans/InstrumentSans-Italic-VariableFont_wdth,wght.woff2[0m
[0;32m    amazon-ebs.ubuntu: wordpress/wp-content/themes/twentytwentyfour/assets/fonts/instrument-sans/OFL.txt[0m
[0;32m    amazon-ebs.ubuntu: wordpress/wp-content/themes/twentytwentyfour/assets/fonts/jost/[0m
[0;32m    amazon-ebs.ubuntu: wordpress/wp-content/themes/twentytwentyfour/assets/fonts/jost/Jost-Italic-VariableFont_wght.woff2[0m
[0;32m    amazon-ebs.ubuntu: wordpress/wp-content/themes/twentytwentyfour/assets/fonts/jost/OFL.txt[0m
[0;32m    amazon-ebs.ubuntu: wordpress/wp-content/themes/twentytwentyfour/assets/fonts/jost/Jost-VariableFont_wght.woff2[0m
[0;32m    amazon-ebs.ubuntu: wordpress/wp-content/themes/twentytwentyfour/assets/fonts/cardo/[0m
[0;32m    amazon-ebs.ubuntu: wordpress/wp-content/themes/twentytwentyfour/assets/fonts/cardo/cardo_normal_400.woff2[0m
[0;32m    amazon-ebs.ubuntu: wordpress/wp-content/themes/twentytwentyfour/assets/fonts/cardo/LICENSE.txt[0m
[0;32m    amazon-ebs.ubuntu: wordpress/wp-content/themes/twentytwentyfour/assets/fonts/cardo/cardo_italic_400.woff2[0m
[0;32m    amazon-ebs.ubuntu: wordpress/wp-content/themes/twentytwentyfour/assets/fonts/cardo/cardo_normal_700.woff2[0m
[0;32m    amazon-ebs.ubuntu: wordpress/wp-content/themes/twentytwentyfour/assets/fonts/inter/[0m
[0;32m    amazon-ebs.ubuntu: wordpress/wp-content/themes/twentytwentyfour/assets/fonts/inter/LICENSE.txt[0m
[0;32m    amazon-ebs.ubuntu: wordpress/wp-content/themes/twentytwentyfour/assets/fonts/inter/Inter-VariableFont_slnt,wght.woff2[0m
[0;32m    amazon-ebs.ubuntu: wordpress/wp-content/themes/twentytwentyfour/screenshot.png[0m
[0;32m    amazon-ebs.ubuntu: wordpress/wp-content/themes/twentytwentyfour/functions.php[0m
[0;32m    amazon-ebs.ubuntu: wordpress/wp-content/themes/twentytwentyfour/readme.txt[0m
[0;32m    amazon-ebs.ubuntu: wordpress/wp-content/themes/twentytwentyfour/templates/[0m
[0;32m    amazon-ebs.ubuntu: wordpress/wp-content/themes/twentytwentyfour/templates/page.html[0m
[0;32m    amazon-ebs.ubuntu: wordpress/wp-content/themes/twentytwentyfour/templates/index.html[0m
[0;32m    amazon-ebs.ubuntu: wordpress/wp-content/themes/twentytwentyfour/templates/single-with-sidebar.html[0m
[0;32m    amazon-ebs.ubuntu: wordpress/wp-content/themes/twentytwentyfour/templates/page-wide.html[0m
[0;32m    amazon-ebs.ubuntu: wordpress/wp-content/themes/twentytwentyfour/templates/page-with-sidebar.html[0m
[0;32m    amazon-ebs.ubuntu: wordpress/wp-content/themes/twentytwentyfour/templates/archive.html[0m
[0;32m    amazon-ebs.ubuntu: wordpress/wp-content/themes/twentytwentyfour/templates/page-no-title.html[0m
[0;32m    amazon-ebs.ubuntu: wordpress/wp-content/themes/twentytwentyfour/templates/search.html[0m
[0;32m    amazon-ebs.ubuntu: wordpress/wp-content/themes/twentytwentyfour/templates/single.html[0m
[0;32m    amazon-ebs.ubuntu: wordpress/wp-content/themes/twentytwentyfour/templates/404.html[0m
[0;32m    amazon-ebs.ubuntu: wordpress/wp-content/themes/twentytwentyfour/templates/home.html[0m
[0;32m    amazon-ebs.ubuntu: wordpress/wp-content/themes/twentytwentyfour/style.css[0m
[0;32m    amazon-ebs.ubuntu: wordpress/wp-content/index.php[0m
[0;32m    amazon-ebs.ubuntu: wordpress/wp-content/plugins/[0m
[0;32m    amazon-ebs.ubuntu: wordpress/wp-content/plugins/akismet/[0m
[0;32m    amazon-ebs.ubuntu: wordpress/wp-content/plugins/akismet/akismet.php[0m
[0;32m    amazon-ebs.ubuntu: wordpress/wp-content/plugins/akismet/.htaccess[0m
[0;32m    amazon-ebs.ubuntu: wordpress/wp-content/plugins/akismet/class.akismet-admin.php[0m
[0;32m    amazon-ebs.ubuntu: wordpress/wp-content/plugins/akismet/class.akismet-cli.php[0m
[0;32m    amazon-ebs.ubuntu: wordpress/wp-content/plugins/akismet/class.akismet-widget.php[0m
[0;32m    amazon-ebs.ubuntu: wordpress/wp-content/plugins/akismet/class.akismet.php[0m
[0;32m    amazon-ebs.ubuntu: wordpress/wp-content/plugins/akismet/views/[0m
[0;32m    amazon-ebs.ubuntu: wordpress/wp-content/plugins/akismet/views/title.php[0m
[0;32m    amazon-ebs.ubuntu: wordpress/wp-content/plugins/akismet/views/connect-jp.php[0m
[0;32m    amazon-ebs.ubuntu: wordpress/wp-content/plugins/akismet/views/notice.php[0m
[0;32m    amazon-ebs.ubuntu: wordpress/wp-content/plugins/akismet/views/config.php[0m
[0;32m    amazon-ebs.ubuntu: wordpress/wp-content/plugins/akismet/views/stats.php[0m
[0;32m    amazon-ebs.ubuntu: wordpress/wp-content/plugins/akismet/views/logo.php[0m
[0;32m    amazon-ebs.ubuntu: wordpress/wp-content/plugins/akismet/views/activate.php[0m
[0;32m    amazon-ebs.ubuntu: wordpress/wp-content/plugins/akismet/views/get.php[0m
[0;32m    amazon-ebs.ubuntu: wordpress/wp-content/plugins/akismet/views/setup.php[0m
[0;32m    amazon-ebs.ubuntu: wordpress/wp-content/plugins/akismet/views/predefined.php[0m
[0;32m    amazon-ebs.ubuntu: wordpress/wp-content/plugins/akismet/views/enter.php[0m
[0;32m    amazon-ebs.ubuntu: wordpress/wp-content/plugins/akismet/views/start.php[0m
[0;32m    amazon-ebs.ubuntu: wordpress/wp-content/plugins/akismet/_inc/[0m
[0;32m    amazon-ebs.ubuntu: wordpress/wp-content/plugins/akismet/_inc/rtl/[0m
[0;32m    amazon-ebs.ubuntu: wordpress/wp-content/plugins/akismet/_inc/rtl/akismet-rtl.css[0m
[0;32m    amazon-ebs.ubuntu: wordpress/wp-content/plugins/akismet/_inc/rtl/akismet-admin-rtl.css[0m
[0;32m    amazon-ebs.ubuntu: wordpress/wp-content/plugins/akismet/_inc/akismet.css[0m
[0;32m    amazon-ebs.ubuntu: wordpress/wp-content/plugins/akismet/_inc/img/[0m
[0;32m    amazon-ebs.ubuntu: wordpress/wp-content/plugins/akismet/_inc/img/akismet-refresh-logo@2x.png[0m
[0;32m    amazon-ebs.ubuntu: wordpress/wp-content/plugins/akismet/_inc/img/akismet-refresh-logo.svg[0m
[0;32m    amazon-ebs.ubuntu: wordpress/wp-content/plugins/akismet/_inc/img/arrow-left.svg[0m
[0;32m    amazon-ebs.ubuntu: wordpress/wp-content/plugins/akismet/_inc/img/logo-full-2x.png[0m
[0;32m    amazon-ebs.ubuntu: wordpress/wp-content/plugins/akismet/_inc/img/logo-a-2x.png[0m
[0;32m    amazon-ebs.ubuntu: wordpress/wp-content/plugins/akismet/_inc/img/icon-external.svg[0m
[0;32m    amazon-ebs.ubuntu: wordpress/wp-content/plugins/akismet/_inc/fonts/[0m
[0;32m    amazon-ebs.ubuntu: wordpress/wp-content/plugins/akismet/_inc/fonts/inter.css[0m
[0;32m    amazon-ebs.ubuntu: wordpress/wp-content/plugins/akismet/_inc/akismet-admin.css[0m
[0;32m    amazon-ebs.ubuntu: wordpress/wp-content/plugins/akismet/_inc/akismet-frontend.js[0m
[0;32m    amazon-ebs.ubuntu: wordpress/wp-content/plugins/akismet/_inc/akismet-admin.js[0m
[0;32m    amazon-ebs.ubuntu: wordpress/wp-content/plugins/akismet/_inc/akismet.js[0m
[0;32m    amazon-ebs.ubuntu: wordpress/wp-content/plugins/akismet/changelog.txt[0m
[0;32m    amazon-ebs.ubuntu: wordpress/wp-content/plugins/akismet/wrapper.php[0m
[0;32m    amazon-ebs.ubuntu: wordpress/wp-content/plugins/akismet/index.php[0m
[0;32m    amazon-ebs.ubuntu: wordpress/wp-content/plugins/akismet/LICENSE.txt[0m
[0;32m    amazon-ebs.ubuntu: wordpress/wp-content/plugins/akismet/class.akismet-rest-api.php[0m
[0;32m    amazon-ebs.ubuntu: wordpress/wp-content/plugins/akismet/readme.txt[0m
[0;32m    amazon-ebs.ubuntu: wordpress/wp-content/plugins/index.php[0m
[0;32m    amazon-ebs.ubuntu: wordpress/wp-content/plugins/hello.php[0m
[0;32m    amazon-ebs.ubuntu: wordpress/wp-mail.php[0m
[0;32m    amazon-ebs.ubuntu: wordpress/wp-links-opml.php[0m
[0;32m    amazon-ebs.ubuntu: wordpress/wp-load.php[0m
[0;32m    amazon-ebs.ubuntu: wordpress/wp-includes/[0m
[0;32m    amazon-ebs.ubuntu: wordpress/wp-includes/class-wp-styles.php[0m
[0;32m    amazon-ebs.ubuntu: wordpress/wp-includes/class-wp-user-query.php[0m
[0;32m    amazon-ebs.ubuntu: wordpress/wp-includes/l10n.php[0m
[0;32m    amazon-ebs.ubuntu: wordpress/wp-includes/date.php[0m
[0;32m    amazon-ebs.ubuntu: wordpress/wp-includes/php-compat/[0m
[0;32m    amazon-ebs.ubuntu: wordpress/wp-includes/php-compat/readonly.php[0m
[0;32m    amazon-ebs.ubuntu: wordpress/wp-includes/class-wp-oembed.php[0m
[0;32m    amazon-ebs.ubuntu: wordpress/wp-includes/images/[0m
[0;32m    amazon-ebs.ubuntu: wordpress/wp-includes/images/w-logo-blue-white-bg.png[0m
[0;32m    amazon-ebs.ubuntu: wordpress/wp-includes/images/blank.gif[0m
[0;32m    amazon-ebs.ubuntu: wordpress/wp-includes/images/down_arrow.gif[0m
[0;32m    amazon-ebs.ubuntu: wordpress/wp-includes/images/spinner.gif[0m
[0;32m    amazon-ebs.ubuntu: wordpress/wp-includes/images/media/[0m
[0;32m    amazon-ebs.ubuntu: wordpress/wp-includes/images/media/document.svg[0m
[0;32m    amazon-ebs.ubuntu: wordpress/wp-includes/images/media/interactive.png[0m
[0;32m    amazon-ebs.ubuntu: wordpress/wp-includes/images/media/text.svg[0m
[0;32m    amazon-ebs.ubuntu: wordpress/wp-includes/images/media/video.svg[0m
[0;32m    amazon-ebs.ubuntu: wordpress/wp-includes/images/media/default.png[0m
[0;32m    amazon-ebs.ubuntu: wordpress/wp-includes/images/media/code.svg[0m
[0;32m    amazon-ebs.ubuntu: wordpress/wp-includes/images/media/code.png[0m
[0;32m    amazon-ebs.ubuntu: wordpress/wp-includes/images/media/audio.png[0m
[0;32m    amazon-ebs.ubuntu: wordpress/wp-includes/images/media/text.png[0m
[0;32m    amazon-ebs.ubuntu: wordpress/wp-includes/images/media/default.svg[0m
[0;32m    amazon-ebs.ubuntu: wordpress/wp-includes/images/media/interactive.svg[0m
[0;32m    amazon-ebs.ubuntu: wordpress/wp-includes/images/media/archive.png[0m
[0;32m    amazon-ebs.ubuntu: wordpress/wp-includes/images/media/video.png[0m
[0;32m    amazon-ebs.ubuntu: wordpress/wp-includes/images/media/spreadsheet.png[0m
[0;32m    amazon-ebs.ubuntu: wordpress/wp-includes/images/media/audio.svg[0m
[0;32m    amazon-ebs.ubuntu: wordpress/wp-includes/images/media/document.png[0m
[0;32m    amazon-ebs.ubuntu: wordpress/wp-includes/images/media/archive.svg[0m
[0;32m    amazon-ebs.ubuntu: wordpress/wp-includes/images/media/spreadsheet.svg[0m
[0;32m    amazon-ebs.ubuntu: wordpress/wp-includes/images/uploader-icons.png[0m
[0;32m    amazon-ebs.ubuntu: wordpress/wp-includes/images/xit-2x.gif[0m
[0;32m    amazon-ebs.ubuntu: wordpress/wp-includes/images/w-logo-blue.png[0m
[0;32m    amazon-ebs.ubuntu: wordpress/wp-includes/images/wpicons-2x.png[0m
[0;32m    amazon-ebs.ubuntu: wordpress/wp-includes/images/admin-bar-sprite-2x.png[0m
[0;32m    amazon-ebs.ubuntu: wordpress/wp-includes/images/rss-2x.png[0m
[0;32m    amazon-ebs.ubuntu: wordpress/wp-includes/images/spinner-2x.gif[0m
[0;32m    amazon-ebs.ubuntu: wordpress/wp-includes/images/wpicons.png[0m
[0;32m    amazon-ebs.ubuntu: wordpress/wp-includes/images/icon-pointer-flag.png[0m
[0;32m    amazon-ebs.ubuntu: wordpress/wp-includes/images/down_arrow-2x.gif[0m
[0;32m    amazon-ebs.ubuntu: wordpress/wp-includes/images/arrow-pointer-blue-2x.png[0m
[0;32m    amazon-ebs.ubuntu: wordpress/wp-includes/images/rss.png[0m
[0;32m    amazon-ebs.ubuntu: wordpress/wp-includes/images/toggle-arrow-2x.png[0m
[0;32m    amazon-ebs.ubuntu: wordpress/wp-includes/images/xit.gif[0m
[0;32m    amazon-ebs.ubuntu: wordpress/wp-includes/images/smilies/[0m
[0;32m    amazon-ebs.ubuntu: wordpress/wp-includes/images/smilies/icon_rolleyes.gif[0m
[0;32m    amazon-ebs.ubuntu: wordpress/wp-includes/images/smilies/icon_razz.gif[0m
[0;32m    amazon-ebs.ubuntu: wordpress/wp-includes/images/smilies/icon_question.gif[0m
[0;32m    amazon-ebs.ubuntu: wordpress/wp-includes/images/smilies/rolleyes.png[0m
[0;32m    amazon-ebs.ubuntu: wordpress/wp-includes/images/smilies/icon_surprised.gif[0m
[0;32m    amazon-ebs.ubuntu: wordpress/wp-includes/images/smilies/icon_exclaim.gif[0m
[0;32m    amazon-ebs.ubuntu: wordpress/wp-includes/images/smilies/icon_lol.gif[0m
[0;32m    amazon-ebs.ubuntu: wordpress/wp-includes/images/smilies/icon_eek.gif[0m
[0;32m    amazon-ebs.ubuntu: wordpress/wp-includes/images/smilies/icon_neutral.gif[0m
[0;32m    amazon-ebs.ubuntu: wordpress/wp-includes/images/smilies/icon_confused.gif[0m
[0;32m    amazon-ebs.ubuntu: wordpress/wp-includes/images/smilies/icon_sad.gif[0m
[0;32m    amazon-ebs.ubuntu: wordpress/wp-includes/images/smilies/icon_mad.gif[0m
[0;32m    amazon-ebs.ubuntu: wordpress/wp-includes/images/smilies/icon_mrgreen.gif[0m
[0;32m    amazon-ebs.ubuntu: wordpress/wp-includes/images/smilies/mrgreen.png[0m
[0;32m    amazon-ebs.ubuntu: wordpress/wp-includes/images/smilies/frownie.png[0m
[0;32m    amazon-ebs.ubuntu: wordpress/wp-includes/images/smilies/icon_wink.gif[0m
[0;32m    amazon-ebs.ubuntu: wordpress/wp-includes/images/smilies/icon_redface.gif[0m
[0;32m    amazon-ebs.ubuntu: wordpress/wp-includes/images/smilies/icon_idea.gif[0m
[0;32m    amazon-ebs.ubuntu: wordpress/wp-includes/images/smilies/icon_twisted.gif[0m
[0;32m    amazon-ebs.ubuntu: wordpress/wp-includes/images/smilies/icon_biggrin.gif[0m
[0;32m    amazon-ebs.ubuntu: wordpress/wp-includes/images/smilies/icon_evil.gif[0m
[0;32m    amazon-ebs.ubuntu: wordpress/wp-includes/images/smilies/simple-smile.png[0m
[0;32m    amazon-ebs.ubuntu: wordpress/wp-includes/images/smilies/icon_cry.gif[0m
[0;32m    amazon-ebs.ubuntu: wordpress/wp-includes/images/smilies/icon_cool.gif[0m
[0;32m    amazon-ebs.ubuntu: wordpress/wp-includes/images/smilies/icon_arrow.gif[0m
[0;32m    amazon-ebs.ubuntu: wordpress/wp-includes/images/smilies/icon_smile.gif[0m
[0;32m    amazon-ebs.ubuntu: wordpress/wp-includes/images/wpspin-2x.gif[0m
[0;32m    amazon-ebs.ubuntu: wordpress/wp-includes/images/wpspin.gif[0m
[0;32m    amazon-ebs.ubuntu: wordpress/wp-includes/images/uploader-icons-2x.png[0m
[0;32m    amazon-ebs.ubuntu: wordpress/wp-includes/images/crystal/[0m
[0;32m    amazon-ebs.ubuntu: wordpress/wp-includes/images/crystal/interactive.png[0m
[0;32m    amazon-ebs.ubuntu: wordpress/wp-includes/images/crystal/default.png[0m
[0;32m    amazon-ebs.ubuntu: wordpress/wp-includes/images/crystal/code.png[0m
[0;32m    amazon-ebs.ubuntu: wordpress/wp-includes/images/crystal/audio.png[0m
[0;32m    amazon-ebs.ubuntu: wordpress/wp-includes/images/crystal/text.png[0m
[0;32m    amazon-ebs.ubuntu: wordpress/wp-includes/images/crystal/archive.png[0m
[0;32m    amazon-ebs.ubuntu: wordpress/wp-includes/images/crystal/video.png[0m
[0;32m    amazon-ebs.ubuntu: wordpress/wp-includes/images/crystal/spreadsheet.png[0m
[0;32m    amazon-ebs.ubuntu: wordpress/wp-includes/images/crystal/license.txt[0m
[0;32m    amazon-ebs.ubuntu: wordpress/wp-includes/images/crystal/document.png[0m
[0;32m    amazon-ebs.ubuntu: wordpress/wp-includes/images/icon-pointer-flag-2x.png[0m
[0;32m    amazon-ebs.ubuntu: wordpress/wp-includes/images/admin-bar-sprite.png[0m
[0;32m    amazon-ebs.ubuntu: wordpress/wp-includes/images/toggle-arrow.png[0m
[0;32m    amazon-ebs.ubuntu: wordpress/wp-includes/images/arrow-pointer-blue.png[0m
[0;32m    amazon-ebs.ubuntu: wordpress/wp-includes/locale.php[0m
[0;32m    amazon-ebs.ubuntu: wordpress/wp-includes/class-wp-dependencies.php[0m
[0;32m    amazon-ebs.ubuntu: wordpress/wp-includes/class-wp-feed-cache-transient.php[0m
[0;32m    amazon-ebs.ubuntu: wordpress/wp-includes/class-wp-recovery-mode-email-service.php[0m
[0;32m    amazon-ebs.ubuntu: wordpress/wp-includes/block-supports/[0m
[0;32m    amazon-ebs.ubuntu: wordpress/wp-includes/block-supports/position.php[0m
[0;32m    amazon-ebs.ubuntu: wordpress/wp-includes/block-supports/background.php[0m
[0;32m    amazon-ebs.ubuntu: wordpress/wp-includes/block-supports/custom-classname.php[0m
[0;32m    amazon-ebs.ubuntu: wordpress/wp-includes/block-supports/border.php[0m
[0;32m    amazon-ebs.ubuntu: wordpress/wp-includes/block-supports/spacing.php[0m
[0;32m    amazon-ebs.ubuntu: wordpress/wp-includes/block-supports/align.php[0m
[0;32m    amazon-ebs.ubuntu: wordpress/wp-includes/block-supports/generated-classname.php[0m
[0;32m    amazon-ebs.ubuntu: wordpress/wp-includes/block-supports/typography.php[0m
[0;32m    amazon-ebs.ubuntu: wordpress/wp-includes/block-supports/elements.php[0m
[0;32m    amazon-ebs.ubuntu: wordpress/wp-includes/block-supports/duotone.php[0m
[0;32m    amazon-ebs.ubuntu: wordpress/wp-includes/block-supports/shadow.php[0m
[0;32m    amazon-ebs.ubuntu: wordpress/wp-includes/block-supports/settings.php[0m
[0;32m    amazon-ebs.ubuntu: wordpress/wp-includes/block-supports/block-style-variations.php[0m
[0;32m    amazon-ebs.ubuntu: wordpress/wp-includes/block-supports/colors.php[0m
[0;32m    amazon-ebs.ubuntu: wordpress/wp-includes/block-supports/utils.php[0m
[0;32m    amazon-ebs.ubuntu: wordpress/wp-includes/block-supports/dimensions.php[0m
[0;32m    amazon-ebs.ubuntu: wordpress/wp-includes/block-supports/layout.php[0m
[0;32m    amazon-ebs.ubuntu: wordpress/wp-includes/class-wp-comment-query.php[0m
[0;32m    amazon-ebs.ubuntu: wordpress/wp-includes/theme-compat/[0m
[0;32m    amazon-ebs.ubuntu: wordpress/wp-includes/theme-compat/footer.php[0m
[0;32m    amazon-ebs.ubuntu: wordpress/wp-includes/theme-compat/sidebar.php[0m
[0;32m    amazon-ebs.ubuntu: wordpress/wp-includes/theme-compat/footer-embed.php[0m
[0;32m    amazon-ebs.ubuntu: wordpress/wp-includes/theme-compat/embed.php[0m
[0;32m    amazon-ebs.ubuntu: wordpress/wp-includes/theme-compat/header-embed.php[0m
[0;32m    amazon-ebs.ubuntu: wordpress/wp-includes/theme-compat/header.php[0m
[0;32m    amazon-ebs.ubuntu: wordpress/wp-includes/theme-compat/embed-content.php[0m
[0;32m    amazon-ebs.ubuntu: wordpress/wp-includes/theme-compat/comments.php[0m
[0;32m    amazon-ebs.ubuntu: wordpress/wp-includes/theme-compat/embed-404.php[0m
[0;32m    amazon-ebs.ubuntu: wordpress/wp-includes/class-wp-customize-control.php[0m
[0;32m    amazon-ebs.ubuntu: wordpress/wp-includes/SimplePie/[0m
[0;32m    amazon-ebs.ubuntu: wordpress/wp-includes/SimplePie/Parser.php[0m
[0;32m    amazon-ebs.ubuntu: wordpress/wp-includes/SimplePie/Sanitize.php[0m
[0;32m    amazon-ebs.ubuntu: wordpress/wp-includes/SimplePie/Core.php[0m
[0;32m    amazon-ebs.ubuntu: wordpress/wp-includes/SimplePie/Decode/[0m
[0;32m    amazon-ebs.ubuntu: wordpress/wp-includes/SimplePie/Decode/HTML/[0m
[0;32m    amazon-ebs.ubuntu: wordpress/wp-includes/SimplePie/Decode/HTML/Entities.php[0m
[0;32m    amazon-ebs.ubuntu: wordpress/wp-includes/SimplePie/Category.php[0m
[0;32m    amazon-ebs.ubuntu: wordpress/wp-includes/SimplePie/gzdecode.php[0m
[0;32m    amazon-ebs.ubuntu: wordpress/wp-includes/SimplePie/Locator.php[0m
[0;32m    amazon-ebs.ubuntu: wordpress/wp-includes/SimplePie/Parse/[0m
[0;32m    amazon-ebs.ubuntu: wordpress/wp-includes/SimplePie/Parse/Date.php[0m
[0;32m    amazon-ebs.ubuntu: wordpress/wp-includes/SimplePie/Author.php[0m
[0;32m    amazon-ebs.ubuntu: wordpress/wp-includes/SimplePie/Cache.php[0m
[0;32m    amazon-ebs.ubuntu: wordpress/wp-includes/SimplePie/IRI.php[0m
[0;32m    amazon-ebs.ubuntu: wordpress/wp-includes/SimplePie/Credit.php[0m
[0;32m    amazon-ebs.ubuntu: wordpress/wp-includes/SimplePie/Content/[0m
[0;32m    amazon-ebs.ubuntu: wordpress/wp-includes/SimplePie/Content/Type/[0m
[0;32m    amazon-ebs.ubuntu: wordpress/wp-includes/SimplePie/Content/Type/Sniffer.php[0m
[0;32m    amazon-ebs.ubuntu: wordpress/wp-includes/SimplePie/Restriction.php[0m
[0;32m    amazon-ebs.ubuntu: wordpress/wp-includes/SimplePie/Item.php[0m
[0;32m    amazon-ebs.ubuntu: wordpress/wp-includes/SimplePie/XML/[0m
[0;32m    amazon-ebs.ubuntu: wordpress/wp-includes/SimplePie/XML/Declaration/[0m
[0;32m    amazon-ebs.ubuntu: wordpress/wp-includes/SimplePie/XML/Declaration/Parser.php[0m
[0;32m    amazon-ebs.ubuntu: wordpress/wp-includes/SimplePie/Cache/[0m
[0;32m    amazon-ebs.ubuntu: wordpress/wp-includes/SimplePie/Cache/Base.php[0m
[0;32m    amazon-ebs.ubuntu: wordpress/wp-includes/SimplePie/Cache/Memcached.php[0m
[0;32m    amazon-ebs.ubuntu: wordpress/wp-includes/SimplePie/Cache/MySQL.php[0m
[0;32m    amazon-ebs.ubuntu: wordpress/wp-includes/SimplePie/Cache/Memcache.php[0m
[0;32m    amazon-ebs.ubuntu: wordpress/wp-includes/SimplePie/Cache/Redis.php[0m
[0;32m    amazon-ebs.ubuntu: wordpress/wp-includes/SimplePie/Cache/DB.php[0m
[0;32m    amazon-ebs.ubuntu: wordpress/wp-includes/SimplePie/Cache/File.php[0m
[0;32m    amazon-ebs.ubuntu: wordpress/wp-includes/SimplePie/Source.php[0m
[0;32m    amazon-ebs.ubuntu: wordpress/wp-includes/SimplePie/Registry.php[0m
[0;32m    amazon-ebs.ubuntu: wordpress/wp-includes/SimplePie/Rating.php[0m
[0;32m    amazon-ebs.ubuntu: wordpress/wp-includes/SimplePie/Copyright.php[0m
[0;32m    amazon-ebs.ubuntu: wordpress/wp-includes/SimplePie/Exception.php[0m
[0;32m    amazon-ebs.ubuntu: wordpress/wp-includes/SimplePie/Misc.php[0m
[0;32m    amazon-ebs.ubuntu: wordpress/wp-includes/SimplePie/Caption.php[0m
[0;32m    amazon-ebs.ubuntu: wordpress/wp-includes/SimplePie/Net/[0m
[0;32m    amazon-ebs.ubuntu: wordpress/wp-includes/SimplePie/Net/IPv6.php[0m
[0;32m    amazon-ebs.ubuntu: wordpress/wp-includes/SimplePie/File.php[0m
[0;32m    amazon-ebs.ubuntu: wordpress/wp-includes/SimplePie/HTTP/[0m
[0;32m    amazon-ebs.ubuntu: wordpress/wp-includes/SimplePie/HTTP/Parser.php[0m
[0;32m    amazon-ebs.ubuntu: wordpress/wp-includes/SimplePie/Enclosure.php[0m
[0;32m    amazon-ebs.ubuntu: wordpress/wp-includes/media-template.php[0m
[0;32m    amazon-ebs.ubuntu: wordpress/wp-includes/cache.php[0m
[0;32m    amazon-ebs.ubuntu: wordpress/wp-includes/class-wp-widget.php[0m
[0;32m    amazon-ebs.ubuntu: wordpress/wp-includes/compat.php[0m
[0;32m    amazon-ebs.ubuntu: wordpress/wp-includes/default-filters.php[0m
[0;32m    amazon-ebs.ubuntu: wordpress/wp-includes/Requests/[0m
[0;32m    amazon-ebs.ubuntu: wordpress/wp-includes/Requests/src/[0m
[0;32m    amazon-ebs.ubuntu: wordpress/wp-includes/Requests/src/Transport/[0m
[0;32m    amazon-ebs.ubuntu: wordpress/wp-includes/Requests/src/Transport/Fsockopen.php[0m
[0;32m    amazon-ebs.ubuntu: wordpress/wp-includes/Requests/src/Transport/Curl.php[0m
[0;32m    amazon-ebs.ubuntu: wordpress/wp-includes/Requests/src/Cookie/[0m
[0;32m    amazon-ebs.ubuntu: wordpress/wp-includes/Requests/src/Cookie/Jar.php[0m
[0;32m    amazon-ebs.ubuntu: wordpress/wp-includes/Requests/src/Requests.php[0m
[0;32m    amazon-ebs.ubuntu: wordpress/wp-includes/Requests/src/Auth.php[0m
[0;32m    amazon-ebs.ubuntu: wordpress/wp-includes/Requests/src/Port.php[0m
[0;32m    amazon-ebs.ubuntu: wordpress/wp-includes/Requests/src/HookManager.php[0m
[0;32m    amazon-ebs.ubuntu: wordpress/wp-includes/Requests/src/Exception/[0m
[0;32m    amazon-ebs.ubuntu: wordpress/wp-includes/Requests/src/Exception/Transport/[0m
[0;32m    amazon-ebs.ubuntu: wordpress/wp-includes/Requests/src/Exception/Transport/Curl.php[0m
[0;32m    amazon-ebs.ubuntu: wordpress/wp-includes/Requests/src/Exception/ArgumentCount.php[0m
[0;32m    amazon-ebs.ubuntu: wordpress/wp-includes/Requests/src/Exception/Transport.php[0m
[0;32m    amazon-ebs.ubuntu: wordpress/wp-includes/Requests/src/Exception/Http.php[0m
[0;32m    amazon-ebs.ubuntu: wordpress/wp-includes/Requests/src/Exception/InvalidArgument.php[0m
[0;32m    amazon-ebs.ubuntu: wordpress/wp-includes/Requests/src/Exception/Http/[0m
[0;32m    amazon-ebs.ubuntu: wordpress/wp-includes/Requests/src/Exception/Http/Status304.php[0m
[0;32m    amazon-ebs.ubuntu: wordpress/wp-includes/Requests/src/Exception/Http/Status403.php[0m
[0;32m    amazon-ebs.ubuntu: wordpress/wp-includes/Requests/src/Exception/Http/Status306.php[0m
[0;32m    amazon-ebs.ubuntu: wordpress/wp-includes/Requests/src/Exception/Http/Status401.php[0m
[0;32m    amazon-ebs.ubuntu: wordpress/wp-includes/Requests/src/Exception/Http/Status402.php[0m
[0;32m    amazon-ebs.ubuntu: wordpress/wp-includes/Requests/src/Exception/Http/Status417.php[0m
[0;32m    amazon-ebs.ubuntu: wordpress/wp-includes/Requests/src/Exception/Http/Status505.php[0m
[0;32m    amazon-ebs.ubuntu: wordpress/wp-includes/Requests/src/Exception/Http/Status418.php[0m
[0;32m    amazon-ebs.ubuntu: wordpress/wp-includes/Requests/src/Exception/Http/Status414.php[0m
[0;32m    amazon-ebs.ubuntu: wordpress/wp-includes/Requests/src/Exception/Http/Status504.php[0m
[0;32m    amazon-ebs.ubuntu: wordpress/wp-includes/Requests/src/Exception/Http/Status413.php[0m
[0;32m    amazon-ebs.ubuntu: wordpress/wp-includes/Requests/src/Exception/Http/Status429.php[0m
[0;32m    amazon-ebs.ubuntu: wordpress/wp-includes/Requests/src/Exception/Http/Status503.php[0m
[0;32m    amazon-ebs.ubuntu: wordpress/wp-includes/Requests/src/Exception/Http/Status415.php[0m
[0;32m    amazon-ebs.ubuntu: wordpress/wp-includes/Requests/src/Exception/Http/Status502.php[0m
[0;32m    amazon-ebs.ubuntu: wordpress/wp-includes/Requests/src/Exception/Http/Status416.php[0m
[0;32m    amazon-ebs.ubuntu: wordpress/wp-includes/Requests/src/Exception/Http/Status305.php[0m
[0;32m    amazon-ebs.ubuntu: wordpress/wp-includes/Requests/src/Exception/Http/Status408.php[0m
[0;32m    amazon-ebs.ubuntu: wordpress/wp-includes/Requests/src/Exception/Http/Status511.php[0m
[0;32m    amazon-ebs.ubuntu: wordpress/wp-includes/Requests/src/Exception/Http/Status407.php[0m
[0;32m    amazon-ebs.ubuntu: wordpress/wp-includes/Requests/src/Exception/Http/Status411.php[0m
[0;32m    amazon-ebs.ubuntu: wordpress/wp-includes/Requests/src/Exception/Http/Status410.php[0m
[0;32m    amazon-ebs.ubuntu: wordpress/wp-includes/Requests/src/Exception/Http/Status431.php[0m
[0;32m    amazon-ebs.ubuntu: wordpress/wp-includes/Requests/src/Exception/Http/Status409.php[0m
[0;32m    amazon-ebs.ubuntu: wordpress/wp-includes/Requests/src/Exception/Http/Status428.php[0m
[0;32m    amazon-ebs.ubuntu: wordpress/wp-includes/Requests/src/Exception/Http/Status405.php[0m
[0;32m    amazon-ebs.ubuntu: wordpress/wp-includes/Requests/src/Exception/Http/Status501.php[0m
[0;32m    amazon-ebs.ubuntu: wordpress/wp-includes/Requests/src/Exception/Http/Status406.php[0m
[0;32m    amazon-ebs.ubuntu: wordpress/wp-includes/Requests/src/Exception/Http/Status404.php[0m
[0;32m    amazon-ebs.ubuntu: wordpress/wp-includes/Requests/src/Exception/Http/Status400.php[0m
[0;32m    amazon-ebs.ubuntu: wordpress/wp-includes/Requests/src/Exception/Http/Status412.php[0m
[0;32m    amazon-ebs.ubuntu: wordpress/wp-includes/Requests/src/Exception/Http/Status500.php[0m
[0;32m    amazon-ebs.ubuntu: wordpress/wp-includes/Requests/src/Exception/Http/StatusUnknown.php[0m
[0;32m    amazon-ebs.ubuntu: wordpress/wp-includes/Requests/src/Autoload.php[0m
[0;32m    amazon-ebs.ubuntu: wordpress/wp-includes/Requests/src/Response.php[0m
[0;32m    amazon-ebs.ubuntu: wordpress/wp-includes/Requests/src/Utility/[0m
[0;32m    amazon-ebs.ubuntu: wordpress/wp-includes/Requests/src/Utility/InputValidator.php[0m
[0;32m    amazon-ebs.ubuntu: wordpress/wp-includes/Requests/src/Utility/CaseInsensitiveDictionary.php[0m
[0;32m    amazon-ebs.ubuntu: wordpress/wp-includes/Requests/src/Utility/FilteredIterator.php[0m
[0;32m    amazon-ebs.ubuntu: wordpress/wp-includes/Requests/src/Response/[0m
[0;32m    amazon-ebs.ubuntu: wordpress/wp-includes/Requests/src/Response/Headers.php[0m
[0;32m    amazon-ebs.ubuntu: wordpress/wp-includes/Requests/src/Cookie.php[0m
[0;32m    amazon-ebs.ubuntu: wordpress/wp-includes/Requests/src/Auth/[0m
[0;32m    amazon-ebs.ubuntu: wordpress/wp-includes/Requests/src/Auth/Basic.php[0m
[0;32m    amazon-ebs.ubuntu: wordpress/wp-includes/Requests/src/Proxy.php[0m
[0;32m    amazon-ebs.ubuntu: wordpress/wp-includes/Requests/src/Iri.php[0m
[0;32m    amazon-ebs.ubuntu: wordpress/wp-includes/Requests/src/Ipv6.php[0m
[0;32m    amazon-ebs.ubuntu: wordpress/wp-includes/Requests/src/Transport.php[0m
[0;32m    amazon-ebs.ubuntu: wordpress/wp-includes/Requests/src/Session.php[0m
[0;32m    amazon-ebs.ubuntu: wordpress/wp-includes/Requests/src/Capability.php[0m
[0;32m    amazon-ebs.ubuntu: wordpress/wp-includes/Requests/src/Hooks.php[0m
[0;32m    amazon-ebs.ubuntu: wordpress/wp-includes/Requests/src/Proxy/[0m
[0;32m    amazon-ebs.ubuntu: wordpress/wp-includes/Requests/src/Proxy/Http.php[0m
[0;32m    amazon-ebs.ubuntu: wordpress/wp-includes/Requests/src/Ssl.php[0m
[0;32m    amazon-ebs.ubuntu: wordpress/wp-includes/Requests/src/Exception.php[0m
[0;32m    amazon-ebs.ubuntu: wordpress/wp-includes/Requests/src/IdnaEncoder.php[0m
[0;32m    amazon-ebs.ubuntu: wordpress/wp-includes/Requests/library/[0m
[0;32m    amazon-ebs.ubuntu: wordpress/wp-includes/Requests/library/Requests.php[0m
[0;32m    amazon-ebs.ubuntu: wordpress/wp-includes/embed.php[0m
[0;32m    amazon-ebs.ubuntu: wordpress/wp-includes/block-template.php[0m
[0;32m    amazon-ebs.ubuntu: wordpress/wp-includes/class-wp-fatal-error-handler.php[0m
[0;32m    amazon-ebs.ubuntu: wordpress/wp-includes/theme.json[0m
[0;32m    amazon-ebs.ubuntu: wordpress/wp-includes/css/[0m
[0;32m    amazon-ebs.ubuntu: wordpress/wp-includes/css/admin-bar.min.css[0m
[0;32m    amazon-ebs.ubuntu: wordpress/wp-includes/css/editor.min.css[0m
[0;32m    amazon-ebs.ubuntu: wordpress/wp-includes/css/admin-bar-rtl.min.css[0m
[0;32m    amazon-ebs.ubuntu: wordpress/wp-includes/css/media-views.min.css[0m
[0;32m    amazon-ebs.ubuntu: wordpress/wp-includes/css/classic-themes.css[0m
[0;32m    amazon-ebs.ubuntu: wordpress/wp-includes/css/customize-preview.css[0m
[0;32m    amazon-ebs.ubuntu: wordpress/wp-includes/css/classic-themes.min.css[0m
[0;32m    amazon-ebs.ubuntu: wordpress/wp-includes/css/admin-bar-rtl.css[0m
[0;32m    amazon-ebs.ubuntu: wordpress/wp-includes/css/editor.css[0m
[0;32m    amazon-ebs.ubuntu: wordpress/wp-includes/css/wp-embed-template.min.css[0m
[0;32m    amazon-ebs.ubuntu: wordpress/wp-includes/css/wp-pointer.css[0m
[0;32m    amazon-ebs.ubuntu: wordpress/wp-includes/css/customize-preview-rtl.css[0m
[0;32m    amazon-ebs.ubuntu: wordpress/wp-includes/css/wp-pointer-rtl.css[0m
[0;32m    amazon-ebs.ubuntu: wordpress/wp-includes/css/jquery-ui-dialog-rtl.min.css[0m
[0;32m    amazon-ebs.ubuntu: wordpress/wp-includes/css/dist/[0m
[0;32m    amazon-ebs.ubuntu: wordpress/wp-includes/css/dist/preferences/[0m
[0;32m    amazon-ebs.ubuntu: wordpress/wp-includes/css/dist/preferences/style-rtl.min.css[0m
[0;32m    amazon-ebs.ubuntu: wordpress/wp-includes/css/dist/preferences/style.min.css[0m
[0;32m    amazon-ebs.ubuntu: wordpress/wp-includes/css/dist/preferences/style-rtl.css[0m
[0;32m    amazon-ebs.ubuntu: wordpress/wp-includes/css/dist/preferences/style.css[0m
[0;32m    amazon-ebs.ubuntu: wordpress/wp-includes/css/dist/edit-widgets/[0m
[0;32m    amazon-ebs.ubuntu: wordpress/wp-includes/css/dist/edit-widgets/style-rtl.min.css[0m
[0;32m    amazon-ebs.ubuntu: wordpress/wp-includes/css/dist/edit-widgets/style.min.css[0m
[0;32m    amazon-ebs.ubuntu: wordpress/wp-includes/css/dist/edit-widgets/style-rtl.css[0m
[0;32m    amazon-ebs.ubuntu: wordpress/wp-includes/css/dist/edit-widgets/style.css[0m
[0;32m    amazon-ebs.ubuntu: wordpress/wp-includes/css/dist/patterns/[0m
[0;32m    amazon-ebs.ubuntu: wordpress/wp-includes/css/dist/patterns/style-rtl.min.css[0m
[0;32m    amazon-ebs.ubuntu: wordpress/wp-includes/css/dist/patterns/style.min.css[0m
[0;32m    amazon-ebs.ubuntu: wordpress/wp-includes/css/dist/patterns/style-rtl.css[0m
[0;32m    amazon-ebs.ubuntu: wordpress/wp-includes/css/dist/patterns/style.css[0m
[0;32m    amazon-ebs.ubuntu: wordpress/wp-includes/css/dist/block-directory/[0m
[0;32m    amazon-ebs.ubuntu: wordpress/wp-includes/css/dist/block-directory/style-rtl.min.css[0m
[0;32m    amazon-ebs.ubuntu: wordpress/wp-includes/css/dist/block-directory/style.min.css[0m
[0;32m    amazon-ebs.ubuntu: wordpress/wp-includes/css/dist/block-directory/style-rtl.css[0m
[0;32m    amazon-ebs.ubuntu: wordpress/wp-includes/css/dist/block-directory/style.css[0m
[0;32m    amazon-ebs.ubuntu: wordpress/wp-includes/css/dist/edit-site/[0m
[0;32m    amazon-ebs.ubuntu: wordpress/wp-includes/css/dist/edit-site/style-rtl.min.css[0m
[0;32m    amazon-ebs.ubuntu: wordpress/wp-includes/css/dist/edit-site/style.min.css[0m
[0;32m    amazon-ebs.ubuntu: wordpress/wp-includes/css/dist/edit-site/style-rtl.css[0m
[0;32m    amazon-ebs.ubuntu: wordpress/wp-includes/css/dist/edit-site/style.css[0m
[0;32m    amazon-ebs.ubuntu: wordpress/wp-includes/css/dist/block-library/[0m
[0;32m    amazon-ebs.ubuntu: wordpress/wp-includes/css/dist/block-library/classic-rtl.css[0m
[0;32m    amazon-ebs.ubuntu: wordpress/wp-includes/css/dist/block-library/editor.min.css[0m
[0;32m    amazon-ebs.ubuntu: wordpress/wp-includes/css/dist/block-library/elements-rtl.css[0m
[0;32m    amazon-ebs.ubuntu: wordpress/wp-includes/css/dist/block-library/reset-rtl.css[0m
[0;32m    amazon-ebs.ubuntu: wordpress/wp-includes/css/dist/block-library/style-rtl.min.css[0m
[0;32m    amazon-ebs.ubuntu: wordpress/wp-includes/css/dist/block-library/theme.css[0m
[0;32m    amazon-ebs.ubuntu: wordpress/wp-includes/css/dist/block-library/theme-rtl.min.css[0m
[0;32m    amazon-ebs.ubuntu: wordpress/wp-includes/css/dist/block-library/editor-elements-rtl.css[0m
[0;32m    amazon-ebs.ubuntu: wordpress/wp-includes/css/dist/block-library/common-rtl.min.css[0m
[0;32m    amazon-ebs.ubuntu: wordpress/wp-includes/css/dist/block-library/elements-rtl.min.css[0m
[0;32m    amazon-ebs.ubuntu: wordpress/wp-includes/css/dist/block-library/editor.css[0m
[0;32m    amazon-ebs.ubuntu: wordpress/wp-includes/css/dist/block-library/classic-rtl.min.css[0m
[0;32m    amazon-ebs.ubuntu: wordpress/wp-includes/css/dist/block-library/editor-elements.min.css[0m
[0;32m    amazon-ebs.ubuntu: wordpress/wp-includes/css/dist/block-library/reset-rtl.min.css[0m
[0;32m    amazon-ebs.ubuntu: wordpress/wp-includes/css/dist/block-library/common.css[0m
[0;32m    amazon-ebs.ubuntu: wordpress/wp-includes/css/dist/block-library/theme.min.css[0m
[0;32m    amazon-ebs.ubuntu: wordpress/wp-includes/css/dist/block-library/elements.min.css[0m
[0;32m    amazon-ebs.ubuntu: wordpress/wp-includes/css/dist/block-library/style.min.css[0m
[0;32m    amazon-ebs.ubuntu: wordpress/wp-includes/css/dist/block-library/theme-rtl.css[0m
[0;32m    amazon-ebs.ubuntu: wordpress/wp-includes/css/dist/block-library/classic.css[0m
[0;32m    amazon-ebs.ubuntu: wordpress/wp-includes/css/dist/block-library/editor-rtl.css[0m
[0;32m    amazon-ebs.ubuntu: wordpress/wp-includes/css/dist/block-library/editor-rtl.min.css[0m
[0;32m    amazon-ebs.ubuntu: wordpress/wp-includes/css/dist/block-library/style-rtl.css[0m
[0;32m    amazon-ebs.ubuntu: wordpress/wp-includes/css/dist/block-library/classic.min.css[0m
[0;32m    amazon-ebs.ubuntu: wordpress/wp-includes/css/dist/block-library/common.min.css[0m
[0;32m    amazon-ebs.ubuntu: wordpress/wp-includes/css/dist/block-library/reset.min.css[0m
[0;32m    amazon-ebs.ubuntu: wordpress/wp-includes/css/dist/block-library/elements.css[0m
[0;32m    amazon-ebs.ubuntu: wordpress/wp-includes/css/dist/block-library/reset.css[0m
[0;32m    amazon-ebs.ubuntu: wordpress/wp-includes/css/dist/block-library/editor-elements.css[0m
[0;32m    amazon-ebs.ubuntu: wordpress/wp-includes/css/dist/block-library/editor-elements-rtl.min.css[0m
[0;32m    amazon-ebs.ubuntu: wordpress/wp-includes/css/dist/block-library/common-rtl.css[0m
[0;32m    amazon-ebs.ubuntu: wordpress/wp-includes/css/dist/block-library/style.css[0m
[0;32m    amazon-ebs.ubuntu: wordpress/wp-includes/css/dist/format-library/[0m
[0;32m    amazon-ebs.ubuntu: wordpress/wp-includes/css/dist/format-library/style-rtl.min.css[0m
[0;32m    amazon-ebs.ubuntu: wordpress/wp-includes/css/dist/format-library/style.min.css[0m
[0;32m    amazon-ebs.ubuntu: wordpress/wp-includes/css/dist/format-library/style-rtl.css[0m
[0;32m    amazon-ebs.ubuntu: wordpress/wp-includes/css/dist/format-library/style.css[0m
[0;32m    amazon-ebs.ubuntu: wordpress/wp-includes/css/dist/edit-post/[0m
[0;32m    amazon-ebs.ubuntu: wordpress/wp-includes/css/dist/edit-post/classic-rtl.css[0m
[0;32m    amazon-ebs.ubuntu: wordpress/wp-includes/css/dist/edit-post/style-rtl.min.css[0m
[0;32m    amazon-ebs.ubuntu: wordpress/wp-includes/css/dist/edit-post/classic-rtl.min.css[0m
[0;32m    amazon-ebs.ubuntu: wordpress/wp-includes/css/dist/edit-post/style.min.css[0m
[0;32m    amazon-ebs.ubuntu: wordpress/wp-includes/css/dist/edit-post/classic.css[0m
[0;32m    amazon-ebs.ubuntu: wordpress/wp-includes/css/dist/edit-post/style-rtl.css[0m
[0;32m    amazon-ebs.ubuntu: wordpress/wp-includes/css/dist/edit-post/classic.min.css[0m
[0;32m    amazon-ebs.ubuntu: wordpress/wp-includes/css/dist/edit-post/style.css[0m
[0;32m    amazon-ebs.ubuntu: wordpress/wp-includes/css/dist/widgets/[0m
[0;32m    amazon-ebs.ubuntu: wordpress/wp-includes/css/dist/widgets/style-rtl.min.css[0m
[0;32m    amazon-ebs.ubuntu: wordpress/wp-includes/css/dist/widgets/style.min.css[0m
[0;32m    amazon-ebs.ubuntu: wordpress/wp-includes/css/dist/widgets/style-rtl.css[0m
[0;32m    amazon-ebs.ubuntu: wordpress/wp-includes/css/dist/widgets/style.css[0m
[0;32m    amazon-ebs.ubuntu: wordpress/wp-includes/css/dist/commands/[0m
[0;32m    amazon-ebs.ubuntu: wordpress/wp-includes/css/dist/commands/style-rtl.min.css[0m
[0;32m    amazon-ebs.ubuntu: wordpress/wp-includes/css/dist/commands/style.min.css[0m
[0;32m    amazon-ebs.ubuntu: wordpress/wp-includes/css/dist/commands/style-rtl.css[0m
[0;32m    amazon-ebs.ubuntu: wordpress/wp-includes/css/dist/commands/style.css[0m
[0;32m    amazon-ebs.ubuntu: wordpress/wp-includes/css/dist/customize-widgets/[0m
[0;32m    amazon-ebs.ubuntu: wordpress/wp-includes/css/dist/customize-widgets/style-rtl.min.css[0m
[0;32m    amazon-ebs.ubuntu: wordpress/wp-includes/css/dist/customize-widgets/style.min.css[0m
[0;32m    amazon-ebs.ubuntu: wordpress/wp-includes/css/dist/customize-widgets/style-rtl.css[0m
[0;32m    amazon-ebs.ubuntu: wordpress/wp-includes/css/dist/customize-widgets/style.css[0m
[0;32m    amazon-ebs.ubuntu: wordpress/wp-includes/css/dist/reusable-blocks/[0m
[0;32m    amazon-ebs.ubuntu: wordpress/wp-includes/css/dist/reusable-blocks/style-rtl.min.css[0m
[0;32m    amazon-ebs.ubuntu: wordpress/wp-includes/css/dist/reusable-blocks/style.min.css[0m
[0;32m    amazon-ebs.ubuntu: wordpress/wp-includes/css/dist/reusable-blocks/style-rtl.css[0m
[0;32m    amazon-ebs.ubuntu: wordpress/wp-includes/css/dist/reusable-blocks/style.css[0m
[0;32m    amazon-ebs.ubuntu: wordpress/wp-includes/css/dist/editor/[0m
[0;32m    amazon-ebs.ubuntu: wordpress/wp-includes/css/dist/editor/style-rtl.min.css[0m
[0;32m    amazon-ebs.ubuntu: wordpress/wp-includes/css/dist/editor/style.min.css[0m
[0;32m    amazon-ebs.ubuntu: wordpress/wp-includes/css/dist/editor/style-rtl.css[0m
[0;32m    amazon-ebs.ubuntu: wordpress/wp-includes/css/dist/editor/style.css[0m
[0;32m    amazon-ebs.ubuntu: wordpress/wp-includes/css/dist/nux/[0m
[0;32m    amazon-ebs.ubuntu: wordpress/wp-includes/css/dist/nux/style-rtl.min.css[0m
[0;32m    amazon-ebs.ubuntu: wordpress/wp-includes/css/dist/nux/style.min.css[0m
[0;32m    amazon-ebs.ubuntu: wordpress/wp-includes/css/dist/nux/style-rtl.css[0m
[0;32m    amazon-ebs.ubuntu: wordpress/wp-includes/css/dist/nux/style.css[0m
[0;32m    amazon-ebs.ubuntu: wordpress/wp-includes/css/dist/list-reusable-blocks/[0m
[0;32m    amazon-ebs.ubuntu: wordpress/wp-includes/css/dist/list-reusable-blocks/style-rtl.min.css[0m
[0;32m    amazon-ebs.ubuntu: wordpress/wp-includes/css/dist/list-reusable-blocks/style.min.css[0m
[0;32m    amazon-ebs.ubuntu: wordpress/wp-includes/css/dist/list-reusable-blocks/style-rtl.css[0m
[0;32m    amazon-ebs.ubuntu: wordpress/wp-includes/css/dist/list-reusable-blocks/style.css[0m
[0;32m    amazon-ebs.ubuntu: wordpress/wp-includes/css/dist/components/[0m
[0;32m    amazon-ebs.ubuntu: wordpress/wp-includes/css/dist/components/style-rtl.min.css[0m
[0;32m    amazon-ebs.ubuntu: wordpress/wp-includes/css/dist/components/style.min.css[0m
[0;32m    amazon-ebs.ubuntu: wordpress/wp-includes/css/dist/components/style-rtl.css[0m
[0;32m    amazon-ebs.ubuntu: wordpress/wp-includes/css/dist/components/style.css[0m
[0;32m    amazon-ebs.ubuntu: wordpress/wp-includes/css/dist/block-editor/[0m
[0;32m    amazon-ebs.ubuntu: wordpress/wp-includes/css/dist/block-editor/content.min.css[0m
[0;32m    amazon-ebs.ubuntu: wordpress/wp-includes/css/dist/block-editor/style-rtl.min.css[0m
[0;32m    amazon-ebs.ubuntu: wordpress/wp-includes/css/dist/block-editor/default-editor-styles-rtl.css[0m
[0;32m    amazon-ebs.ubuntu: wordpress/wp-includes/css/dist/block-editor/default-editor-styles-rtl.min.css[0m
[0;32m    amazon-ebs.ubuntu: wordpress/wp-includes/css/dist/block-editor/content.css[0m
[0;32m    amazon-ebs.ubuntu: wordpress/wp-includes/css/dist/block-editor/content-rtl.min.css[0m
[0;32m    amazon-ebs.ubuntu: wordpress/wp-includes/css/dist/block-editor/default-editor-styles.min.css[0m
[0;32m    amazon-ebs.ubuntu: wordpress/wp-includes/css/dist/block-editor/default-editor-styles.css[0m
[0;32m    amazon-ebs.ubuntu: wordpress/wp-includes/css/dist/block-editor/style.min.css[0m
[0;32m    amazon-ebs.ubuntu: wordpress/wp-includes/css/dist/block-editor/content-rtl.css[0m
[0;32m    amazon-ebs.ubuntu: wordpress/wp-includes/css/dist/block-editor/style-rtl.css[0m
[0;32m    amazon-ebs.ubuntu: wordpress/wp-includes/css/dist/block-editor/style.css[0m
[0;32m    amazon-ebs.ubuntu: wordpress/wp-includes/css/media-views-rtl.css[0m
[0;32m    amazon-ebs.ubuntu: wordpress/wp-includes/css/customize-preview-rtl.min.css[0m
[0;32m    amazon-ebs.ubuntu: wordpress/wp-includes/css/jquery-ui-dialog.css[0m
[0;32m    amazon-ebs.ubuntu: wordpress/wp-includes/css/admin-bar.css[0m
[0;32m    amazon-ebs.ubuntu: wordpress/wp-includes/css/media-views-rtl.min.css[0m
[0;32m    amazon-ebs.ubuntu: wordpress/wp-includes/css/jquery-ui-dialog.min.css[0m
[0;32m    amazon-ebs.ubuntu: wordpress/wp-includes/css/wp-pointer-rtl.min.css[0m
[0;32m    amazon-ebs.ubuntu: wordpress/wp-includes/css/buttons-rtl.css[0m
[0;32m    amazon-ebs.ubuntu: wordpress/wp-includes/css/buttons.css[0m
[0;32m    amazon-ebs.ubuntu: wordpress/wp-includes/css/wp-embed-template-ie.css[0m
[0;32m    amazon-ebs.ubuntu: wordpress/wp-includes/css/wp-embed-template-ie.min.css[0m
[0;32m    amazon-ebs.ubuntu: wordpress/wp-includes/css/media-views.css[0m
[0;32m    amazon-ebs.ubuntu: wordpress/wp-includes/css/jquery-ui-dialog-rtl.css[0m
[0;32m    amazon-ebs.ubuntu: wordpress/wp-includes/css/dashicons.css[0m
[0;32m    amazon-ebs.ubuntu: wordpress/wp-includes/css/editor-rtl.css[0m
[0;32m    amazon-ebs.ubuntu: wordpress/wp-includes/css/wp-auth-check-rtl.min.css[0m
[0;32m    amazon-ebs.ubuntu: wordpress/wp-includes/css/editor-rtl.min.css[0m
[0;32m    amazon-ebs.ubuntu: wordpress/wp-includes/css/customize-preview.min.css[0m
[0;32m    amazon-ebs.ubuntu: wordpress/wp-includes/css/buttons-rtl.min.css[0m
[0;32m    amazon-ebs.ubuntu: wordpress/wp-includes/css/wp-pointer.min.css[0m
[0;32m    amazon-ebs.ubuntu: wordpress/wp-includes/css/wp-auth-check.min.css[0m
[0;32m    amazon-ebs.ubuntu: wordpress/wp-includes/css/wp-auth-check.css[0m
[0;32m    amazon-ebs.ubuntu: wordpress/wp-includes/css/wp-auth-check-rtl.css[0m
[0;32m    amazon-ebs.ubuntu: wordpress/wp-includes/css/wp-embed-template.css[0m
[0;32m    amazon-ebs.ubuntu: wordpress/wp-includes/css/buttons.min.css[0m
[0;32m    amazon-ebs.ubuntu: wordpress/wp-includes/css/dashicons.min.css[0m
[0;32m    amazon-ebs.ubuntu: wordpress/wp-includes/theme-templates.php[0m
[0;32m    amazon-ebs.ubuntu: wordpress/wp-includes/class-wp-http-curl.php[0m
[0;32m    amazon-ebs.ubuntu: wordpress/wp-includes/class-wp-duotone.php[0m
[0;32m    amazon-ebs.ubuntu: wordpress/wp-includes/class-smtp.php[0m
[0;32m    amazon-ebs.ubuntu: wordpress/wp-includes/class-simplepie.php[0m
[0;32m    amazon-ebs.ubuntu: wordpress/wp-includes/class-wpdb.php[0m
[0;32m    amazon-ebs.ubuntu: wordpress/wp-includes/class-wp-role.php[0m
[0;32m    amazon-ebs.ubuntu: wordpress/wp-includes/feed.php[0m
[0;32m    amazon-ebs.ubuntu: wordpress/wp-includes/class-wp-simplepie-file.php[0m
[0;32m    amazon-ebs.ubuntu: wordpress/wp-includes/class-wp-theme.php[0m
[0;32m    amazon-ebs.ubuntu: wordpress/wp-includes/class-wp-theme-json.php[0m
[0;32m    amazon-ebs.ubuntu: wordpress/wp-includes/class-walker-page.php[0m
[0;32m    amazon-ebs.ubuntu: wordpress/wp-includes/class-wp-paused-extensions-storage.php[0m
[0;32m    amazon-ebs.ubuntu: wordpress/wp-includes/class-wp-block-editor-context.php[0m
[0;32m    amazon-ebs.ubuntu: wordpress/wp-includes/ms-default-filters.php[0m
[0;32m    amazon-ebs.ubuntu: wordpress/wp-includes/class-wp-theme-json-data.php[0m
[0;32m    amazon-ebs.ubuntu: wordpress/wp-includes/class-wp-http-requests-hooks.php[0m
[0;32m    amazon-ebs.ubuntu: wordpress/wp-includes/ms-files.php[0m
[0;32m    amazon-ebs.ubuntu: wordpress/wp-includes/class-wp-block-pattern-categories-registry.php[0m
[0;32m    amazon-ebs.ubuntu: wordpress/wp-includes/class-snoopy.php[0m
[0;32m    amazon-ebs.ubuntu: wordpress/wp-includes/class-wp-http.php[0m
[0;32m    amazon-ebs.ubuntu: wordpress/wp-includes/class-wp-post.php[0m
[0;32m    amazon-ebs.ubuntu: wordpress/wp-includes/class-http.php[0m
[0;32m    amazon-ebs.ubuntu: wordpress/wp-includes/media.php[0m
[0;32m    amazon-ebs.ubuntu: wordpress/wp-includes/script-loader.php[0m
[0;32m    amazon-ebs.ubuntu: wordpress/wp-includes/class-pop3.php[0m
[0;32m    amazon-ebs.ubuntu: wordpress/wp-includes/category.php[0m
[0;32m    amazon-ebs.ubuntu: wordpress/wp-includes/class-wp-recovery-mode-link-service.php[0m
[0;32m    amazon-ebs.ubuntu: wordpress/wp-includes/class-wp-customize-widgets.php[0m
[0;32m    amazon-ebs.ubuntu: wordpress/wp-includes/block-i18n.json[0m
[0;32m    amazon-ebs.ubuntu: wordpress/wp-includes/block-template-utils.php[0m
[0;32m    amazon-ebs.ubuntu: wordpress/wp-includes/Text/[0m
[0;32m    amazon-ebs.ubuntu: wordpress/wp-includes/Text/Diff/[0m
[0;32m    amazon-ebs.ubuntu: wordpress/wp-includes/Text/Diff/Renderer/[0m
[0;32m    amazon-ebs.ubuntu: wordpress/wp-includes/Text/Diff/Renderer/inline.php[0m
[0;32m    amazon-ebs.ubuntu: wordpress/wp-includes/Text/Diff/Renderer.php[0m
[0;32m    amazon-ebs.ubuntu: wordpress/wp-includes/Text/Diff/Engine/[0m
[0;32m    amazon-ebs.ubuntu: wordpress/wp-includes/Text/Diff/Engine/native.php[0m
[0;32m    amazon-ebs.ubuntu: wordpress/wp-includes/Text/Diff/Engine/string.php[0m
[0;32m    amazon-ebs.ubuntu: wordpress/wp-includes/Text/Diff/Engine/xdiff.php[0m
[0;32m    amazon-ebs.ubuntu: wordpress/wp-includes/Text/Diff/Engine/shell.php[0m
[0;32m    amazon-ebs.ubuntu: wordpress/wp-includes/Text/Diff.php[0m
[0;32m    amazon-ebs.ubuntu: wordpress/wp-includes/ms-deprecated.php[0m
[0;32m    amazon-ebs.ubuntu: wordpress/wp-includes/class-phpass.php[0m
[0;32m    amazon-ebs.ubuntu: wordpress/wp-includes/class-avif-info.php[0m
[0;32m    amazon-ebs.ubuntu: wordpress/wp-includes/class-wp-editor.php[0m
[0;32m    amazon-ebs.ubuntu: wordpress/wp-includes/class-wp-navigation-fallback.php[0m
[0;32m    amazon-ebs.ubuntu: wordpress/wp-includes/meta.php[0m
[0;32m    amazon-ebs.ubuntu: wordpress/wp-includes/assets/[0m
[0;32m    amazon-ebs.ubuntu: wordpress/wp-includes/assets/script-loader-packages.php[0m
[0;32m    amazon-ebs.ubuntu: wordpress/wp-includes/assets/script-loader-react-refresh-entry.php[0m
[0;32m    amazon-ebs.ubuntu: wordpress/wp-includes/assets/script-loader-packages.min.php[0m
[0;32m    amazon-ebs.ubuntu: wordpress/wp-includes/assets/script-loader-react-refresh-runtime.min.php[0m
[0;32m    amazon-ebs.ubuntu: wordpress/wp-includes/assets/script-loader-react-refresh-entry.min.php[0m
[0;32m    amazon-ebs.ubuntu: wordpress/wp-includes/assets/script-loader-react-refresh-runtime.php[0m
[0;32m    amazon-ebs.ubuntu: wordpress/wp-includes/taxonomy.php[0m
[0;32m    amazon-ebs.ubuntu: wordpress/wp-includes/rest-api.php[0m
[0;32m    amazon-ebs.ubuntu: wordpress/wp-includes/class-wp-widget-factory.php[0m
[0;32m    amazon-ebs.ubuntu: wordpress/wp-includes/nav-menu.php[0m
[0;32m    amazon-ebs.ubuntu: wordpress/wp-includes/class-wp-http-response.php[0m
[0;32m    amazon-ebs.ubuntu: wordpress/wp-includes/class-wp-tax-query.php[0m
[0;32m    amazon-ebs.ubuntu: wordpress/wp-includes/class-wp-http-ixr-client.php[0m
[0;32m    amazon-ebs.ubuntu: wordpress/wp-includes/shortcodes.php[0m
[0;32m    amazon-ebs.ubuntu: wordpress/wp-includes/user.php[0m
[0;32m    amazon-ebs.ubuntu: wordpress/wp-includes/class-wp-image-editor-gd.php[0m
[0;32m    amazon-ebs.ubuntu: wordpress/wp-includes/class-walker-nav-menu.php[0m
[0;32m    amazon-ebs.ubuntu: wordpress/wp-includes/class-wp-simplepie-sanitize-kses.php[0m
[0;32m    amazon-ebs.ubuntu: wordpress/wp-includes/ms-functions.php[0m
[0;32m    amazon-ebs.ubuntu: wordpress/wp-includes/class-wp-customize-section.php[0m
[0;32m    amazon-ebs.ubuntu: wordpress/wp-includes/class-wp-block-bindings-registry.php[0m
[0;32m    amazon-ebs.ubuntu: wordpress/wp-includes/class-wp-matchesmapregex.php[0m
[0;32m    amazon-ebs.ubuntu: wordpress/wp-includes/class-wp-recovery-mode-cookie-service.php[0m
[0;32m    amazon-ebs.ubuntu: wordpress/wp-includes/revision.php[0m
[0;32m    amazon-ebs.ubuntu: wordpress/wp-includes/functions.wp-styles.php[0m
[0;32m    amazon-ebs.ubuntu: wordpress/wp-includes/class-wp-customize-manager.php[0m
[0;32m    amazon-ebs.ubuntu: wordpress/wp-includes/class-walker-category.php[0m
[0;32m    amazon-ebs.ubuntu: wordpress/wp-includes/class-requests.php[0m
[0;32m    amazon-ebs.ubuntu: wordpress/wp-includes/query.php[0m
[0;32m    amazon-ebs.ubuntu: wordpress/wp-includes/ms-blogs.php[0m
[0;32m    amazon-ebs.ubuntu: wordpress/wp-includes/class-wp-network.php[0m
[0;32m    amazon-ebs.ubuntu: wordpress/wp-includes/cache-compat.php[0m
[0;32m    amazon-ebs.ubuntu: wordpress/wp-includes/html-api/[0m
[0;32m    amazon-ebs.ubuntu: wordpress/wp-includes/html-api/class-wp-html-text-replacement.php[0m
[0;32m    amazon-ebs.ubuntu: wordpress/wp-includes/html-api/class-wp-html-processor-state.php[0m
[0;32m    amazon-ebs.ubuntu: wordpress/wp-includes/html-api/class-wp-html-token.php[0m
[0;32m    amazon-ebs.ubuntu: wordpress/wp-includes/html-api/class-wp-html-attribute-token.php[0m
[0;32m    amazon-ebs.ubuntu: wordpress/wp-includes/html-api/class-wp-html-span.php[0m
[0;32m    amazon-ebs.ubuntu: wordpress/wp-includes/html-api/class-wp-html-unsupported-exception.php[0m
[0;32m    amazon-ebs.ubuntu: wordpress/wp-includes/html-api/class-wp-html-open-elements.php[0m
[0;32m    amazon-ebs.ubuntu: wordpress/wp-includes/html-api/class-wp-html-processor.php[0m
[0;32m    amazon-ebs.ubuntu: wordpress/wp-includes/html-api/class-wp-html-stack-event.php[0m
[0;32m    amazon-ebs.ubuntu: wordpress/wp-includes/html-api/html5-named-character-references.php[0m
[0;32m    amazon-ebs.ubuntu: wordpress/wp-includes/html-api/class-wp-html-active-formatting-elements.php[0m
[0;32m    amazon-ebs.ubuntu: wordpress/wp-includes/html-api/class-wp-html-tag-processor.php[0m
[0;32m    amazon-ebs.ubuntu: wordpress/wp-includes/html-api/class-wp-html-decoder.php[0m
[0;32m    amazon-ebs.ubuntu: wordpress/wp-includes/cron.php[0m
[0;32m    amazon-ebs.ubuntu: wordpress/wp-includes/blocks.php[0m
[0;32m    amazon-ebs.ubuntu: wordpress/wp-includes/class-wp-block-bindings-source.php[0m
[0;32m    amazon-ebs.ubuntu: wordpress/wp-includes/ms-site.php[0m
[0;32m    amazon-ebs.ubuntu: wordpress/wp-includes/feed-rss.php[0m
[0;32m    amazon-ebs.ubuntu: wordpress/wp-includes/rewrite.php[0m
[0;32m    amazon-ebs.ubuntu: wordpress/wp-includes/certificates/[0m
[0;32m    amazon-ebs.ubuntu: wordpress/wp-includes/certificates/ca-bundle.crt[0m
[0;32m    amazon-ebs.ubuntu: wordpress/wp-includes/class-wp-roles.php[0m
[0;32m    amazon-ebs.ubuntu: wordpress/wp-includes/embed-template.php[0m
[0;32m    amazon-ebs.ubuntu: wordpress/wp-includes/rss.php[0m
[0;32m    amazon-ebs.ubuntu: wordpress/wp-includes/canonical.php[0m
[0;32m    amazon-ebs.ubuntu: wordpress/wp-includes/class-wp-site.php[0m
[0;32m    amazon-ebs.ubuntu: wordpress/wp-includes/class-wp-comment.php[0m
[0;32m    amazon-ebs.ubuntu: wordpress/wp-includes/kses.php[0m
[0;32m    amazon-ebs.ubuntu: wordpress/wp-includes/ms-settings.php[0m
[0;32m    amazon-ebs.ubuntu: wordpress/wp-includes/class-wp-term-query.php[0m
[0;32m    amazon-ebs.ubuntu: wordpress/wp-includes/category-template.php[0m
[0;32m    amazon-ebs.ubuntu: wordpress/wp-includes/ID3/[0m
[0;32m    amazon-ebs.ubuntu: wordpress/wp-includes/ID3/module.tag.lyrics3.php[0m
[0;32m    amazon-ebs.ubuntu: wordpress/wp-includes/ID3/module.audio.dts.php[0m
[0;32m    amazon-ebs.ubuntu: wordpress/wp-includes/ID3/module.tag.id3v1.php[0m
[0;32m    amazon-ebs.ubuntu: wordpress/wp-includes/ID3/module.audio.flac.php[0m
[0;32m    amazon-ebs.ubuntu: wordpress/wp-includes/ID3/module.audio.mp3.php[0m
[0;32m    amazon-ebs.ubuntu: wordpress/wp-includes/ID3/module.audio-video.matroska.php[0m
[0;32m    amazon-ebs.ubuntu: wordpress/wp-includes/ID3/module.audio-video.quicktime.php[0m
[0;32m    amazon-ebs.ubuntu: wordpress/wp-includes/ID3/module.tag.apetag.php[0m
[0;32m    amazon-ebs.ubuntu: wordpress/wp-includes/ID3/getid3.lib.php[0m
[0;32m    amazon-ebs.ubuntu: wordpress/wp-includes/ID3/module.audio.ac3.php[0m
[0;32m    amazon-ebs.ubuntu: wordpress/wp-includes/ID3/getid3.php[0m
[0;32m    amazon-ebs.ubuntu: wordpress/wp-includes/ID3/license.txt[0m
[0;32m    amazon-ebs.ubuntu: wordpress/wp-includes/ID3/module.audio-video.flv.php[0m
[0;32m    amazon-ebs.ubuntu: wordpress/wp-includes/ID3/readme.txt[0m
[0;32m    amazon-ebs.ubuntu: wordpress/wp-includes/ID3/module.tag.id3v2.php[0m
[0;32m    amazon-ebs.ubuntu: wordpress/wp-includes/ID3/module.audio.ogg.php[0m
[0;32m    amazon-ebs.ubuntu: wordpress/wp-includes/ID3/module.audio-video.riff.php[0m
[0;32m    amazon-ebs.ubuntu: wordpress/wp-includes/ID3/module.audio-video.asf.php[0m
[0;32m    amazon-ebs.ubuntu: wordpress/wp-includes/class-walker-page-dropdown.php[0m
[0;32m    amazon-ebs.ubuntu: wordpress/wp-includes/class-wp-block-supports.php[0m
[0;32m    amazon-ebs.ubuntu: wordpress/wp-includes/class-wp-customize-panel.php[0m
[0;32m    amazon-ebs.ubuntu: wordpress/wp-includes/class-wp-locale.php[0m
[0;32m    amazon-ebs.ubuntu: wordpress/wp-includes/class-wp-user-meta-session-tokens.php[0m
[0;32m    amazon-ebs.ubuntu: wordpress/wp-includes/class-wp-block-parser-block.php[0m
[0;32m    amazon-ebs.ubuntu: wordpress/wp-includes/class-wp-http-requests-response.php[0m
[0;32m    amazon-ebs.ubuntu: wordpress/wp-includes/template-loader.php[0m
[0;32m    amazon-ebs.ubuntu: wordpress/wp-includes/interactivity-api/[0m
[0;32m    amazon-ebs.ubuntu: wordpress/wp-includes/interactivity-api/class-wp-interactivity-api.php[0m
[0;32m    amazon-ebs.ubuntu: wordpress/wp-includes/interactivity-api/class-wp-interactivity-api-directives-processor.php[0m
[0;32m    amazon-ebs.ubuntu: wordpress/wp-includes/interactivity-api/interactivity-api.php[0m
[0;32m    amazon-ebs.ubuntu: wordpress/wp-includes/class-wp-site-query.php[0m
[0;32m    amazon-ebs.ubuntu: wordpress/wp-includes/style-engine.php[0m
[0;32m    amazon-ebs.ubuntu: wordpress/wp-includes/rss-functions.php[0m
[0;32m    amazon-ebs.ubuntu: wordpress/wp-includes/vars.php[0m
[0;32m    amazon-ebs.ubuntu: wordpress/wp-includes/feed-rss2.php[0m
[0;32m    amazon-ebs.ubuntu: wordpress/wp-includes/sitemaps.php[0m
[0;32m    amazon-ebs.ubuntu: wordpress/wp-includes/general-template.php[0m
[0;32m    amazon-ebs.ubuntu: wordpress/wp-includes/class-wp-block-template.php[0m
[0;32m    amazon-ebs.ubuntu: wordpress/wp-includes/script-modules.php[0m
[0;32m    amazon-ebs.ubuntu: wordpress/wp-includes/default-constants.php[0m
[0;32m    amazon-ebs.ubuntu: wordpress/wp-includes/blocks/[0m
[0;32m    amazon-ebs.ubuntu: wordpress/wp-includes/blocks/latest-comments.php[0m
[0;32m    amazon-ebs.ubuntu: wordpress/wp-includes/blocks/post-content.php[0m
[0;32m    amazon-ebs.ubuntu: wordpress/wp-includes/blocks/navigation-link.php[0m
[0;32m    amazon-ebs.ubuntu: wordpress/wp-includes/blocks/navigation/[0m
[0;32m    amazon-ebs.ubuntu: wordpress/wp-includes/blocks/navigation/editor.min.css[0m
[0;32m    amazon-ebs.ubuntu: wordpress/wp-includes/blocks/navigation/style-rtl.min.css[0m
[0;32m    amazon-ebs.ubuntu: wordpress/wp-includes/blocks/navigation/block.json[0m
[0;32m    amazon-ebs.ubuntu: wordpress/wp-includes/blocks/navigation/editor.css[0m
[0;32m    amazon-ebs.ubuntu: wordpress/wp-includes/blocks/navigation/view-modal.min.asset.php[0m
[0;32m    amazon-ebs.ubuntu: wordpress/wp-includes/blocks/navigation/view.min.asset.php[0m
[0;32m    amazon-ebs.ubuntu: wordpress/wp-includes/blocks/navigation/view.js[0m
[0;32m    amazon-ebs.ubuntu: wordpress/wp-includes/blocks/navigation/style.min.css[0m
[0;32m    amazon-ebs.ubuntu: wordpress/wp-includes/blocks/navigation/editor-rtl.css[0m
[0;32m    amazon-ebs.ubuntu: wordpress/wp-includes/blocks/navigation/view.asset.php[0m
[0;32m    amazon-ebs.ubuntu: wordpress/wp-includes/blocks/navigation/view-modal.asset.php[0m
[0;32m    amazon-ebs.ubuntu: wordpress/wp-includes/blocks/navigation/editor-rtl.min.css[0m
[0;32m    amazon-ebs.ubuntu: wordpress/wp-includes/blocks/navigation/view.min.js[0m
[0;32m    amazon-ebs.ubuntu: wordpress/wp-includes/blocks/navigation/style-rtl.css[0m
[0;32m    amazon-ebs.ubuntu: wordpress/wp-includes/blocks/navigation/style.css[0m
[0;32m    amazon-ebs.ubuntu: wordpress/wp-includes/blocks/post-content/[0m
[0;32m    amazon-ebs.ubuntu: wordpress/wp-includes/blocks/post-content/editor.min.css[0m
[0;32m    amazon-ebs.ubuntu: wordpress/wp-includes/blocks/post-content/block.json[0m
[0;32m    amazon-ebs.ubuntu: wordpress/wp-includes/blocks/post-content/editor.css[0m
[0;32m    amazon-ebs.ubuntu: wordpress/wp-includes/blocks/post-content/editor-rtl.css[0m
[0;32m    amazon-ebs.ubuntu: wordpress/wp-includes/blocks/post-content/editor-rtl.min.css[0m
[0;32m    amazon-ebs.ubuntu: wordpress/wp-includes/blocks/comments/[0m
[0;32m    amazon-ebs.ubuntu: wordpress/wp-includes/blocks/comments/editor.min.css[0m
[0;32m    amazon-ebs.ubuntu: wordpress/wp-includes/blocks/comments/style-rtl.min.css[0m
[0;32m    amazon-ebs.ubuntu: wordpress/wp-includes/blocks/comments/block.json[0m
[0;32m    amazon-ebs.ubuntu: wordpress/wp-includes/blocks/comments/editor.css[0m
[0;32m    amazon-ebs.ubuntu: wordpress/wp-includes/blocks/comments/style.min.css[0m
[0;32m    amazon-ebs.ubuntu: wordpress/wp-includes/blocks/comments/editor-rtl.css[0m
[0;32m    amazon-ebs.ubuntu: wordpress/wp-includes/blocks/comments/editor-rtl.min.css[0m
[0;32m    amazon-ebs.ubuntu: wordpress/wp-includes/blocks/comments/style-rtl.css[0m
[0;32m    amazon-ebs.ubuntu: wordpress/wp-includes/blocks/comments/style.css[0m
[0;32m    amazon-ebs.ubuntu: wordpress/wp-includes/blocks/calendar.php[0m
[0;32m    amazon-ebs.ubuntu: wordpress/wp-includes/blocks/site-tagline.php[0m
[0;32m    amazon-ebs.ubuntu: wordpress/wp-includes/blocks/loginout.php[0m
[0;32m    amazon-ebs.ubuntu: wordpress/wp-includes/blocks/query-pagination-numbers/[0m
[0;32m    amazon-ebs.ubuntu: wordpress/wp-includes/blocks/query-pagination-numbers/editor.min.css[0m
[0;32m    amazon-ebs.ubuntu: wordpress/wp-includes/blocks/query-pagination-numbers/block.json[0m
[0;32m    amazon-ebs.ubuntu: wordpress/wp-includes/blocks/query-pagination-numbers/editor.css[0m
[0;32m    amazon-ebs.ubuntu: wordpress/wp-includes/blocks/query-pagination-numbers/editor-rtl.css[0m
[0;32m    amazon-ebs.ubuntu: wordpress/wp-includes/blocks/query-pagination-numbers/editor-rtl.min.css[0m
[0;32m    amazon-ebs.ubuntu: wordpress/wp-includes/blocks/gallery/[0m
[0;32m    amazon-ebs.ubuntu: wordpress/wp-includes/blocks/gallery/editor.min.css[0m
[0;32m    amazon-ebs.ubuntu: wordpress/wp-includes/blocks/gallery/style-rtl.min.css[0m
[0;32m    amazon-ebs.ubuntu: wordpress/wp-includes/blocks/gallery/theme.css[0m
[0;32m    amazon-ebs.ubuntu: wordpress/wp-includes/blocks/gallery/block.json[0m
[0;32m    amazon-ebs.ubuntu: wordpress/wp-includes/blocks/gallery/theme-rtl.min.css[0m
[0;32m    amazon-ebs.ubuntu: wordpress/wp-includes/blocks/gallery/editor.css[0m
[0;32m    amazon-ebs.ubuntu: wordpress/wp-includes/blocks/gallery/theme.min.css[0m
[0;32m    amazon-ebs.ubuntu: wordpress/wp-includes/blocks/gallery/style.min.css[0m
[0;32m    amazon-ebs.ubuntu: wordpress/wp-includes/blocks/gallery/theme-rtl.css[0m
[0;32m    amazon-ebs.ubuntu: wordpress/wp-includes/blocks/gallery/editor-rtl.css[0m
[0;32m    amazon-ebs.ubuntu: wordpress/wp-includes/blocks/gallery/editor-rtl.min.css[0m
[0;32m    amazon-ebs.ubuntu: wordpress/wp-includes/blocks/gallery/style-rtl.css[0m
[0;32m    amazon-ebs.ubuntu: wordpress/wp-includes/blocks/gallery/style.css[0m
[0;32m    amazon-ebs.ubuntu: wordpress/wp-includes/blocks/list.php[0m
[0;32m    amazon-ebs.ubuntu: wordpress/wp-includes/blocks/shortcode/[0m
[0;32m    amazon-ebs.ubuntu: wordpress/wp-includes/blocks/shortcode/editor.min.css[0m
[0;32m    amazon-ebs.ubuntu: wordpress/wp-includes/blocks/shortcode/block.json[0m
[0;32m    amazon-ebs.ubuntu: wordpress/wp-includes/blocks/shortcode/editor.css[0m
[0;32m    amazon-ebs.ubuntu: wordpress/wp-includes/blocks/shortcode/editor-rtl.css[0m
[0;32m    amazon-ebs.ubuntu: wordpress/wp-includes/blocks/shortcode/editor-rtl.min.css[0m
[0;32m    amazon-ebs.ubuntu: wordpress/wp-includes/blocks/calendar/[0m
[0;32m    amazon-ebs.ubuntu: wordpress/wp-includes/blocks/calendar/style-rtl.min.css[0m
[0;32m    amazon-ebs.ubuntu: wordpress/wp-includes/blocks/calendar/block.json[0m
[0;32m    amazon-ebs.ubuntu: wordpress/wp-includes/blocks/calendar/style.min.css[0m
[0;32m    amazon-ebs.ubuntu: wordpress/wp-includes/blocks/calendar/style-rtl.css[0m
[0;32m    amazon-ebs.ubuntu: wordpress/wp-includes/blocks/calendar/style.css[0m
[0;32m    amazon-ebs.ubuntu: wordpress/wp-includes/blocks/comment-content/[0m
[0;32m    amazon-ebs.ubuntu: wordpress/wp-includes/blocks/comment-content/style-rtl.min.css[0m
[0;32m    amazon-ebs.ubuntu: wordpress/wp-includes/blocks/comment-content/block.json[0m
[0;32m    amazon-ebs.ubuntu: wordpress/wp-includes/blocks/comment-content/style.min.css[0m
[0;32m    amazon-ebs.ubuntu: wordpress/wp-includes/blocks/comment-content/style-rtl.css[0m
[0;32m    amazon-ebs.ubuntu: wordpress/wp-includes/blocks/comment-content/style.css[0m
[0;32m    amazon-ebs.ubuntu: wordpress/wp-includes/blocks/details/[0m
[0;32m    amazon-ebs.ubuntu: wordpress/wp-includes/blocks/details/editor.min.css[0m
[0;32m    amazon-ebs.ubuntu: wordpress/wp-includes/blocks/details/style-rtl.min.css[0m
[0;32m    amazon-ebs.ubuntu: wordpress/wp-includes/blocks/details/block.json[0m
[0;32m    amazon-ebs.ubuntu: wordpress/wp-includes/blocks/details/editor.css[0m
[0;32m    amazon-ebs.ubuntu: wordpress/wp-includes/blocks/details/style.min.css[0m
[0;32m    amazon-ebs.ubuntu: wordpress/wp-includes/blocks/details/editor-rtl.css[0m
[0;32m    amazon-ebs.ubuntu: wordpress/wp-includes/blocks/details/editor-rtl.min.css[0m
[0;32m    amazon-ebs.ubuntu: wordpress/wp-includes/blocks/details/style-rtl.css[0m
[0;32m    amazon-ebs.ubuntu: wordpress/wp-includes/blocks/details/style.css[0m
[0;32m    amazon-ebs.ubuntu: wordpress/wp-includes/blocks/template-part/[0m
[0;32m    amazon-ebs.ubuntu: wordpress/wp-includes/blocks/template-part/editor.min.css[0m
[0;32m    amazon-ebs.ubuntu: wordpress/wp-includes/blocks/template-part/theme.css[0m
[0;32m    amazon-ebs.ubuntu: wordpress/wp-includes/blocks/template-part/block.json[0m
[0;32m    amazon-ebs.ubuntu: wordpress/wp-includes/blocks/template-part/theme-rtl.min.css[0m
[0;32m    amazon-ebs.ubuntu: wordpress/wp-includes/blocks/template-part/editor.css[0m
[0;32m    amazon-ebs.ubuntu: wordpress/wp-includes/blocks/template-part/theme.min.css[0m
[0;32m    amazon-ebs.ubuntu: wordpress/wp-includes/blocks/template-part/theme-rtl.css[0m
[0;32m    amazon-ebs.ubuntu: wordpress/wp-includes/blocks/template-part/editor-rtl.css[0m
[0;32m    amazon-ebs.ubuntu: wordpress/wp-includes/blocks/template-part/editor-rtl.min.css[0m
[0;32m    amazon-ebs.ubuntu: wordpress/wp-includes/blocks/button.php[0m
[0;32m    amazon-ebs.ubuntu: wordpress/wp-includes/blocks/comments-pagination-next.php[0m
[0;32m    amazon-ebs.ubuntu: wordpress/wp-includes/blocks/post-title.php[0m
[0;32m    amazon-ebs.ubuntu: wordpress/wp-includes/blocks/post-navigation-link/[0m
[0;32m    amazon-ebs.ubuntu: wordpress/wp-includes/blocks/post-navigation-link/style-rtl.min.css[0m
[0;32m    amazon-ebs.ubuntu: wordpress/wp-includes/blocks/post-navigation-link/block.json[0m
[0;32m    amazon-ebs.ubuntu: wordpress/wp-includes/blocks/post-navigation-link/style.min.css[0m
[0;32m    amazon-ebs.ubuntu: wordpress/wp-includes/blocks/post-navigation-link/style-rtl.css[0m
[0;32m    amazon-ebs.ubuntu: wordpress/wp-includes/blocks/post-navigation-link/style.css[0m
[0;32m    amazon-ebs.ubuntu: wordpress/wp-includes/blocks/require-dynamic-blocks.php[0m
[0;32m    amazon-ebs.ubuntu: wordpress/wp-includes/blocks/columns/[0m
[0;32m    amazon-ebs.ubuntu: wordpress/wp-includes/blocks/columns/editor.min.css[0m
[0;32m    amazon-ebs.ubuntu: wordpress/wp-includes/blocks/columns/style-rtl.min.css[0m
[0;32m    amazon-ebs.ubuntu: wordpress/wp-includes/blocks/columns/block.json[0m
[0;32m    amazon-ebs.ubuntu: wordpress/wp-includes/blocks/columns/editor.css[0m
[0;32m    amazon-ebs.ubuntu: wordpress/wp-includes/blocks/columns/style.min.css[0m
[0;32m    amazon-ebs.ubuntu: wordpress/wp-includes/blocks/columns/editor-rtl.css[0m
[0;32m    amazon-ebs.ubuntu: wordpress/wp-includes/blocks/columns/editor-rtl.min.css[0m
[0;32m    amazon-ebs.ubuntu: wordpress/wp-includes/blocks/columns/style-rtl.css[0m
[0;32m    amazon-ebs.ubuntu: wordpress/wp-includes/blocks/columns/style.css[0m
[0;32m    amazon-ebs.ubuntu: wordpress/wp-includes/blocks/shortcode.php[0m
[0;32m    amazon-ebs.ubuntu: wordpress/wp-includes/blocks/comment-reply-link/[0m
[0;32m    amazon-ebs.ubuntu: wordpress/wp-includes/blocks/comment-reply-link/block.json[0m
[0;32m    amazon-ebs.ubuntu: wordpress/wp-includes/blocks/post-author-name/[0m
[0;32m    amazon-ebs.ubuntu: wordpress/wp-includes/blocks/post-author-name/block.json[0m
[0;32m    amazon-ebs.ubuntu: wordpress/wp-includes/blocks/site-title.php[0m
[0;32m    amazon-ebs.ubuntu: wordpress/wp-includes/blocks/term-description/[0m
[0;32m    amazon-ebs.ubuntu: wordpress/wp-includes/blocks/term-description/style-rtl.min.css[0m
[0;32m    amazon-ebs.ubuntu: wordpress/wp-includes/blocks/term-description/block.json[0m
[0;32m    amazon-ebs.ubuntu: wordpress/wp-includes/blocks/term-description/style.min.css[0m
[0;32m    amazon-ebs.ubuntu: wordpress/wp-includes/blocks/term-description/style-rtl.css[0m
[0;32m    amazon-ebs.ubuntu: wordpress/wp-includes/blocks/term-description/style.css[0m
[0;32m    amazon-ebs.ubuntu: wordpress/wp-includes/blocks/code/[0m
[0;32m    amazon-ebs.ubuntu: wordpress/wp-includes/blocks/code/editor.min.css[0m
[0;32m    amazon-ebs.ubuntu: wordpress/wp-includes/blocks/code/style-rtl.min.css[0m
[0;32m    amazon-ebs.ubuntu: wordpress/wp-includes/blocks/code/theme.css[0m
[0;32m    amazon-ebs.ubuntu: wordpress/wp-includes/blocks/code/block.json[0m
[0;32m    amazon-ebs.ubuntu: wordpress/wp-includes/blocks/code/theme-rtl.min.css[0m
[0;32m    amazon-ebs.ubuntu: wordpress/wp-includes/blocks/code/editor.css[0m
[0;32m    amazon-ebs.ubuntu: wordpress/wp-includes/blocks/code/theme.min.css[0m
[0;32m    amazon-ebs.ubuntu: wordpress/wp-includes/blocks/code/style.min.css[0m
[0;32m    amazon-ebs.ubuntu: wordpress/wp-includes/blocks/code/theme-rtl.css[0m
[0;32m    amazon-ebs.ubuntu: wordpress/wp-includes/blocks/code/editor-rtl.css[0m
[0;32m    amazon-ebs.ubuntu: wordpress/wp-includes/blocks/code/editor-rtl.min.css[0m
[0;32m    amazon-ebs.ubuntu: wordpress/wp-includes/blocks/code/style-rtl.css[0m
[0;32m    amazon-ebs.ubuntu: wordpress/wp-includes/blocks/code/style.css[0m
[0;32m    amazon-ebs.ubuntu: wordpress/wp-includes/blocks/comment-date.php[0m
[0;32m    amazon-ebs.ubuntu: wordpress/wp-includes/blocks/footnotes/[0m
[0;32m    amazon-ebs.ubuntu: wordpress/wp-includes/blocks/footnotes/style-rtl.min.css[0m
[0;32m    amazon-ebs.ubuntu: wordpress/wp-includes/blocks/footnotes/block.json[0m
[0;32m    amazon-ebs.ubuntu: wordpress/wp-includes/blocks/footnotes/style.min.css[0m
[0;32m    amazon-ebs.ubuntu: wordpress/wp-includes/blocks/footnotes/style-rtl.css[0m
[0;32m    amazon-ebs.ubuntu: wordpress/wp-includes/blocks/footnotes/style.css[0m
[0;32m    amazon-ebs.ubuntu: wordpress/wp-includes/blocks/comments-pagination.php[0m
[0;32m    amazon-ebs.ubuntu: wordpress/wp-includes/blocks/loginout/[0m
[0;32m    amazon-ebs.ubuntu: wordpress/wp-includes/blocks/loginout/block.json[0m
[0;32m    amazon-ebs.ubuntu: wordpress/wp-includes/blocks/avatar/[0m
[0;32m    amazon-ebs.ubuntu: wordpress/wp-includes/blocks/avatar/editor.min.css[0m
[0;32m    amazon-ebs.ubuntu: wordpress/wp-includes/blocks/avatar/style-rtl.min.css[0m
[0;32m    amazon-ebs.ubuntu: wordpress/wp-includes/blocks/avatar/block.json[0m
[0;32m    amazon-ebs.ubuntu: wordpress/wp-includes/blocks/avatar/editor.css[0m
[0;32m    amazon-ebs.ubuntu: wordpress/wp-includes/blocks/avatar/style.min.css[0m
[0;32m    amazon-ebs.ubuntu: wordpress/wp-includes/blocks/avatar/editor-rtl.css[0m
[0;32m    amazon-ebs.ubuntu: wordpress/wp-includes/blocks/avatar/editor-rtl.min.css[0m
[0;32m    amazon-ebs.ubuntu: wordpress/wp-includes/blocks/avatar/style-rtl.css[0m
[0;32m    amazon-ebs.ubuntu: wordpress/wp-includes/blocks/avatar/style.css[0m
[0;32m    amazon-ebs.ubuntu: wordpress/wp-includes/blocks/button/[0m
[0;32m    amazon-ebs.ubuntu: wordpress/wp-includes/blocks/button/editor.min.css[0m
[0;32m    amazon-ebs.ubuntu: wordpress/wp-includes/blocks/button/style-rtl.min.css[0m
[0;32m    amazon-ebs.ubuntu: wordpress/wp-includes/blocks/button/block.json[0m
[0;32m    amazon-ebs.ubuntu: wordpress/wp-includes/blocks/button/editor.css[0m
[0;32m    amazon-ebs.ubuntu: wordpress/wp-includes/blocks/button/style.min.css[0m
[0;32m    amazon-ebs.ubuntu: wordpress/wp-includes/blocks/button/editor-rtl.css[0m
[0;32m    amazon-ebs.ubuntu: wordpress/wp-includes/blocks/button/editor-rtl.min.css[0m
[0;32m    amazon-ebs.ubuntu: wordpress/wp-includes/blocks/button/style-rtl.css[0m
[0;32m    amazon-ebs.ubuntu: wordpress/wp-includes/blocks/button/style.css[0m
[0;32m    amazon-ebs.ubuntu: wordpress/wp-includes/blocks/comments-title/[0m
[0;32m    amazon-ebs.ubuntu: wordpress/wp-includes/blocks/comments-title/editor.min.css[0m
[0;32m    amazon-ebs.ubuntu: wordpress/wp-includes/blocks/comments-title/block.json[0m
[0;32m    amazon-ebs.ubuntu: wordpress/wp-includes/blocks/comments-title/editor.css[0m
[0;32m    amazon-ebs.ubuntu: wordpress/wp-includes/blocks/comments-title/editor-rtl.css[0m
[0;32m    amazon-ebs.ubuntu: wordpress/wp-includes/blocks/comments-title/editor-rtl.min.css[0m
[0;32m    amazon-ebs.ubuntu: wordpress/wp-includes/blocks/image.php[0m
[0;32m    amazon-ebs.ubuntu: wordpress/wp-includes/blocks/widget-group.php[0m
[0;32m    amazon-ebs.ubuntu: wordpress/wp-includes/blocks/comments-pagination-numbers.php[0m
[0;32m    amazon-ebs.ubuntu: wordpress/wp-includes/blocks/post-author.php[0m
[0;32m    amazon-ebs.ubuntu: wordpress/wp-includes/blocks/post-author-biography/[0m
[0;32m    amazon-ebs.ubuntu: wordpress/wp-includes/blocks/post-author-biography/block.json[0m
[0;32m    amazon-ebs.ubuntu: wordpress/wp-includes/blocks/categories/[0m
[0;32m    amazon-ebs.ubuntu: wordpress/wp-includes/blocks/categories/editor.min.css[0m
[0;32m    amazon-ebs.ubuntu: wordpress/wp-includes/blocks/categories/style-rtl.min.css[0m
[0;32m    amazon-ebs.ubuntu: wordpress/wp-includes/blocks/categories/block.json[0m
[0;32m    amazon-ebs.ubuntu: wordpress/wp-includes/blocks/categories/editor.css[0m
[0;32m    amazon-ebs.ubuntu: wordpress/wp-includes/blocks/categories/style.min.css[0m
[0;32m    amazon-ebs.ubuntu: wordpress/wp-includes/blocks/categories/editor-rtl.css[0m
[0;32m    amazon-ebs.ubuntu: wordpress/wp-includes/blocks/categories/editor-rtl.min.css[0m
[0;32m    amazon-ebs.ubuntu: wordpress/wp-includes/blocks/categories/style-rtl.css[0m
[0;32m    amazon-ebs.ubuntu: wordpress/wp-includes/blocks/categories/style.css[0m
[0;32m    amazon-ebs.ubuntu: wordpress/wp-includes/blocks/social-link/[0m
[0;32m    amazon-ebs.ubuntu: wordpress/wp-includes/blocks/social-link/editor.min.css[0m
[0;32m    amazon-ebs.ubuntu: wordpress/wp-includes/blocks/social-link/block.json[0m
[0;32m    amazon-ebs.ubuntu: wordpress/wp-includes/blocks/social-link/editor.css[0m
[0;32m    amazon-ebs.ubuntu: wordpress/wp-includes/blocks/social-link/editor-rtl.css[0m
[0;32m    amazon-ebs.ubuntu: wordpress/wp-includes/blocks/social-link/editor-rtl.min.css[0m
[0;32m    amazon-ebs.ubuntu: wordpress/wp-includes/blocks/separator/[0m
[0;32m    amazon-ebs.ubuntu: wordpress/wp-includes/blocks/separator/editor.min.css[0m
[0;32m    amazon-ebs.ubuntu: wordpress/wp-includes/blocks/separator/style-rtl.min.css[0m
[0;32m    amazon-ebs.ubuntu: wordpress/wp-includes/blocks/separator/theme.css[0m
[0;32m    amazon-ebs.ubuntu: wordpress/wp-includes/blocks/separator/block.json[0m
[0;32m    amazon-ebs.ubuntu: wordpress/wp-includes/blocks/separator/theme-rtl.min.css[0m
[0;32m    amazon-ebs.ubuntu: wordpress/wp-includes/blocks/separator/editor.css[0m
[0;32m    amazon-ebs.ubuntu: wordpress/wp-includes/blocks/separator/theme.min.css[0m
[0;32m    amazon-ebs.ubuntu: wordpress/wp-includes/blocks/separator/style.min.css[0m
[0;32m    amazon-ebs.ubuntu: wordpress/wp-includes/blocks/separator/theme-rtl.css[0m
[0;32m    amazon-ebs.ubuntu: wordpress/wp-includes/blocks/separator/editor-rtl.css[0m
[0;32m    amazon-ebs.ubuntu: wordpress/wp-includes/blocks/separator/editor-rtl.min.css[0m
[0;32m    amazon-ebs.ubuntu: wordpress/wp-includes/blocks/separator/style-rtl.css[0m
[0;32m    amazon-ebs.ubuntu: wordpress/wp-includes/blocks/separator/style.css[0m
[0;32m    amazon-ebs.ubuntu: wordpress/wp-includes/blocks/html/[0m
[0;32m    amazon-ebs.ubuntu: wordpress/wp-includes/blocks/html/editor.min.css[0m
[0;32m    amazon-ebs.ubuntu: wordpress/wp-includes/blocks/html/block.json[0m
[0;32m    amazon-ebs.ubuntu: wordpress/wp-includes/blocks/html/editor.css[0m
[0;32m    amazon-ebs.ubuntu: wordpress/wp-includes/blocks/html/editor-rtl.css[0m
[0;32m    amazon-ebs.ubuntu: wordpress/wp-includes/blocks/html/editor-rtl.min.css[0m
[0;32m    amazon-ebs.ubuntu: wordpress/wp-includes/blocks/page-list/[0m
[0;32m    amazon-ebs.ubuntu: wordpress/wp-includes/blocks/page-list/editor.min.css[0m
[0;32m    amazon-ebs.ubuntu: wordpress/wp-includes/blocks/page-list/style-rtl.min.css[0m
[0;32m    amazon-ebs.ubuntu: wordpress/wp-includes/blocks/page-list/block.json[0m
[0;32m    amazon-ebs.ubuntu: wordpress/wp-includes/blocks/page-list/editor.css[0m
[0;32m    amazon-ebs.ubuntu: wordpress/wp-includes/blocks/page-list/style.min.css[0m
[0;32m    amazon-ebs.ubuntu: wordpress/wp-includes/blocks/page-list/editor-rtl.css[0m
[0;32m    amazon-ebs.ubuntu: wordpress/wp-includes/blocks/page-list/editor-rtl.min.css[0m
[0;32m    amazon-ebs.ubuntu: wordpress/wp-includes/blocks/page-list/style-rtl.css[0m
[0;32m    amazon-ebs.ubuntu: wordpress/wp-includes/blocks/page-list/style.css[0m
[0;32m    amazon-ebs.ubuntu: wordpress/wp-includes/blocks/home-link/[0m
[0;32m    amazon-ebs.ubuntu: wordpress/wp-includes/blocks/home-link/block.json[0m
[0;32m    amazon-ebs.ubuntu: wordpress/wp-includes/blocks/pattern/[0m
[0;32m    amazon-ebs.ubuntu: wordpress/wp-includes/blocks/pattern/block.json[0m
[0;32m    amazon-ebs.ubuntu: wordpress/wp-includes/blocks/social-link.php[0m
[0;32m    amazon-ebs.ubuntu: wordpress/wp-includes/blocks/require-static-blocks.php[0m
[0;32m    amazon-ebs.ubuntu: wordpress/wp-includes/blocks/query-pagination-previous/[0m
[0;32m    amazon-ebs.ubuntu: wordpress/wp-includes/blocks/query-pagination-previous/block.json[0m
[0;32m    amazon-ebs.ubuntu: wordpress/wp-includes/blocks/widget-group/[0m
[0;32m    amazon-ebs.ubuntu: wordpress/wp-includes/blocks/widget-group/block.json[0m
[0;32m    amazon-ebs.ubuntu: wordpress/wp-includes/blocks/freeform/[0m
[0;32m    amazon-ebs.ubuntu: wordpress/wp-includes/blocks/freeform/editor.min.css[0m
[0;32m    amazon-ebs.ubuntu: wordpress/wp-includes/blocks/freeform/block.json[0m
[0;32m    amazon-ebs.ubuntu: wordpress/wp-includes/blocks/freeform/editor.css[0m
[0;32m    amazon-ebs.ubuntu: wordpress/wp-includes/blocks/freeform/editor-rtl.css[0m
[0;32m    amazon-ebs.ubuntu: wordpress/wp-includes/blocks/freeform/editor-rtl.min.css[0m
[0;32m    amazon-ebs.ubuntu: wordpress/wp-includes/blocks/audio/[0m
[0;32m    amazon-ebs.ubuntu: wordpress/wp-includes/blocks/audio/editor.min.css[0m
[0;32m    amazon-ebs.ubuntu: wordpress/wp-includes/blocks/audio/style-rtl.min.css[0m
[0;32m    amazon-ebs.ubuntu: wordpress/wp-includes/blocks/audio/theme.css[0m
[0;32m    amazon-ebs.ubuntu: wordpress/wp-includes/blocks/audio/block.json[0m
[0;32m    amazon-ebs.ubuntu: wordpress/wp-includes/blocks/audio/theme-rtl.min.css[0m
[0;32m    amazon-ebs.ubuntu: wordpress/wp-includes/blocks/audio/editor.css[0m
[0;32m    amazon-ebs.ubuntu: wordpress/wp-includes/blocks/audio/theme.min.css[0m
[0;32m    amazon-ebs.ubuntu: wordpress/wp-includes/blocks/audio/style.min.css[0m
[0;32m    amazon-ebs.ubuntu: wordpress/wp-includes/blocks/audio/theme-rtl.css[0m
[0;32m    amazon-ebs.ubuntu: wordpress/wp-includes/blocks/audio/editor-rtl.css[0m
[0;32m    amazon-ebs.ubuntu: wordpress/wp-includes/blocks/audio/editor-rtl.min.css[0m
[0;32m    amazon-ebs.ubuntu: wordpress/wp-includes/blocks/audio/style-rtl.css[0m
[0;32m    amazon-ebs.ubuntu: wordpress/wp-includes/blocks/audio/style.css[0m
[0;32m    amazon-ebs.ubuntu: wordpress/wp-includes/blocks/query/[0m
[0;32m    amazon-ebs.ubuntu: wordpress/wp-includes/blocks/query/editor.min.css[0m
[0;32m    amazon-ebs.ubuntu: wordpress/wp-includes/blocks/query/block.json[0m
[0;32m    amazon-ebs.ubuntu: wordpress/wp-includes/blocks/query/editor.css[0m
[0;32m    amazon-ebs.ubuntu: wordpress/wp-includes/blocks/query/view.min.asset.php[0m
[0;32m    amazon-ebs.ubuntu: wordpress/wp-includes/blocks/query/view.js[0m
[0;32m    amazon-ebs.ubuntu: wordpress/wp-includes/blocks/query/editor-rtl.css[0m
[0;32m    amazon-ebs.ubuntu: wordpress/wp-includes/blocks/query/view.asset.php[0m
[0;32m    amazon-ebs.ubuntu: wordpress/wp-includes/blocks/query/editor-rtl.min.css[0m
[0;32m    amazon-ebs.ubuntu: wordpress/wp-includes/blocks/query/view.min.js[0m
[0;32m    amazon-ebs.ubuntu: wordpress/wp-includes/blocks/blocks-json.php[0m
[0;32m    amazon-ebs.ubuntu: wordpress/wp-includes/blocks/home-link.php[0m
[0;32m    amazon-ebs.ubuntu: wordpress/wp-includes/blocks/post-excerpt.php[0m
[0;32m    amazon-ebs.ubuntu: wordpress/wp-includes/blocks/post-author-name.php[0m
[0;32m    amazon-ebs.ubuntu: wordpress/wp-includes/blocks/site-tagline/[0m
[0;32m    amazon-ebs.ubuntu: wordpress/wp-includes/blocks/site-tagline/editor.min.css[0m
[0;32m    amazon-ebs.ubuntu: wordpress/wp-includes/blocks/site-tagline/block.json[0m
[0;32m    amazon-ebs.ubuntu: wordpress/wp-includes/blocks/site-tagline/editor.css[0m
[0;32m    amazon-ebs.ubuntu: wordpress/wp-includes/blocks/site-tagline/editor-rtl.css[0m
[0;32m    amazon-ebs.ubuntu: wordpress/wp-includes/blocks/site-tagline/editor-rtl.min.css[0m
[0;32m    amazon-ebs.ubuntu: wordpress/wp-includes/blocks/verse/[0m
[0;32m    amazon-ebs.ubuntu: wordpress/wp-includes/blocks/verse/style-rtl.min.css[0m
[0;32m    amazon-ebs.ubuntu: wordpress/wp-includes/blocks/verse/block.json[0m
[0;32m    amazon-ebs.ubuntu: wordpress/wp-includes/blocks/verse/style.min.css[0m
[0;32m    amazon-ebs.ubuntu: wordpress/wp-includes/blocks/verse/style-rtl.css[0m
[0;32m    amazon-ebs.ubuntu: wordpress/wp-includes/blocks/verse/style.css[0m
[0;32m    amazon-ebs.ubuntu: wordpress/wp-includes/blocks/site-logo/[0m
[0;32m    amazon-ebs.ubuntu: wordpress/wp-includes/blocks/site-logo/editor.min.css[0m
[0;32m    amazon-ebs.ubuntu: wordpress/wp-includes/blocks/site-logo/style-rtl.min.css[0m
[0;32m    amazon-ebs.ubuntu: wordpress/wp-includes/blocks/site-logo/block.json[0m
[0;32m    amazon-ebs.ubuntu: wordpress/wp-includes/blocks/site-logo/editor.css[0m
[0;32m    amazon-ebs.ubuntu: wordpress/wp-includes/blocks/site-logo/style.min.css[0m
[0;32m    amazon-ebs.ubuntu: wordpress/wp-includes/blocks/site-logo/editor-rtl.css[0m
[0;32m    amazon-ebs.ubuntu: wordpress/wp-includes/blocks/site-logo/editor-rtl.min.css[0m
[0;32m    amazon-ebs.ubuntu: wordpress/wp-includes/blocks/site-logo/style-rtl.css[0m
[0;32m    amazon-ebs.ubuntu: wordpress/wp-includes/blocks/site-logo/style.css[0m
[0;32m    amazon-ebs.ubuntu: wordpress/wp-includes/blocks/query.php[0m
[0;32m    amazon-ebs.ubuntu: wordpress/wp-includes/blocks/site-title/[0m
[0;32m    amazon-ebs.ubuntu: wordpress/wp-includes/blocks/site-title/editor.min.css[0m
[0;32m    amazon-ebs.ubuntu: wordpress/wp-includes/blocks/site-title/style-rtl.min.css[0m
[0;32m    amazon-ebs.ubuntu: wordpress/wp-includes/blocks/site-title/block.json[0m
[0;32m    amazon-ebs.ubuntu: wordpress/wp-includes/blocks/site-title/editor.css[0m
[0;32m    amazon-ebs.ubuntu: wordpress/wp-includes/blocks/site-title/style.min.css[0m
[0;32m    amazon-ebs.ubuntu: wordpress/wp-includes/blocks/site-title/editor-rtl.css[0m
[0;32m    amazon-ebs.ubuntu: wordpress/wp-includes/blocks/site-title/editor-rtl.min.css[0m
[0;32m    amazon-ebs.ubuntu: wordpress/wp-includes/blocks/site-title/style-rtl.css[0m
[0;32m    amazon-ebs.ubuntu: wordpress/wp-includes/blocks/site-title/style.css[0m
[0;32m    amazon-ebs.ubuntu: wordpress/wp-includes/blocks/page-list.php[0m
[0;32m    amazon-ebs.ubuntu: wordpress/wp-includes/blocks/search.php[0m
[0;32m    amazon-ebs.ubuntu: wordpress/wp-includes/blocks/query-no-results/[0m
[0;32m    amazon-ebs.ubuntu: wordpress/wp-includes/blocks/query-no-results/block.json[0m
[0;32m    amazon-ebs.ubuntu: wordpress/wp-includes/blocks/heading/[0m
[0;32m    amazon-ebs.ubuntu: wordpress/wp-includes/blocks/heading/style-rtl.min.css[0m
[0;32m    amazon-ebs.ubuntu: wordpress/wp-includes/blocks/heading/block.json[0m
[0;32m    amazon-ebs.ubuntu: wordpress/wp-includes/blocks/heading/style.min.css[0m
[0;32m    amazon-ebs.ubuntu: wordpress/wp-includes/blocks/heading/style-rtl.css[0m
[0;32m    amazon-ebs.ubuntu: wordpress/wp-includes/blocks/heading/style.css[0m
[0;32m    amazon-ebs.ubuntu: wordpress/wp-includes/blocks/block.php[0m
[0;32m    amazon-ebs.ubuntu: wordpress/wp-includes/blocks/pullquote/[0m
[0;32m    amazon-ebs.ubuntu: wordpress/wp-includes/blocks/pullquote/editor.min.css[0m
[0;32m    amazon-ebs.ubuntu: wordpress/wp-includes/blocks/pullquote/style-rtl.min.css[0m
[0;32m    amazon-ebs.ubuntu: wordpress/wp-includes/blocks/pullquote/theme.css[0m
[0;32m    amazon-ebs.ubuntu: wordpress/wp-includes/blocks/pullquote/block.json[0m
[0;32m    amazon-ebs.ubuntu: wordpress/wp-includes/blocks/pullquote/theme-rtl.min.css[0m
[0;32m    amazon-ebs.ubuntu: wordpress/wp-includes/blocks/pullquote/editor.css[0m
[0;32m    amazon-ebs.ubuntu: wordpress/wp-includes/blocks/pullquote/theme.min.css[0m
[0;32m    amazon-ebs.ubuntu: wordpress/wp-includes/blocks/pullquote/style.min.css[0m
[0;32m    amazon-ebs.ubuntu: wordpress/wp-includes/blocks/pullquote/theme-rtl.css[0m
[0;32m    amazon-ebs.ubuntu: wordpress/wp-includes/blocks/pullquote/editor-rtl.css[0m
[0;32m    amazon-ebs.ubuntu: wordpress/wp-includes/blocks/pullquote/editor-rtl.min.css[0m
[0;32m    amazon-ebs.ubuntu: wordpress/wp-includes/blocks/pullquote/style-rtl.css[0m
[0;32m    amazon-ebs.ubuntu: wordpress/wp-includes/blocks/pullquote/style.css[0m
[0;32m    amazon-ebs.ubuntu: wordpress/wp-includes/blocks/buttons/[0m
[0;32m    amazon-ebs.ubuntu: wordpress/wp-includes/blocks/buttons/editor.min.css[0m
[0;32m    amazon-ebs.ubuntu: wordpress/wp-includes/blocks/buttons/style-rtl.min.css[0m
[0;32m    amazon-ebs.ubuntu: wordpress/wp-includes/blocks/buttons/block.json[0m
[0;32m    amazon-ebs.ubuntu: wordpress/wp-includes/blocks/buttons/editor.css[0m
[0;32m    amazon-ebs.ubuntu: wordpress/wp-includes/blocks/buttons/style.min.css[0m
[0;32m    amazon-ebs.ubuntu: wordpress/wp-includes/blocks/buttons/editor-rtl.css[0m
[0;32m    amazon-ebs.ubuntu: wordpress/wp-includes/blocks/buttons/editor-rtl.min.css[0m
[0;32m    amazon-ebs.ubuntu: wordpress/wp-includes/blocks/buttons/style-rtl.css[0m
[0;32m    amazon-ebs.ubuntu: wordpress/wp-includes/blocks/buttons/style.css[0m
[0;32m    amazon-ebs.ubuntu: wordpress/wp-includes/blocks/post-featured-image.php[0m
[0;32m    amazon-ebs.ubuntu: wordpress/wp-includes/blocks/post-terms.php[0m
[0;32m    amazon-ebs.ubuntu: wordpress/wp-includes/blocks/rss.php[0m
[0;32m    amazon-ebs.ubuntu: wordpress/wp-includes/blocks/nextpage/[0m
[0;32m    amazon-ebs.ubuntu: wordpress/wp-includes/blocks/nextpage/editor.min.css[0m
[0;32m    amazon-ebs.ubuntu: wordpress/wp-includes/blocks/nextpage/block.json[0m
[0;32m    amazon-ebs.ubuntu: wordpress/wp-includes/blocks/nextpage/editor.css[0m
[0;32m    amazon-ebs.ubuntu: wordpress/wp-includes/blocks/nextpage/editor-rtl.css[0m
[0;32m    amazon-ebs.ubuntu: wordpress/wp-includes/blocks/nextpage/editor-rtl.min.css[0m
[0;32m    amazon-ebs.ubuntu: wordpress/wp-includes/blocks/paragraph/[0m
[0;32m    amazon-ebs.ubuntu: wordpress/wp-includes/blocks/paragraph/editor.min.css[0m
[0;32m    amazon-ebs.ubuntu: wordpress/wp-includes/blocks/paragraph/style-rtl.min.css[0m
[0;32m    amazon-ebs.ubuntu: wordpress/wp-includes/blocks/paragraph/block.json[0m
[0;32m    amazon-ebs.ubuntu: wordpress/wp-includes/blocks/paragraph/editor.css[0m
[0;32m    amazon-ebs.ubuntu: wordpress/wp-includes/blocks/paragraph/style.min.css[0m
[0;32m    amazon-ebs.ubuntu: wordpress/wp-includes/blocks/paragraph/editor-rtl.css[0m
[0;32m    amazon-ebs.ubuntu: wordpress/wp-includes/blocks/paragraph/editor-rtl.min.css[0m
[0;32m    amazon-ebs.ubuntu: wordpress/wp-includes/blocks/paragraph/style-rtl.css[0m
[0;32m    amazon-ebs.ubuntu: wordpress/wp-includes/blocks/paragraph/style.css[0m
[0;32m    amazon-ebs.ubuntu: wordpress/wp-includes/blocks/media-text.php[0m
[0;32m    amazon-ebs.ubuntu: wordpress/wp-includes/blocks/footnotes.php[0m
[0;32m    amazon-ebs.ubuntu: wordpress/wp-includes/blocks/navigation-submenu/[0m
[0;32m    amazon-ebs.ubuntu: wordpress/wp-includes/blocks/navigation-submenu/editor.min.css[0m
[0;32m    amazon-ebs.ubuntu: wordpress/wp-includes/blocks/navigation-submenu/block.json[0m
[0;32m    amazon-ebs.ubuntu: wordpress/wp-includes/blocks/navigation-submenu/editor.css[0m
[0;32m    amazon-ebs.ubuntu: wordpress/wp-includes/blocks/navigation-submenu/editor-rtl.css[0m
[0;32m    amazon-ebs.ubuntu: wordpress/wp-includes/blocks/navigation-submenu/editor-rtl.min.css[0m
[0;32m    amazon-ebs.ubuntu: wordpress/wp-includes/blocks/archives/[0m
[0;32m    amazon-ebs.ubuntu: wordpress/wp-includes/blocks/archives/editor.min.css[0m
[0;32m    amazon-ebs.ubuntu: wordpress/wp-includes/blocks/archives/style-rtl.min.css[0m
[0;32m    amazon-ebs.ubuntu: wordpress/wp-includes/blocks/archives/block.json[0m
[0;32m    amazon-ebs.ubuntu: wordpress/wp-includes/blocks/archives/editor.css[0m
[0;32m    amazon-ebs.ubuntu: wordpress/wp-includes/blocks/archives/style.min.css[0m
[0;32m    amazon-ebs.ubuntu: wordpress/wp-includes/blocks/archives/editor-rtl.css[0m
[0;32m    amazon-ebs.ubuntu: wordpress/wp-includes/blocks/archives/editor-rtl.min.css[0m
[0;32m    amazon-ebs.ubuntu: wordpress/wp-includes/blocks/archives/style-rtl.css[0m
[0;32m    amazon-ebs.ubuntu: wordpress/wp-includes/blocks/archives/style.css[0m
[0;32m    amazon-ebs.ubuntu: wordpress/wp-includes/blocks/post-template/[0m
[0;32m    amazon-ebs.ubuntu: wordpress/wp-includes/blocks/post-template/editor.min.css[0m
[0;32m    amazon-ebs.ubuntu: wordpress/wp-includes/blocks/post-template/style-rtl.min.css[0m
[0;32m    amazon-ebs.ubuntu: wordpress/wp-includes/blocks/post-template/block.json[0m
[0;32m    amazon-ebs.ubuntu: wordpress/wp-includes/blocks/post-template/editor.css[0m
[0;32m    amazon-ebs.ubuntu: wordpress/wp-includes/blocks/post-template/style.min.css[0m
[0;32m    amazon-ebs.ubuntu: wordpress/wp-includes/blocks/post-template/editor-rtl.css[0m
[0;32m    amazon-ebs.ubuntu: wordpress/wp-includes/blocks/post-template/editor-rtl.min.css[0m
[0;32m    amazon-ebs.ubuntu: wordpress/wp-includes/blocks/post-template/style-rtl.css[0m
[0;32m    amazon-ebs.ubuntu: wordpress/wp-includes/blocks/post-template/style.css[0m
[0;32m    amazon-ebs.ubuntu: wordpress/wp-includes/blocks/query-pagination/[0m
[0;32m    amazon-ebs.ubuntu: wordpress/wp-includes/blocks/query-pagination/editor.min.css[0m
[0;32m    amazon-ebs.ubuntu: wordpress/wp-includes/blocks/query-pagination/style-rtl.min.css[0m
[0;32m    amazon-ebs.ubuntu: wordpress/wp-includes/blocks/query-pagination/block.json[0m
[0;32m    amazon-ebs.ubuntu: wordpress/wp-includes/blocks/query-pagination/editor.css[0m
[0;32m    amazon-ebs.ubuntu: wordpress/wp-includes/blocks/query-pagination/style.min.css[0m
[0;32m    amazon-ebs.ubuntu: wordpress/wp-includes/blocks/query-pagination/editor-rtl.css[0m
[0;32m    amazon-ebs.ubuntu: wordpress/wp-includes/blocks/query-pagination/editor-rtl.min.css[0m
[0;32m    amazon-ebs.ubuntu: wordpress/wp-includes/blocks/query-pagination/style-rtl.css[0m
[0;32m    amazon-ebs.ubuntu: wordpress/wp-includes/blocks/query-pagination/style.css[0m
[0;32m    amazon-ebs.ubuntu: wordpress/wp-includes/blocks/post-comments-form.php[0m
[0;32m    amazon-ebs.ubuntu: wordpress/wp-includes/blocks/embed/[0m
[0;32m    amazon-ebs.ubuntu: wordpress/wp-includes/blocks/embed/editor.min.css[0m
[0;32m    amazon-ebs.ubuntu: wordpress/wp-includes/blocks/embed/style-rtl.min.css[0m
[0;32m    amazon-ebs.ubuntu: wordpress/wp-includes/blocks/embed/theme.css[0m
[0;32m    amazon-ebs.ubuntu: wordpress/wp-includes/blocks/embed/block.json[0m
[0;32m    amazon-ebs.ubuntu: wordpress/wp-includes/blocks/embed/theme-rtl.min.css[0m
[0;32m    amazon-ebs.ubuntu: wordpress/wp-includes/blocks/embed/editor.css[0m
[0;32m    amazon-ebs.ubuntu: wordpress/wp-includes/blocks/embed/theme.min.css[0m
[0;32m    amazon-ebs.ubuntu: wordpress/wp-includes/blocks/embed/style.min.css[0m
[0;32m    amazon-ebs.ubuntu: wordpress/wp-includes/blocks/embed/theme-rtl.css[0m
[0;32m    amazon-ebs.ubuntu: wordpress/wp-includes/blocks/embed/editor-rtl.css[0m
[0;32m    amazon-ebs.ubuntu: wordpress/wp-includes/blocks/embed/editor-rtl.min.css[0m
[0;32m    amazon-ebs.ubuntu: wordpress/wp-includes/blocks/embed/style-rtl.css[0m
[0;32m    amazon-ebs.ubuntu: wordpress/wp-includes/blocks/embed/style.css[0m
[0;32m    amazon-ebs.ubuntu: wordpress/wp-includes/blocks/archives.php[0m
[0;32m    amazon-ebs.ubuntu: wordpress/wp-includes/blocks/navigation-submenu.php[0m
[0;32m    amazon-ebs.ubuntu: wordpress/wp-includes/blocks/block/[0m
[0;32m    amazon-ebs.ubuntu: wordpress/wp-includes/blocks/block/block.json[0m
[0;32m    amazon-ebs.ubuntu: wordpress/wp-includes/blocks/post-featured-image/[0m
[0;32m    amazon-ebs.ubuntu: wordpress/wp-includes/blocks/post-featured-image/editor.min.css[0m
[0;32m    amazon-ebs.ubuntu: wordpress/wp-includes/blocks/post-featured-image/style-rtl.min.css[0m
[0;32m    amazon-ebs.ubuntu: wordpress/wp-includes/blocks/post-featured-image/block.json[0m
[0;32m    amazon-ebs.ubuntu: wordpress/wp-includes/blocks/post-featured-image/editor.css[0m
[0;32m    amazon-ebs.ubuntu: wordpress/wp-includes/blocks/post-featured-image/style.min.css[0m
[0;32m    amazon-ebs.ubuntu: wordpress/wp-includes/blocks/post-featured-image/editor-rtl.css[0m
[0;32m    amazon-ebs.ubuntu: wordpress/wp-includes/blocks/post-featured-image/editor-rtl.min.css[0m
[0;32m    amazon-ebs.ubuntu: wordpress/wp-includes/blocks/post-featured-image/style-rtl.css[0m
[0;32m    amazon-ebs.ubuntu: wordpress/wp-includes/blocks/post-featured-image/style.css[0m
[0;32m    amazon-ebs.ubuntu: wordpress/wp-includes/blocks/comment-content.php[0m
[0;32m    amazon-ebs.ubuntu: wordpress/wp-includes/blocks/media-text/[0m
[0;32m    amazon-ebs.ubuntu: wordpress/wp-includes/blocks/media-text/editor.min.css[0m
[0;32m    amazon-ebs.ubuntu: wordpress/wp-includes/blocks/media-text/style-rtl.min.css[0m
[0;32m    amazon-ebs.ubuntu: wordpress/wp-includes/blocks/media-text/block.json[0m
[0;32m    amazon-ebs.ubuntu: wordpress/wp-includes/blocks/media-text/editor.css[0m
[0;32m    amazon-ebs.ubuntu: wordpress/wp-includes/blocks/media-text/style.min.css[0m
[0;32m    amazon-ebs.ubuntu: wordpress/wp-includes/blocks/media-text/editor-rtl.css[0m
[0;32m    amazon-ebs.ubuntu: wordpress/wp-includes/blocks/media-text/editor-rtl.min.css[0m
[0;32m    amazon-ebs.ubuntu: wordpress/wp-includes/blocks/media-text/style-rtl.css[0m
[0;32m    amazon-ebs.ubuntu: wordpress/wp-includes/blocks/media-text/style.css[0m
[0;32m    amazon-ebs.ubuntu: wordpress/wp-includes/blocks/page-list-item/[0m
[0;32m    amazon-ebs.ubuntu: wordpress/wp-includes/blocks/page-list-item/block.json[0m
[0;32m    amazon-ebs.ubuntu: wordpress/wp-includes/blocks/column/[0m
[0;32m    amazon-ebs.ubuntu: wordpress/wp-includes/blocks/column/block.json[0m
[0;32m    amazon-ebs.ubuntu: wordpress/wp-includes/blocks/categories.php[0m
[0;32m    amazon-ebs.ubuntu: wordpress/wp-includes/blocks/comment-edit-link/[0m
[0;32m    amazon-ebs.ubuntu: wordpress/wp-includes/blocks/comment-edit-link/block.json[0m
[0;32m    amazon-ebs.ubuntu: wordpress/wp-includes/blocks/rss/[0m
[0;32m    amazon-ebs.ubuntu: wordpress/wp-includes/blocks/rss/editor.min.css[0m
[0;32m    amazon-ebs.ubuntu: wordpress/wp-includes/blocks/rss/style-rtl.min.css[0m
[0;32m    amazon-ebs.ubuntu: wordpress/wp-includes/blocks/rss/block.json[0m
[0;32m    amazon-ebs.ubuntu: wordpress/wp-includes/blocks/rss/editor.css[0m
[0;32m    amazon-ebs.ubuntu: wordpress/wp-includes/blocks/rss/style.min.css[0m
[0;32m    amazon-ebs.ubuntu: wordpress/wp-includes/blocks/rss/editor-rtl.css[0m
[0;32m    amazon-ebs.ubuntu: wordpress/wp-includes/blocks/rss/editor-rtl.min.css[0m
[0;32m    amazon-ebs.ubuntu: wordpress/wp-includes/blocks/rss/style-rtl.css[0m
[0;32m    amazon-ebs.ubuntu: wordpress/wp-includes/blocks/rss/style.css[0m
[0;32m    amazon-ebs.ubuntu: wordpress/wp-includes/blocks/comments-pagination/[0m
[0;32m    amazon-ebs.ubuntu: wordpress/wp-includes/blocks/comments-pagination/editor.min.css[0m
[0;32m    amazon-ebs.ubuntu: wordpress/wp-includes/blocks/comments-pagination/style-rtl.min.css[0m
[0;32m    amazon-ebs.ubuntu: wordpress/wp-includes/blocks/comments-pagination/block.json[0m
[0;32m    amazon-ebs.ubuntu: wordpress/wp-includes/blocks/comments-pagination/editor.css[0m
[0;32m    amazon-ebs.ubuntu: wordpress/wp-includes/blocks/comments-pagination/style.min.css[0m
[0;32m    amazon-ebs.ubuntu: wordpress/wp-includes/blocks/comments-pagination/editor-rtl.css[0m
[0;32m    amazon-ebs.ubuntu: wordpress/wp-includes/blocks/comments-pagination/editor-rtl.min.css[0m
[0;32m    amazon-ebs.ubuntu: wordpress/wp-includes/blocks/comments-pagination/style-rtl.css[0m
[0;32m    amazon-ebs.ubuntu: wordpress/wp-includes/blocks/comments-pagination/style.css[0m
[0;32m    amazon-ebs.ubuntu: wordpress/wp-includes/blocks/comment-date/[0m
[0;32m    amazon-ebs.ubuntu: wordpress/wp-includes/blocks/comment-date/block.json[0m
[0;32m    amazon-ebs.ubuntu: wordpress/wp-includes/blocks/query-title/[0m
[0;32m    amazon-ebs.ubuntu: wordpress/wp-includes/blocks/query-title/style-rtl.min.css[0m
[0;32m    amazon-ebs.ubuntu: wordpress/wp-includes/blocks/query-title/block.json[0m
[0;32m    amazon-ebs.ubuntu: wordpress/wp-includes/blocks/query-title/style.min.css[0m
[0;32m    amazon-ebs.ubuntu: wordpress/wp-includes/blocks/query-title/style-rtl.css[0m
[0;32m    amazon-ebs.ubuntu: wordpress/wp-includes/blocks/query-title/style.css[0m
[0;32m    amazon-ebs.ubuntu: wordpress/wp-includes/blocks/comments-pagination-previous.php[0m
[0;32m    amazon-ebs.ubuntu: wordpress/wp-includes/blocks/post-navigation-link.php[0m
[0;32m    amazon-ebs.ubuntu: wordpress/wp-includes/blocks/quote/[0m
[0;32m    amazon-ebs.ubuntu: wordpress/wp-includes/blocks/quote/style-rtl.min.css[0m
[0;32m    amazon-ebs.ubuntu: wordpress/wp-includes/blocks/quote/theme.css[0m
[0;32m    amazon-ebs.ubuntu: wordpress/wp-includes/blocks/quote/block.json[0m
[0;32m    amazon-ebs.ubuntu: wordpress/wp-includes/blocks/quote/theme-rtl.min.css[0m
[0;32m    amazon-ebs.ubuntu: wordpress/wp-includes/blocks/quote/theme.min.css[0m
[0;32m    amazon-ebs.ubuntu: wordpress/wp-includes/blocks/quote/style.min.css[0m
[0;32m    amazon-ebs.ubuntu: wordpress/wp-includes/blocks/quote/theme-rtl.css[0m
[0;32m    amazon-ebs.ubuntu: wordpress/wp-includes/blocks/quote/style-rtl.css[0m
[0;32m    amazon-ebs.ubuntu: wordpress/wp-includes/blocks/quote/style.css[0m
[0;32m    amazon-ebs.ubuntu: wordpress/wp-includes/blocks/more/[0m
[0;32m    amazon-ebs.ubuntu: wordpress/wp-includes/blocks/more/editor.min.css[0m
[0;32m    amazon-ebs.ubuntu: wordpress/wp-includes/blocks/more/block.json[0m
[0;32m    amazon-ebs.ubuntu: wordpress/wp-includes/blocks/more/editor.css[0m
[0;32m    amazon-ebs.ubuntu: wordpress/wp-includes/blocks/more/editor-rtl.css[0m
[0;32m    amazon-ebs.ubuntu: wordpress/wp-includes/blocks/more/editor-rtl.min.css[0m
[0;32m    amazon-ebs.ubuntu: wordpress/wp-includes/blocks/read-more/[0m
[0;32m    amazon-ebs.ubuntu: wordpress/wp-includes/blocks/read-more/style-rtl.min.css[0m
[0;32m    amazon-ebs.ubuntu: wordpress/wp-includes/blocks/read-more/block.json[0m
[0;32m    amazon-ebs.ubuntu: wordpress/wp-includes/blocks/read-more/style.min.css[0m
[0;32m    amazon-ebs.ubuntu: wordpress/wp-includes/blocks/read-more/style-rtl.css[0m
[0;32m    amazon-ebs.ubuntu: wordpress/wp-includes/blocks/read-more/style.css[0m
[0;32m    amazon-ebs.ubuntu: wordpress/wp-includes/blocks/query-no-results.php[0m
[0;32m    amazon-ebs.ubuntu: wordpress/wp-includes/blocks/post-date/[0m
[0;32m    amazon-ebs.ubuntu: wordpress/wp-includes/blocks/post-date/style-rtl.min.css[0m
[0;32m    amazon-ebs.ubuntu: wordpress/wp-includes/blocks/post-date/block.json[0m
[0;32m    amazon-ebs.ubuntu: wordpress/wp-includes/blocks/post-date/style.min.css[0m
[0;32m    amazon-ebs.ubuntu: wordpress/wp-includes/blocks/post-date/style-rtl.css[0m
[0;32m    amazon-ebs.ubuntu: wordpress/wp-includes/blocks/post-date/style.css[0m
[0;32m    amazon-ebs.ubuntu: wordpress/wp-includes/blocks/query-pagination-numbers.php[0m
[0;32m    amazon-ebs.ubuntu: wordpress/wp-includes/blocks/tag-cloud/[0m
[0;32m    amazon-ebs.ubuntu: wordpress/wp-includes/blocks/tag-cloud/style-rtl.min.css[0m
[0;32m    amazon-ebs.ubuntu: wordpress/wp-includes/blocks/tag-cloud/block.json[0m
[0;32m    amazon-ebs.ubuntu: wordpress/wp-includes/blocks/tag-cloud/style.min.css[0m
[0;32m    amazon-ebs.ubuntu: wordpress/wp-includes/blocks/tag-cloud/style-rtl.css[0m
[0;32m    amazon-ebs.ubuntu: wordpress/wp-includes/blocks/tag-cloud/style.css[0m
[0;32m    amazon-ebs.ubuntu: wordpress/wp-includes/blocks/legacy-widget.php[0m
[0;32m    amazon-ebs.ubuntu: wordpress/wp-includes/blocks/comment-edit-link.php[0m
[0;32m    amazon-ebs.ubuntu: wordpress/wp-includes/blocks/missing/[0m
[0;32m    amazon-ebs.ubuntu: wordpress/wp-includes/blocks/missing/block.json[0m
[0;32m    amazon-ebs.ubuntu: wordpress/wp-includes/blocks/post-title/[0m
[0;32m    amazon-ebs.ubuntu: wordpress/wp-includes/blocks/post-title/style-rtl.min.css[0m
[0;32m    amazon-ebs.ubuntu: wordpress/wp-includes/blocks/post-title/block.json[0m
[0;32m    amazon-ebs.ubuntu: wordpress/wp-includes/blocks/post-title/style.min.css[0m
[0;32m    amazon-ebs.ubuntu: wordpress/wp-includes/blocks/post-title/style-rtl.css[0m
[0;32m    amazon-ebs.ubuntu: wordpress/wp-includes/blocks/post-title/style.css[0m
[0;32m    amazon-ebs.ubuntu: wordpress/wp-includes/blocks/index.php[0m
[0;32m    amazon-ebs.ubuntu: wordpress/wp-includes/blocks/social-links/[0m
[0;32m    amazon-ebs.ubuntu: wordpress/wp-includes/blocks/social-links/editor.min.css[0m
[0;32m    amazon-ebs.ubuntu: wordpress/wp-includes/blocks/social-links/style-rtl.min.css[0m
[0;32m    amazon-ebs.ubuntu: wordpress/wp-includes/blocks/social-links/block.json[0m
[0;32m    amazon-ebs.ubuntu: wordpress/wp-includes/blocks/social-links/editor.css[0m
[0;32m    amazon-ebs.ubuntu: wordpress/wp-includes/blocks/social-links/style.min.css[0m
[0;32m    amazon-ebs.ubuntu: wordpress/wp-includes/blocks/social-links/editor-rtl.css[0m
[0;32m    amazon-ebs.ubuntu: wordpress/wp-includes/blocks/social-links/editor-rtl.min.css[0m
[0;32m    amazon-ebs.ubuntu: wordpress/wp-includes/blocks/social-links/style-rtl.css[0m
[0;32m    amazon-ebs.ubuntu: wordpress/wp-includes/blocks/social-links/style.css[0m
[0;32m    amazon-ebs.ubuntu: wordpress/wp-includes/blocks/page-list-item.php[0m
[0;32m    amazon-ebs.ubuntu: wordpress/wp-includes/blocks/gallery.php[0m
[0;32m    amazon-ebs.ubuntu: wordpress/wp-includes/blocks/query-pagination-next.php[0m
[0;32m    amazon-ebs.ubuntu: wordpress/wp-includes/blocks/post-excerpt/[0m
[0;32m    amazon-ebs.ubuntu: wordpress/wp-includes/blocks/post-excerpt/editor.min.css[0m
[0;32m    amazon-ebs.ubuntu: wordpress/wp-includes/blocks/post-excerpt/style-rtl.min.css[0m
[0;32m    amazon-ebs.ubuntu: wordpress/wp-includes/blocks/post-excerpt/block.json[0m
[0;32m    amazon-ebs.ubuntu: wordpress/wp-includes/blocks/post-excerpt/editor.css[0m
[0;32m    amazon-ebs.ubuntu: wordpress/wp-includes/blocks/post-excerpt/style.min.css[0m
[0;32m    amazon-ebs.ubuntu: wordpress/wp-includes/blocks/post-excerpt/editor-rtl.css[0m
[0;32m    amazon-ebs.ubuntu: wordpress/wp-includes/blocks/post-excerpt/editor-rtl.min.css[0m
[0;32m    amazon-ebs.ubuntu: wordpress/wp-includes/blocks/post-excerpt/style-rtl.css[0m
[0;32m    amazon-ebs.ubuntu: wordpress/wp-includes/blocks/post-excerpt/style.css[0m
[0;32m    amazon-ebs.ubuntu: wordpress/wp-includes/blocks/preformatted/[0m
[0;32m    amazon-ebs.ubuntu: wordpress/wp-includes/blocks/preformatted/style-rtl.min.css[0m
[0;32m    amazon-ebs.ubuntu: wordpress/wp-includes/blocks/preformatted/block.json[0m
[0;32m    amazon-ebs.ubuntu: wordpress/wp-includes/blocks/preformatted/style.min.css[0m
[0;32m    amazon-ebs.ubuntu: wordpress/wp-includes/blocks/preformatted/style-rtl.css[0m
[0;32m    amazon-ebs.ubuntu: wordpress/wp-includes/blocks/preformatted/style.css[0m
[0;32m    amazon-ebs.ubuntu: wordpress/wp-includes/blocks/latest-posts.php[0m
[0;32m    amazon-ebs.ubuntu: wordpress/wp-includes/blocks/latest-comments/[0m
[0;32m    amazon-ebs.ubuntu: wordpress/wp-includes/blocks/latest-comments/style-rtl.min.css[0m
[0;32m    amazon-ebs.ubuntu: wordpress/wp-includes/blocks/latest-comments/block.json[0m
[0;32m    amazon-ebs.ubuntu: wordpress/wp-includes/blocks/latest-comments/style.min.css[0m
[0;32m    amazon-ebs.ubuntu: wordpress/wp-includes/blocks/latest-comments/style-rtl.css[0m
[0;32m    amazon-ebs.ubuntu: wordpress/wp-includes/blocks/latest-comments/style.css[0m
[0;32m    amazon-ebs.ubuntu: wordpress/wp-includes/blocks/comments-pagination-previous/[0m
[0;32m    amazon-ebs.ubuntu: wordpress/wp-includes/blocks/comments-pagination-previous/block.json[0m
[0;32m    amazon-ebs.ubuntu: wordpress/wp-includes/blocks/comment-author-name.php[0m
[0;32m    amazon-ebs.ubuntu: wordpress/wp-includes/blocks/comments-pagination-next/[0m
[0;32m    amazon-ebs.ubuntu: wordpress/wp-includes/blocks/comments-pagination-next/block.json[0m
[0;32m    amazon-ebs.ubuntu: wordpress/wp-includes/blocks/read-more.php[0m
[0;32m    amazon-ebs.ubuntu: wordpress/wp-includes/blocks/cover.php[0m
[0;32m    amazon-ebs.ubuntu: wordpress/wp-includes/blocks/search/[0m
[0;32m    amazon-ebs.ubuntu: wordpress/wp-includes/blocks/search/editor.min.css[0m
[0;32m    amazon-ebs.ubuntu: wordpress/wp-includes/blocks/search/style-rtl.min.css[0m
[0;32m    amazon-ebs.ubuntu: wordpress/wp-includes/blocks/search/theme.css[0m
[0;32m    amazon-ebs.ubuntu: wordpress/wp-includes/blocks/search/block.json[0m
[0;32m    amazon-ebs.ubuntu: wordpress/wp-includes/blocks/search/theme-rtl.min.css[0m
[0;32m    amazon-ebs.ubuntu: wordpress/wp-includes/blocks/search/editor.css[0m
[0;32m    amazon-ebs.ubuntu: wordpress/wp-includes/blocks/search/view.min.asset.php[0m
[0;32m    amazon-ebs.ubuntu: wordpress/wp-includes/blocks/search/view.js[0m
[0;32m    amazon-ebs.ubuntu: wordpress/wp-includes/blocks/search/theme.min.css[0m
[0;32m    amazon-ebs.ubuntu: wordpress/wp-includes/blocks/search/style.min.css[0m
[0;32m    amazon-ebs.ubuntu: wordpress/wp-includes/blocks/search/theme-rtl.css[0m
[0;32m    amazon-ebs.ubuntu: wordpress/wp-includes/blocks/search/editor-rtl.css[0m
[0;32m    amazon-ebs.ubuntu: wordpress/wp-includes/blocks/search/view.asset.php[0m
[0;32m    amazon-ebs.ubuntu: wordpress/wp-includes/blocks/search/editor-rtl.min.css[0m
[0;32m    amazon-ebs.ubuntu: wordpress/wp-includes/blocks/search/view.min.js[0m
[0;32m    amazon-ebs.ubuntu: wordpress/wp-includes/blocks/search/style-rtl.css[0m
[0;32m    amazon-ebs.ubuntu: wordpress/wp-includes/blocks/search/style.css[0m
[0;32m    amazon-ebs.ubuntu: wordpress/wp-includes/blocks/query-pagination-previous.php[0m
[0;32m    amazon-ebs.ubuntu: wordpress/wp-includes/blocks/list-item/[0m
[0;32m    amazon-ebs.ubuntu: wordpress/wp-includes/blocks/list-item/block.json[0m
[0;32m    amazon-ebs.ubuntu: wordpress/wp-includes/blocks/navigation-link/[0m
[0;32m    amazon-ebs.ubuntu: wordpress/wp-includes/blocks/navigation-link/editor.min.css[0m
[0;32m    amazon-ebs.ubuntu: wordpress/wp-includes/blocks/navigation-link/style-rtl.min.css[0m
[0;32m    amazon-ebs.ubuntu: wordpress/wp-includes/blocks/navigation-link/block.json[0m
[0;32m    amazon-ebs.ubuntu: wordpress/wp-includes/blocks/navigation-link/editor.css[0m
[0;32m    amazon-ebs.ubuntu: wordpress/wp-includes/blocks/navigation-link/style.min.css[0m
[0;32m    amazon-ebs.ubuntu: wordpress/wp-includes/blocks/navigation-link/editor-rtl.css[0m
[0;32m    amazon-ebs.ubuntu: wordpress/wp-includes/blocks/navigation-link/editor-rtl.min.css[0m
[0;32m    amazon-ebs.ubuntu: wordpress/wp-includes/blocks/navigation-link/style-rtl.css[0m
[0;32m    amazon-ebs.ubuntu: wordpress/wp-includes/blocks/navigation-link/style.css[0m
[0;32m    amazon-ebs.ubuntu: wordpress/wp-includes/blocks/latest-posts/[0m
[0;32m    amazon-ebs.ubuntu: wordpress/wp-includes/blocks/latest-posts/editor.min.css[0m
[0;32m    amazon-ebs.ubuntu: wordpress/wp-includes/blocks/latest-posts/style-rtl.min.css[0m
[0;32m    amazon-ebs.ubuntu: wordpress/wp-includes/blocks/latest-posts/block.json[0m
[0;32m    amazon-ebs.ubuntu: wordpress/wp-includes/blocks/latest-posts/editor.css[0m
[0;32m    amazon-ebs.ubuntu: wordpress/wp-includes/blocks/latest-posts/style.min.css[0m
[0;32m    amazon-ebs.ubuntu: wordpress/wp-includes/blocks/latest-posts/editor-rtl.css[0m
[0;32m    amazon-ebs.ubuntu: wordpress/wp-includes/blocks/latest-posts/editor-rtl.min.css[0m
[0;32m    amazon-ebs.ubuntu: wordpress/wp-includes/blocks/latest-posts/style-rtl.css[0m
[0;32m    amazon-ebs.ubuntu: wordpress/wp-includes/blocks/latest-posts/style.css[0m
[0;32m    amazon-ebs.ubuntu: wordpress/wp-includes/blocks/template-part.php[0m
[0;32m    amazon-ebs.ubuntu: wordpress/wp-includes/blocks/post-comments-form/[0m
[0;32m    amazon-ebs.ubuntu: wordpress/wp-includes/blocks/post-comments-form/editor.min.css[0m
[0;32m    amazon-ebs.ubuntu: wordpress/wp-includes/blocks/post-comments-form/style-rtl.min.css[0m
[0;32m    amazon-ebs.ubuntu: wordpress/wp-includes/blocks/post-comments-form/block.json[0m
[0;32m    amazon-ebs.ubuntu: wordpress/wp-includes/blocks/post-comments-form/editor.css[0m
[0;32m    amazon-ebs.ubuntu: wordpress/wp-includes/blocks/post-comments-form/style.min.css[0m
[0;32m    amazon-ebs.ubuntu: wordpress/wp-includes/blocks/post-comments-form/editor-rtl.css[0m
[0;32m    amazon-ebs.ubuntu: wordpress/wp-includes/blocks/post-comments-form/editor-rtl.min.css[0m
[0;32m    amazon-ebs.ubuntu: wordpress/wp-includes/blocks/post-comments-form/style-rtl.css[0m
[0;32m    amazon-ebs.ubuntu: wordpress/wp-includes/blocks/post-comments-form/style.css[0m
[0;32m    amazon-ebs.ubuntu: wordpress/wp-includes/blocks/post-author-biography.php[0m
[0;32m    amazon-ebs.ubuntu: wordpress/wp-includes/blocks/term-description.php[0m
[0;32m    amazon-ebs.ubuntu: wordpress/wp-includes/blocks/group/[0m
[0;32m    amazon-ebs.ubuntu: wordpress/wp-includes/blocks/group/editor.min.css[0m
[0;32m    amazon-ebs.ubuntu: wordpress/wp-includes/blocks/group/style-rtl.min.css[0m
[0;32m    amazon-ebs.ubuntu: wordpress/wp-includes/blocks/group/theme.css[0m
[0;32m    amazon-ebs.ubuntu: wordpress/wp-includes/blocks/group/block.json[0m
[0;32m    amazon-ebs.ubuntu: wordpress/wp-includes/blocks/group/theme-rtl.min.css[0m
[0;32m    amazon-ebs.ubuntu: wordpress/wp-includes/blocks/group/editor.css[0m
[0;32m    amazon-ebs.ubuntu: wordpress/wp-includes/blocks/group/theme.min.css[0m
[0;32m    amazon-ebs.ubuntu: wordpress/wp-includes/blocks/group/style.min.css[0m
[0;32m    amazon-ebs.ubuntu: wordpress/wp-includes/blocks/group/theme-rtl.css[0m
[0;32m    amazon-ebs.ubuntu: wordpress/wp-includes/blocks/group/editor-rtl.css[0m
[0;32m    amazon-ebs.ubuntu: wordpress/wp-includes/blocks/group/editor-rtl.min.css[0m
[0;32m    amazon-ebs.ubuntu: wordpress/wp-includes/blocks/group/style-rtl.css[0m
[0;32m    amazon-ebs.ubuntu: wordpress/wp-includes/blocks/group/style.css[0m
[0;32m    amazon-ebs.ubuntu: wordpress/wp-includes/blocks/post-terms/[0m
[0;32m    amazon-ebs.ubuntu: wordpress/wp-includes/blocks/post-terms/style-rtl.min.css[0m
[0;32m    amazon-ebs.ubuntu: wordpress/wp-includes/blocks/post-terms/block.json[0m
[0;32m    amazon-ebs.ubuntu: wordpress/wp-includes/blocks/post-terms/style.min.css[0m
[0;32m    amazon-ebs.ubuntu: wordpress/wp-includes/blocks/post-terms/style-rtl.css[0m
[0;32m    amazon-ebs.ubuntu: wordpress/wp-includes/blocks/post-terms/style.css[0m
[0;32m    amazon-ebs.ubuntu: wordpress/wp-includes/blocks/pattern.php[0m
[0;32m    amazon-ebs.ubuntu: wordpress/wp-includes/blocks/heading.php[0m
[0;32m    amazon-ebs.ubuntu: wordpress/wp-includes/blocks/avatar.php[0m
[0;32m    amazon-ebs.ubuntu: wordpress/wp-includes/blocks/table/[0m
[0;32m    amazon-ebs.ubuntu: wordpress/wp-includes/blocks/table/editor.min.css[0m
[0;32m    amazon-ebs.ubuntu: wordpress/wp-includes/blocks/table/style-rtl.min.css[0m
[0;32m    amazon-ebs.ubuntu: wordpress/wp-includes/blocks/table/theme.css[0m
[0;32m    amazon-ebs.ubuntu: wordpress/wp-includes/blocks/table/block.json[0m
[0;32m    amazon-ebs.ubuntu: wordpress/wp-includes/blocks/table/theme-rtl.min.css[0m
[0;32m    amazon-ebs.ubuntu: wordpress/wp-includes/blocks/table/editor.css[0m
[0;32m    amazon-ebs.ubuntu: wordpress/wp-includes/blocks/table/theme.min.css[0m
[0;32m    amazon-ebs.ubuntu: wordpress/wp-includes/blocks/table/style.min.css[0m
[0;32m    amazon-ebs.ubuntu: wordpress/wp-includes/blocks/table/theme-rtl.css[0m
[0;32m    amazon-ebs.ubuntu: wordpress/wp-includes/blocks/table/editor-rtl.css[0m
[0;32m    amazon-ebs.ubuntu: wordpress/wp-includes/blocks/table/editor-rtl.min.css[0m
[0;32m    amazon-ebs.ubuntu: wordpress/wp-includes/blocks/table/style-rtl.css[0m
[0;32m    amazon-ebs.ubuntu: wordpress/wp-includes/blocks/table/style.css[0m
[0;32m    amazon-ebs.ubuntu: wordpress/wp-includes/blocks/comments.php[0m
[0;32m    amazon-ebs.ubuntu: wordpress/wp-includes/blocks/list/[0m
[0;32m    amazon-ebs.ubuntu: wordpress/wp-includes/blocks/list/style-rtl.min.css[0m
[0;32m    amazon-ebs.ubuntu: wordpress/wp-includes/blocks/list/block.json[0m
[0;32m    amazon-ebs.ubuntu: wordpress/wp-includes/blocks/list/style.min.css[0m
[0;32m    amazon-ebs.ubuntu: wordpress/wp-includes/blocks/list/style-rtl.css[0m
[0;32m    amazon-ebs.ubuntu: wordpress/wp-includes/blocks/list/style.css[0m
[0;32m    amazon-ebs.ubuntu: wordpress/wp-includes/blocks/comment-author-name/[0m
[0;32m    amazon-ebs.ubuntu: wordpress/wp-includes/blocks/comment-author-name/block.json[0m
[0;32m    amazon-ebs.ubuntu: wordpress/wp-includes/blocks/file.php[0m
[0;32m    amazon-ebs.ubuntu: wordpress/wp-includes/blocks/comments-pagination-numbers/[0m
[0;32m    amazon-ebs.ubuntu: wordpress/wp-includes/blocks/comments-pagination-numbers/editor.min.css[0m
[0;32m    amazon-ebs.ubuntu: wordpress/wp-includes/blocks/comments-pagination-numbers/block.json[0m
[0;32m    amazon-ebs.ubuntu: wordpress/wp-includes/blocks/comments-pagination-numbers/editor.css[0m
[0;32m    amazon-ebs.ubuntu: wordpress/wp-includes/blocks/comments-pagination-numbers/editor-rtl.css[0m
[0;32m    amazon-ebs.ubuntu: wordpress/wp-includes/blocks/comments-pagination-numbers/editor-rtl.min.css[0m
[0;32m    amazon-ebs.ubuntu: wordpress/wp-includes/blocks/comment-template.php[0m
[0;32m    amazon-ebs.ubuntu: wordpress/wp-includes/blocks/query-pagination-next/[0m
[0;32m    amazon-ebs.ubuntu: wordpress/wp-includes/blocks/query-pagination-next/block.json[0m
[0;32m    amazon-ebs.ubuntu: wordpress/wp-includes/blocks/file/[0m
[0;32m    amazon-ebs.ubuntu: wordpress/wp-includes/blocks/file/editor.min.css[0m
[0;32m    amazon-ebs.ubuntu: wordpress/wp-includes/blocks/file/style-rtl.min.css[0m
[0;32m    amazon-ebs.ubuntu: wordpress/wp-includes/blocks/file/block.json[0m
[0;32m    amazon-ebs.ubuntu: wordpress/wp-includes/blocks/file/editor.css[0m
[0;32m    amazon-ebs.ubuntu: wordpress/wp-includes/blocks/file/view.min.asset.php[0m
[0;32m    amazon-ebs.ubuntu: wordpress/wp-includes/blocks/file/view.js[0m
[0;32m    amazon-ebs.ubuntu: wordpress/wp-includes/blocks/file/style.min.css[0m
[0;32m    amazon-ebs.ubuntu: wordpress/wp-includes/blocks/file/editor-rtl.css[0m
[0;32m    amazon-ebs.ubuntu: wordpress/wp-includes/blocks/file/view.asset.php[0m
[0;32m    amazon-ebs.ubuntu: wordpress/wp-includes/blocks/file/editor-rtl.min.css[0m
[0;32m    amazon-ebs.ubuntu: wordpress/wp-includes/blocks/file/view.min.js[0m
[0;32m    amazon-ebs.ubuntu: wordpress/wp-includes/blocks/file/style-rtl.css[0m
[0;32m    amazon-ebs.ubuntu: wordpress/wp-includes/blocks/file/style.css[0m
[0;32m    amazon-ebs.ubuntu: wordpress/wp-includes/blocks/image/[0m
[0;32m    amazon-ebs.ubuntu: wordpress/wp-includes/blocks/image/editor.min.css[0m
[0;32m    amazon-ebs.ubuntu: wordpress/wp-includes/blocks/image/style-rtl.min.css[0m
[0;32m    amazon-ebs.ubuntu: wordpress/wp-includes/blocks/image/theme.css[0m
[0;32m    amazon-ebs.ubuntu: wordpress/wp-includes/blocks/image/block.json[0m
[0;32m    amazon-ebs.ubuntu: wordpress/wp-includes/blocks/image/theme-rtl.min.css[0m
[0;32m    amazon-ebs.ubuntu: wordpress/wp-includes/blocks/image/editor.css[0m
[0;32m    amazon-ebs.ubuntu: wordpress/wp-includes/blocks/image/view.min.asset.php[0m
[0;32m    amazon-ebs.ubuntu: wordpress/wp-includes/blocks/image/view.js[0m
[0;32m    amazon-ebs.ubuntu: wordpress/wp-includes/blocks/image/theme.min.css[0m
[0;32m    amazon-ebs.ubuntu: wordpress/wp-includes/blocks/image/style.min.css[0m
[0;32m    amazon-ebs.ubuntu: wordpress/wp-includes/blocks/image/theme-rtl.css[0m
[0;32m    amazon-ebs.ubuntu: wordpress/wp-includes/blocks/image/editor-rtl.css[0m
[0;32m    amazon-ebs.ubuntu: wordpress/wp-includes/blocks/image/view.asset.php[0m
[0;32m    amazon-ebs.ubuntu: wordpress/wp-includes/blocks/image/editor-rtl.min.css[0m
[0;32m    amazon-ebs.ubuntu: wordpress/wp-includes/blocks/image/view.min.js[0m
[0;32m    amazon-ebs.ubuntu: wordpress/wp-includes/blocks/image/style-rtl.css[0m
[0;32m    amazon-ebs.ubuntu: wordpress/wp-includes/blocks/image/style.css[0m
[0;32m    amazon-ebs.ubuntu: wordpress/wp-includes/blocks/navigation.php[0m
[0;32m    amazon-ebs.ubuntu: wordpress/wp-includes/blocks/query-title.php[0m
[0;32m    amazon-ebs.ubuntu: wordpress/wp-includes/blocks/comments-title.php[0m
[0;32m    amazon-ebs.ubuntu: wordpress/wp-includes/blocks/query-pagination.php[0m
[0;32m    amazon-ebs.ubuntu: wordpress/wp-includes/blocks/text-columns/[0m
[0;32m    amazon-ebs.ubuntu: wordpress/wp-includes/blocks/text-columns/editor.min.css[0m
[0;32m    amazon-ebs.ubuntu: wordpress/wp-includes/blocks/text-columns/style-rtl.min.css[0m
[0;32m    amazon-ebs.ubuntu: wordpress/wp-includes/blocks/text-columns/block.json[0m
[0;32m    amazon-ebs.ubuntu: wordpress/wp-includes/blocks/text-columns/editor.css[0m
[0;32m    amazon-ebs.ubuntu: wordpress/wp-includes/blocks/text-columns/style.min.css[0m
[0;32m    amazon-ebs.ubuntu: wordpress/wp-includes/blocks/text-columns/editor-rtl.css[0m
[0;32m    amazon-ebs.ubuntu: wordpress/wp-includes/blocks/text-columns/editor-rtl.min.css[0m
[0;32m    amazon-ebs.ubuntu: wordpress/wp-includes/blocks/text-columns/style-rtl.css[0m
[0;32m    amazon-ebs.ubuntu: wordpress/wp-includes/blocks/text-columns/style.css[0m
[0;32m    amazon-ebs.ubuntu: wordpress/wp-includes/blocks/comment-template/[0m
[0;32m    amazon-ebs.ubuntu: wordpress/wp-includes/blocks/comment-template/style-rtl.min.css[0m
[0;32m    amazon-ebs.ubuntu: wordpress/wp-includes/blocks/comment-template/block.json[0m
[0;32m    amazon-ebs.ubuntu: wordpress/wp-includes/blocks/comment-template/style.min.css[0m
[0;32m    amazon-ebs.ubuntu: wordpress/wp-includes/blocks/comment-template/style-rtl.css[0m
[0;32m    amazon-ebs.ubuntu: wordpress/wp-includes/blocks/comment-template/style.css[0m
[0;32m    amazon-ebs.ubuntu: wordpress/wp-includes/blocks/video/[0m
[0;32m    amazon-ebs.ubuntu: wordpress/wp-includes/blocks/video/editor.min.css[0m
[0;32m    amazon-ebs.ubuntu: wordpress/wp-includes/blocks/video/style-rtl.min.css[0m
[0;32m    amazon-ebs.ubuntu: wordpress/wp-includes/blocks/video/theme.css[0m
[0;32m    amazon-ebs.ubuntu: wordpress/wp-includes/blocks/video/block.json[0m
[0;32m    amazon-ebs.ubuntu: wordpress/wp-includes/blocks/video/theme-rtl.min.css[0m
[0;32m    amazon-ebs.ubuntu: wordpress/wp-includes/blocks/video/editor.css[0m
[0;32m    amazon-ebs.ubuntu: wordpress/wp-includes/blocks/video/theme.min.css[0m
[0;32m    amazon-ebs.ubuntu: wordpress/wp-includes/blocks/video/style.min.css[0m
[0;32m    amazon-ebs.ubuntu: wordpress/wp-includes/blocks/video/theme-rtl.css[0m
[0;32m    amazon-ebs.ubuntu: wordpress/wp-includes/blocks/video/editor-rtl.css[0m
[0;32m    amazon-ebs.ubuntu: wordpress/wp-includes/blocks/video/editor-rtl.min.css[0m
[0;32m    amazon-ebs.ubuntu: wordpress/wp-includes/blocks/video/style-rtl.css[0m
[0;32m    amazon-ebs.ubuntu: wordpress/wp-includes/blocks/video/style.css[0m
[0;32m    amazon-ebs.ubuntu: wordpress/wp-includes/blocks/cover/[0m
[0;32m    amazon-ebs.ubuntu: wordpress/wp-includes/blocks/cover/editor.min.css[0m
[0;32m    amazon-ebs.ubuntu: wordpress/wp-includes/blocks/cover/style-rtl.min.css[0m
[0;32m    amazon-ebs.ubuntu: wordpress/wp-includes/blocks/cover/block.json[0m
[0;32m    amazon-ebs.ubuntu: wordpress/wp-includes/blocks/cover/editor.css[0m
[0;32m    amazon-ebs.ubuntu: wordpress/wp-includes/blocks/cover/style.min.css[0m
[0;32m    amazon-ebs.ubuntu: wordpress/wp-includes/blocks/cover/editor-rtl.css[0m
[0;32m    amazon-ebs.ubuntu: wordpress/wp-includes/blocks/cover/editor-rtl.min.css[0m
[0;32m    amazon-ebs.ubuntu: wordpress/wp-includes/blocks/cover/style-rtl.css[0m
[0;32m    amazon-ebs.ubuntu: wordpress/wp-includes/blocks/cover/style.css[0m
[0;32m    amazon-ebs.ubuntu: wordpress/wp-includes/blocks/post-template.php[0m
[0;32m    amazon-ebs.ubuntu: wordpress/wp-includes/blocks/post-date.php[0m
[0;32m    amazon-ebs.ubuntu: wordpress/wp-includes/blocks/post-author/[0m
[0;32m    amazon-ebs.ubuntu: wordpress/wp-includes/blocks/post-author/style-rtl.min.css[0m
[0;32m    amazon-ebs.ubuntu: wordpress/wp-includes/blocks/post-author/block.json[0m
[0;32m    amazon-ebs.ubuntu: wordpress/wp-includes/blocks/post-author/style.min.css[0m
[0;32m    amazon-ebs.ubuntu: wordpress/wp-includes/blocks/post-author/style-rtl.css[0m
[0;32m    amazon-ebs.ubuntu: wordpress/wp-includes/blocks/post-author/style.css[0m
[0;32m    amazon-ebs.ubuntu: wordpress/wp-includes/blocks/comment-reply-link.php[0m
[0;32m    amazon-ebs.ubuntu: wordpress/wp-includes/blocks/tag-cloud.php[0m
[0;32m    amazon-ebs.ubuntu: wordpress/wp-includes/blocks/site-logo.php[0m
[0;32m    amazon-ebs.ubuntu: wordpress/wp-includes/blocks/legacy-widget/[0m
[0;32m    amazon-ebs.ubuntu: wordpress/wp-includes/blocks/legacy-widget/block.json[0m
[0;32m    amazon-ebs.ubuntu: wordpress/wp-includes/blocks/spacer/[0m
[0;32m    amazon-ebs.ubuntu: wordpress/wp-includes/blocks/spacer/editor.min.css[0m
[0;32m    amazon-ebs.ubuntu: wordpress/wp-includes/blocks/spacer/style-rtl.min.css[0m
[0;32m    amazon-ebs.ubuntu: wordpress/wp-includes/blocks/spacer/block.json[0m
[0;32m    amazon-ebs.ubuntu: wordpress/wp-includes/blocks/spacer/editor.css[0m
[0;32m    amazon-ebs.ubuntu: wordpress/wp-includes/blocks/spacer/style.min.css[0m
[0;32m    amazon-ebs.ubuntu: wordpress/wp-includes/blocks/spacer/editor-rtl.css[0m
[0;32m    amazon-ebs.ubuntu: wordpress/wp-includes/blocks/spacer/editor-rtl.min.css[0m
[0;32m    amazon-ebs.ubuntu: wordpress/wp-includes/blocks/spacer/style-rtl.css[0m
[0;32m    amazon-ebs.ubuntu: wordpress/wp-includes/blocks/spacer/style.css[0m
[0;32m    amazon-ebs.ubuntu: wordpress/wp-includes/class-wp-block-parser.php[0m
[0;32m    amazon-ebs.ubuntu: wordpress/wp-includes/class-wp-plugin-dependencies.php[0m
[0;32m    amazon-ebs.ubuntu: wordpress/wp-includes/pomo/[0m
[0;32m    amazon-ebs.ubuntu: wordpress/wp-includes/pomo/translations.php[0m
[0;32m    amazon-ebs.ubuntu: wordpress/wp-includes/pomo/plural-forms.php[0m
[0;32m    amazon-ebs.ubuntu: wordpress/wp-includes/pomo/streams.php[0m
[0;32m    amazon-ebs.ubuntu: wordpress/wp-includes/pomo/entry.php[0m
[0;32m    amazon-ebs.ubuntu: wordpress/wp-includes/pomo/mo.php[0m
[0;32m    amazon-ebs.ubuntu: wordpress/wp-includes/pomo/po.php[0m
[0;32m    amazon-ebs.ubuntu: wordpress/wp-includes/customize/[0m
[0;32m    amazon-ebs.ubuntu: wordpress/wp-includes/customize/class-wp-customize-nav-menu-section.php[0m
[0;32m    amazon-ebs.ubuntu: wordpress/wp-includes/customize/class-wp-customize-upload-control.php[0m
[0;32m    amazon-ebs.ubuntu: wordpress/wp-includes/customize/class-wp-customize-nav-menu-item-setting.php[0m
[0;32m    amazon-ebs.ubuntu: wordpress/wp-includes/customize/class-wp-customize-nav-menu-item-control.php[0m
[0;32m    amazon-ebs.ubuntu: wordpress/wp-includes/customize/class-wp-customize-selective-refresh.php[0m
[0;32m    amazon-ebs.ubuntu: wordpress/wp-includes/customize/class-wp-customize-code-editor-control.php[0m
[0;32m    amazon-ebs.ubuntu: wordpress/wp-includes/customize/class-wp-customize-header-image-control.php[0m
[0;32m    amazon-ebs.ubuntu: wordpress/wp-includes/customize/class-wp-customize-themes-panel.php[0m
[0;32m    amazon-ebs.ubuntu: wordpress/wp-includes/customize/class-wp-customize-filter-setting.php[0m
[0;32m    amazon-ebs.ubuntu: wordpress/wp-includes/customize/class-wp-widget-area-customize-control.php[0m
[0;32m    amazon-ebs.ubuntu: wordpress/wp-includes/customize/class-wp-customize-background-position-control.php[0m
[0;32m    amazon-ebs.ubuntu: wordpress/wp-includes/customize/class-wp-customize-new-menu-control.php[0m
[0;32m    amazon-ebs.ubuntu: wordpress/wp-includes/customize/class-wp-customize-nav-menus-panel.php[0m
[0;32m    amazon-ebs.ubuntu: wordpress/wp-includes/customize/class-wp-customize-themes-section.php[0m
[0;32m    amazon-ebs.ubuntu: wordpress/wp-includes/customize/class-wp-customize-background-image-control.php[0m
[0;32m    amazon-ebs.ubuntu: wordpress/wp-includes/customize/class-wp-customize-site-icon-control.php[0m
[0;32m    amazon-ebs.ubuntu: wordpress/wp-includes/customize/class-wp-customize-nav-menu-auto-add-control.php[0m
[0;32m    amazon-ebs.ubuntu: wordpress/wp-includes/customize/class-wp-customize-background-image-setting.php[0m
[0;32m    amazon-ebs.ubuntu: wordpress/wp-includes/customize/class-wp-customize-image-control.php[0m
[0;32m    amazon-ebs.ubuntu: wordpress/wp-includes/customize/class-wp-customize-nav-menu-location-control.php[0m
[0;32m    amazon-ebs.ubuntu: wordpress/wp-includes/customize/class-wp-customize-date-time-control.php[0m
[0;32m    amazon-ebs.ubuntu: wordpress/wp-includes/customize/class-wp-customize-color-control.php[0m
[0;32m    amazon-ebs.ubuntu: wordpress/wp-includes/customize/class-wp-sidebar-block-editor-control.php[0m
[0;32m    amazon-ebs.ubuntu: wordpress/wp-includes/customize/class-wp-customize-custom-css-setting.php[0m
[0;32m    amazon-ebs.ubuntu: wordpress/wp-includes/customize/class-wp-customize-header-image-setting.php[0m
[0;32m    amazon-ebs.ubuntu: wordpress/wp-includes/customize/class-wp-customize-partial.php[0m
[0;32m    amazon-ebs.ubuntu: wordpress/wp-includes/customize/class-wp-customize-nav-menu-locations-control.php[0m
[0;32m    amazon-ebs.ubuntu: wordpress/wp-includes/customize/class-wp-customize-theme-control.php[0m
[0;32m    amazon-ebs.ubuntu: wordpress/wp-includes/customize/class-wp-customize-new-menu-section.php[0m
[0;32m    amazon-ebs.ubuntu: wordpress/wp-includes/customize/class-wp-customize-nav-menu-name-control.php[0m
[0;32m    amazon-ebs.ubuntu: wordpress/wp-includes/customize/class-wp-customize-sidebar-section.php[0m
[0;32m    amazon-ebs.ubuntu: wordpress/wp-includes/customize/class-wp-customize-nav-menu-control.php[0m
[0;32m    amazon-ebs.ubuntu: wordpress/wp-includes/customize/class-wp-customize-cropped-image-control.php[0m
[0;32m    amazon-ebs.ubuntu: wordpress/wp-includes/customize/class-wp-customize-media-control.php[0m
[0;32m    amazon-ebs.ubuntu: wordpress/wp-includes/customize/class-wp-customize-nav-menu-setting.php[0m
[0;32m    amazon-ebs.ubuntu: wordpress/wp-includes/customize/class-wp-widget-form-customize-control.php[0m
[0;32m    amazon-ebs.ubuntu: wordpress/wp-includes/widgets/[0m
[0;32m    amazon-ebs.ubuntu: wordpress/wp-includes/widgets/class-wp-widget-pages.php[0m
[0;32m    amazon-ebs.ubuntu: wordpress/wp-includes/widgets/class-wp-widget-media-image.php[0m
[0;32m    amazon-ebs.ubuntu: wordpress/wp-includes/widgets/class-wp-widget-search.php[0m
[0;32m    amazon-ebs.ubuntu: wordpress/wp-includes/widgets/class-wp-widget-tag-cloud.php[0m
[0;32m    amazon-ebs.ubuntu: wordpress/wp-includes/widgets/class-wp-widget-recent-comments.php[0m
[0;32m    amazon-ebs.ubuntu: wordpress/wp-includes/widgets/class-wp-widget-media.php[0m
[0;32m    amazon-ebs.ubuntu: wordpress/wp-includes/widgets/class-wp-widget-archives.php[0m
[0;32m    amazon-ebs.ubuntu: wordpress/wp-includes/widgets/class-wp-widget-block.php[0m
[0;32m    amazon-ebs.ubuntu: wordpress/wp-includes/widgets/class-wp-widget-custom-html.php[0m
[0;32m    amazon-ebs.ubuntu: wordpress/wp-includes/widgets/class-wp-nav-menu-widget.php[0m
[0;32m    amazon-ebs.ubuntu: wordpress/wp-includes/widgets/class-wp-widget-recent-posts.php[0m
[0;32m    amazon-ebs.ubuntu: wordpress/wp-includes/widgets/class-wp-widget-links.php[0m
[0;32m    amazon-ebs.ubuntu: wordpress/wp-includes/widgets/class-wp-widget-media-audio.php[0m
[0;32m    amazon-ebs.ubuntu: wordpress/wp-includes/widgets/class-wp-widget-rss.php[0m
[0;32m    amazon-ebs.ubuntu: wordpress/wp-includes/widgets/class-wp-widget-meta.php[0m
[0;32m    amazon-ebs.ubuntu: wordpress/wp-includes/widgets/class-wp-widget-categories.php[0m
[0;32m    amazon-ebs.ubuntu: wordpress/wp-includes/widgets/class-wp-widget-media-video.php[0m
[0;32m    amazon-ebs.ubuntu: wordpress/wp-includes/widgets/class-wp-widget-calendar.php[0m
[0;32m    amazon-ebs.ubuntu: wordpress/wp-includes/widgets/class-wp-widget-media-gallery.php[0m
[0;32m    amazon-ebs.ubuntu: wordpress/wp-includes/widgets/class-wp-widget-text.php[0m
[0;32m    amazon-ebs.ubuntu: wordpress/wp-includes/class-wp-image-editor.php[0m
[0;32m    amazon-ebs.ubuntu: wordpress/wp-includes/deprecated.php[0m
[0;32m    amazon-ebs.ubuntu: wordpress/wp-includes/class-wp-http-cookie.php[0m
[0;32m    amazon-ebs.ubuntu: wordpress/wp-includes/class-wp-block-list.php[0m
[0;32m    amazon-ebs.ubuntu: wordpress/wp-includes/feed-rss2-comments.php[0m
[0;32m    amazon-ebs.ubuntu: wordpress/wp-includes/class-wp-date-query.php[0m
[0;32m    amazon-ebs.ubuntu: wordpress/wp-includes/class-wp-oembed-controller.php[0m
[0;32m    amazon-ebs.ubuntu: wordpress/wp-includes/class-walker-comment.php[0m
[0;32m    amazon-ebs.ubuntu: wordpress/wp-includes/class-feed.php[0m
[0;32m    amazon-ebs.ubuntu: wordpress/wp-includes/block-patterns.php[0m
[0;32m    amazon-ebs.ubuntu: wordpress/wp-includes/class-wp-list-util.php[0m
[0;32m    amazon-ebs.ubuntu: wordpress/wp-includes/class-wp-recovery-mode.php[0m
[0;32m    amazon-ebs.ubuntu: wordpress/wp-includes/plugin.php[0m
[0;32m    amazon-ebs.ubuntu: wordpress/wp-includes/class-walker-category-dropdown.php[0m
[0;32m    amazon-ebs.ubuntu: wordpress/wp-includes/link-template.php[0m
[0;32m    amazon-ebs.ubuntu: wordpress/wp-includes/comment.php[0m
[0;32m    amazon-ebs.ubuntu: wordpress/wp-includes/class-wp-network-query.php[0m
[0;32m    amazon-ebs.ubuntu: wordpress/wp-includes/https-detection.php[0m
[0;32m    amazon-ebs.ubuntu: wordpress/wp-includes/registration.php[0m
[0;32m    amazon-ebs.ubuntu: wordpress/wp-includes/PHPMailer/[0m
[0;32m    amazon-ebs.ubuntu: wordpress/wp-includes/PHPMailer/SMTP.php[0m
[0;32m    amazon-ebs.ubuntu: wordpress/wp-includes/PHPMailer/PHPMailer.php[0m
[0;32m    amazon-ebs.ubuntu: wordpress/wp-includes/PHPMailer/Exception.php[0m
[0;32m    amazon-ebs.ubuntu: wordpress/wp-includes/default-widgets.php[0m
[0;32m    amazon-ebs.ubuntu: wordpress/wp-includes/class-oembed.php[0m
[0;32m    amazon-ebs.ubuntu: wordpress/wp-includes/post-thumbnail-template.php[0m
[0;32m    amazon-ebs.ubuntu: wordpress/wp-includes/capabilities.php[0m
[0;32m    amazon-ebs.ubuntu: wordpress/wp-includes/class-wp-text-diff-renderer-inline.php[0m
[0;32m    amazon-ebs.ubuntu: wordpress/wp-includes/l10n/[0m
[0;32m    amazon-ebs.ubuntu: wordpress/wp-includes/l10n/class-wp-translations.php[0m
[0;32m    amazon-ebs.ubuntu: wordpress/wp-includes/l10n/class-wp-translation-file.php[0m
[0;32m    amazon-ebs.ubuntu: wordpress/wp-includes/l10n/class-wp-translation-controller.php[0m
[0;32m    amazon-ebs.ubuntu: wordpress/wp-includes/l10n/class-wp-translation-file-php.php[0m
[0;32m    amazon-ebs.ubuntu: wordpress/wp-includes/l10n/class-wp-translation-file-mo.php[0m
[0;32m    amazon-ebs.ubuntu: wordpress/wp-includes/version.php[0m
[0;32m    amazon-ebs.ubuntu: wordpress/wp-includes/update.php[0m
[0;32m    amazon-ebs.ubuntu: wordpress/wp-includes/class.wp-styles.php[0m
[0;32m    amazon-ebs.ubuntu: wordpress/wp-includes/class-wp-error.php[0m
[0;32m    amazon-ebs.ubuntu: wordpress/wp-includes/block-bindings.php[0m
[0;32m    amazon-ebs.ubuntu: wordpress/wp-includes/class-wp-post-type.php[0m
[0;32m    amazon-ebs.ubuntu: wordpress/wp-includes/class-wp-meta-query.php[0m
[0;32m    amazon-ebs.ubuntu: wordpress/wp-includes/class-wp-feed-cache.php[0m
[0;32m    amazon-ebs.ubuntu: wordpress/wp-includes/fonts/[0m
[0;32m    amazon-ebs.ubuntu: wordpress/wp-includes/fonts/dashicons.eot[0m
[0;32m    amazon-ebs.ubuntu: wordpress/wp-includes/fonts/dashicons.woff[0m
[0;32m    amazon-ebs.ubuntu: wordpress/wp-includes/fonts/class-wp-font-library.php[0m
[0;32m    amazon-ebs.ubuntu: wordpress/wp-includes/fonts/class-wp-font-face-resolver.php[0m
[0;32m    amazon-ebs.ubuntu: wordpress/wp-includes/fonts/class-wp-font-face.php[0m
[0;32m    amazon-ebs.ubuntu: wordpress/wp-includes/fonts/class-wp-font-collection.php[0m
[0;32m    amazon-ebs.ubuntu: wordpress/wp-includes/fonts/dashicons.woff2[0m
[0;32m    amazon-ebs.ubuntu: wordpress/wp-includes/fonts/dashicons.ttf[0m
[0;32m    amazon-ebs.ubuntu: wordpress/wp-includes/fonts/class-wp-font-utils.php[0m
[0;32m    amazon-ebs.ubuntu: wordpress/wp-includes/fonts/dashicons.svg[0m
[0;32m    amazon-ebs.ubuntu: wordpress/wp-includes/class-wp-taxonomy.php[0m
[0;32m    amazon-ebs.ubuntu: wordpress/wp-includes/http.php[0m
[0;32m    amazon-ebs.ubuntu: wordpress/wp-includes/atomlib.php[0m
[0;32m    amazon-ebs.ubuntu: wordpress/wp-includes/class-wp-customize-nav-menus.php[0m
[0;32m    amazon-ebs.ubuntu: wordpress/wp-includes/functions.php[0m
[0;32m    amazon-ebs.ubuntu: wordpress/wp-includes/class-wp-term.php[0m
[0;32m    amazon-ebs.ubuntu: wordpress/wp-includes/author-template.php[0m
[0;32m    amazon-ebs.ubuntu: wordpress/wp-includes/pluggable.php[0m
[0;32m    amazon-ebs.ubuntu: wordpress/wp-includes/class-wp-recovery-mode-key-service.php[0m
[0;32m    amazon-ebs.ubuntu: wordpress/wp-includes/class.wp-scripts.php[0m
[0;32m    amazon-ebs.ubuntu: wordpress/wp-includes/class-wp-user-request.php[0m
[0;32m    amazon-ebs.ubuntu: wordpress/wp-includes/class-wp-theme-json-resolver.php[0m
[0;32m    amazon-ebs.ubuntu: wordpress/wp-includes/error-protection.php[0m
[0;32m    amazon-ebs.ubuntu: wordpress/wp-includes/class-json.php[0m
[0;32m    amazon-ebs.ubuntu: wordpress/wp-includes/class-wp-user.php[0m
[0;32m    amazon-ebs.ubuntu: wordpress/wp-includes/class-wp-block-type.php[0m
[0;32m    amazon-ebs.ubuntu: wordpress/wp-includes/class-wp-ajax-response.php[0m
[0;32m    amazon-ebs.ubuntu: wordpress/wp-includes/class-wp-textdomain-registry.php[0m
[0;32m    amazon-ebs.ubuntu: wordpress/wp-includes/sodium_compat/[0m
[0;32m    amazon-ebs.ubuntu: wordpress/wp-includes/sodium_compat/src/[0m
[0;32m    amazon-ebs.ubuntu: wordpress/wp-includes/sodium_compat/src/Core32/[0m
[0;32m    amazon-ebs.ubuntu: wordpress/wp-includes/sodium_compat/src/Core32/Int32.php[0m
[0;32m    amazon-ebs.ubuntu: wordpress/wp-includes/sodium_compat/src/Core32/SipHash.php[0m
[0;32m    amazon-ebs.ubuntu: wordpress/wp-includes/sodium_compat/src/Core32/Ed25519.php[0m
[0;32m    amazon-ebs.ubuntu: wordpress/wp-includes/sodium_compat/src/Core32/Curve25519.php[0m
[0;32m    amazon-ebs.ubuntu: wordpress/wp-includes/sodium_compat/src/Core32/SecretStream/[0m
[0;32m    amazon-ebs.ubuntu: wordpress/wp-includes/sodium_compat/src/Core32/SecretStream/State.php[0m
[0;32m    amazon-ebs.ubuntu: wordpress/wp-includes/sodium_compat/src/Core32/XChaCha20.php[0m
[0;32m    amazon-ebs.ubuntu: wordpress/wp-includes/sodium_compat/src/Core32/Poly1305/[0m
[0;32m    amazon-ebs.ubuntu: wordpress/wp-includes/sodium_compat/src/Core32/Poly1305/State.php[0m
[0;32m    amazon-ebs.ubuntu: wordpress/wp-includes/sodium_compat/src/Core32/ChaCha20.php[0m
[0;32m    amazon-ebs.ubuntu: wordpress/wp-includes/sodium_compat/src/Core32/Salsa20.php[0m
[0;32m    amazon-ebs.ubuntu: wordpress/wp-includes/sodium_compat/src/Core32/Int64.php[0m
[0;32m    amazon-ebs.ubuntu: wordpress/wp-includes/sodium_compat/src/Core32/ChaCha20/[0m
[0;32m    amazon-ebs.ubuntu: wordpress/wp-includes/sodium_compat/src/Core32/ChaCha20/IetfCtx.php[0m
[0;32m    amazon-ebs.ubuntu: wordpress/wp-includes/sodium_compat/src/Core32/ChaCha20/Ctx.php[0m
[0;32m    amazon-ebs.ubuntu: wordpress/wp-includes/sodium_compat/src/Core32/XSalsa20.php[0m
[0;32m    amazon-ebs.ubuntu: wordpress/wp-includes/sodium_compat/src/Core32/Poly1305.php[0m
[0;32m    amazon-ebs.ubuntu: wordpress/wp-includes/sodium_compat/src/Core32/HChaCha20.php[0m
[0;32m    amazon-ebs.ubuntu: wordpress/wp-includes/sodium_compat/src/Core32/Util.php[0m
[0;32m    amazon-ebs.ubuntu: wordpress/wp-includes/sodium_compat/src/Core32/HSalsa20.php[0m
[0;32m    amazon-ebs.ubuntu: wordpress/wp-includes/sodium_compat/src/Core32/Curve25519/[0m
[0;32m    amazon-ebs.ubuntu: wordpress/wp-includes/sodium_compat/src/Core32/Curve25519/H.php[0m
[0;32m    amazon-ebs.ubuntu: wordpress/wp-includes/sodium_compat/src/Core32/Curve25519/Fe.php[0m
[0;32m    amazon-ebs.ubuntu: wordpress/wp-includes/sodium_compat/src/Core32/Curve25519/README.md[0m
[0;32m    amazon-ebs.ubuntu: wordpress/wp-includes/sodium_compat/src/Core32/Curve25519/Ge/[0m
[0;32m    amazon-ebs.ubuntu: wordpress/wp-includes/sodium_compat/src/Core32/Curve25519/Ge/P2.php[0m
[0;32m    amazon-ebs.ubuntu: wordpress/wp-includes/sodium_compat/src/Core32/Curve25519/Ge/Cached.php[0m
[0;32m    amazon-ebs.ubuntu: wordpress/wp-includes/sodium_compat/src/Core32/Curve25519/Ge/P3.php[0m
[0;32m    amazon-ebs.ubuntu: wordpress/wp-includes/sodium_compat/src/Core32/Curve25519/Ge/Precomp.php[0m
[0;32m    amazon-ebs.ubuntu: wordpress/wp-includes/sodium_compat/src/Core32/Curve25519/Ge/P1p1.php[0m
[0;32m    amazon-ebs.ubuntu: wordpress/wp-includes/sodium_compat/src/Core32/X25519.php[0m
[0;32m    amazon-ebs.ubuntu: wordpress/wp-includes/sodium_compat/src/Core32/BLAKE2b.php[0m
[0;32m    amazon-ebs.ubuntu: wordpress/wp-includes/sodium_compat/src/PHP52/[0m
[0;32m    amazon-ebs.ubuntu: wordpress/wp-includes/sodium_compat/src/PHP52/SplFixedArray.php[0m
[0;32m    amazon-ebs.ubuntu: wordpress/wp-includes/sodium_compat/src/Crypto.php[0m
[0;32m    amazon-ebs.ubuntu: wordpress/wp-includes/sodium_compat/src/Compat.php[0m
[0;32m    amazon-ebs.ubuntu: wordpress/wp-includes/sodium_compat/src/Core/[0m
[0;32m    amazon-ebs.ubuntu: wordpress/wp-includes/sodium_compat/src/Core/Base64/[0m
[0;32m    amazon-ebs.ubuntu: wordpress/wp-includes/sodium_compat/src/Core/Base64/Original.php[0m
[0;32m    amazon-ebs.ubuntu: wordpress/wp-includes/sodium_compat/src/Core/Base64/Common.php[0m
[0;32m    amazon-ebs.ubuntu: wordpress/wp-includes/sodium_compat/src/Core/Base64/UrlSafe.php[0m
[0;32m    amazon-ebs.ubuntu: wordpress/wp-includes/sodium_compat/src/Core/SipHash.php[0m
[0;32m    amazon-ebs.ubuntu: wordpress/wp-includes/sodium_compat/src/Core/Ed25519.php[0m
[0;32m    amazon-ebs.ubuntu: wordpress/wp-includes/sodium_compat/src/Core/Ristretto255.php[0m
[0;32m    amazon-ebs.ubuntu: wordpress/wp-includes/sodium_compat/src/Core/Curve25519.php[0m
[0;32m    amazon-ebs.ubuntu: wordpress/wp-includes/sodium_compat/src/Core/SecretStream/[0m
[0;32m    amazon-ebs.ubuntu: wordpress/wp-includes/sodium_compat/src/Core/SecretStream/State.php[0m
[0;32m    amazon-ebs.ubuntu: wordpress/wp-includes/sodium_compat/src/Core/XChaCha20.php[0m
[0;32m    amazon-ebs.ubuntu: wordpress/wp-includes/sodium_compat/src/Core/Poly1305/[0m
[0;32m    amazon-ebs.ubuntu: wordpress/wp-includes/sodium_compat/src/Core/Poly1305/State.php[0m
[0;32m    amazon-ebs.ubuntu: wordpress/wp-includes/sodium_compat/src/Core/ChaCha20.php[0m
[0;32m    amazon-ebs.ubuntu: wordpress/wp-includes/sodium_compat/src/Core/Salsa20.php[0m
[0;32m    amazon-ebs.ubuntu: wordpress/wp-includes/sodium_compat/src/Core/ChaCha20/[0m
[0;32m    amazon-ebs.ubuntu: wordpress/wp-includes/sodium_compat/src/Core/ChaCha20/IetfCtx.php[0m
[0;32m    amazon-ebs.ubuntu: wordpress/wp-includes/sodium_compat/src/Core/ChaCha20/Ctx.php[0m
[0;32m    amazon-ebs.ubuntu: wordpress/wp-includes/sodium_compat/src/Core/XSalsa20.php[0m
[0;32m    amazon-ebs.ubuntu: wordpress/wp-includes/sodium_compat/src/Core/Poly1305.php[0m
[0;32m    amazon-ebs.ubuntu: wordpress/wp-includes/sodium_compat/src/Core/HChaCha20.php[0m
[0;32m    amazon-ebs.ubuntu: wordpress/wp-includes/sodium_compat/src/Core/Util.php[0m
[0;32m    amazon-ebs.ubuntu: wordpress/wp-includes/sodium_compat/src/Core/HSalsa20.php[0m
[0;32m    amazon-ebs.ubuntu: wordpress/wp-includes/sodium_compat/src/Core/Curve25519/[0m
[0;32m    amazon-ebs.ubuntu: wordpress/wp-includes/sodium_compat/src/Core/Curve25519/H.php[0m
[0;32m    amazon-ebs.ubuntu: wordpress/wp-includes/sodium_compat/src/Core/Curve25519/Fe.php[0m
[0;32m    amazon-ebs.ubuntu: wordpress/wp-includes/sodium_compat/src/Core/Curve25519/README.md[0m
[0;32m    amazon-ebs.ubuntu: wordpress/wp-includes/sodium_compat/src/Core/Curve25519/Ge/[0m
[0;32m    amazon-ebs.ubuntu: wordpress/wp-includes/sodium_compat/src/Core/Curve25519/Ge/P2.php[0m
[0;32m    amazon-ebs.ubuntu: wordpress/wp-includes/sodium_compat/src/Core/Curve25519/Ge/Cached.php[0m
[0;32m    amazon-ebs.ubuntu: wordpress/wp-includes/sodium_compat/src/Core/Curve25519/Ge/P3.php[0m
[0;32m    amazon-ebs.ubuntu: wordpress/wp-includes/sodium_compat/src/Core/Curve25519/Ge/Precomp.php[0m
[0;32m    amazon-ebs.ubuntu: wordpress/wp-includes/sodium_compat/src/Core/Curve25519/Ge/P1p1.php[0m
[0;32m    amazon-ebs.ubuntu: wordpress/wp-includes/sodium_compat/src/Core/X25519.php[0m
[0;32m    amazon-ebs.ubuntu: wordpress/wp-includes/sodium_compat/src/Core/BLAKE2b.php[0m
[0;32m    amazon-ebs.ubuntu: wordpress/wp-includes/sodium_compat/src/SodiumException.php[0m
[0;32m    amazon-ebs.ubuntu: wordpress/wp-includes/sodium_compat/src/Crypto32.php[0m
[0;32m    amazon-ebs.ubuntu: wordpress/wp-includes/sodium_compat/src/File.php[0m
[0;32m    amazon-ebs.ubuntu: wordpress/wp-includes/sodium_compat/autoload-php7.php[0m
[0;32m    amazon-ebs.ubuntu: wordpress/wp-includes/sodium_compat/composer.json[0m
[0;32m    amazon-ebs.ubuntu: wordpress/wp-includes/sodium_compat/namespaced/[0m
[0;32m    amazon-ebs.ubuntu: wordpress/wp-includes/sodium_compat/namespaced/Crypto.php[0m
[0;32m    amazon-ebs.ubuntu: wordpress/wp-includes/sodium_compat/namespaced/Compat.php[0m
[0;32m    amazon-ebs.ubuntu: wordpress/wp-includes/sodium_compat/namespaced/Core/[0m
[0;32m    amazon-ebs.ubuntu: wordpress/wp-includes/sodium_compat/namespaced/Core/SipHash.php[0m
[0;32m    amazon-ebs.ubuntu: wordpress/wp-includes/sodium_compat/namespaced/Core/Xsalsa20.php[0m
[0;32m    amazon-ebs.ubuntu: wordpress/wp-includes/sodium_compat/namespaced/Core/Ed25519.php[0m
[0;32m    amazon-ebs.ubuntu: wordpress/wp-includes/sodium_compat/namespaced/Core/Curve25519.php[0m
[0;32m    amazon-ebs.ubuntu: wordpress/wp-includes/sodium_compat/namespaced/Core/XChaCha20.php[0m
[0;32m    amazon-ebs.ubuntu: wordpress/wp-includes/sodium_compat/namespaced/Core/Poly1305/[0m
[0;32m    amazon-ebs.ubuntu: wordpress/wp-includes/sodium_compat/namespaced/Core/Poly1305/State.php[0m
[0;32m    amazon-ebs.ubuntu: wordpress/wp-includes/sodium_compat/namespaced/Core/ChaCha20.php[0m
[0;32m    amazon-ebs.ubuntu: wordpress/wp-includes/sodium_compat/namespaced/Core/Salsa20.php[0m
[0;32m    amazon-ebs.ubuntu: wordpress/wp-includes/sodium_compat/namespaced/Core/ChaCha20/[0m
[0;32m    amazon-ebs.ubuntu: wordpress/wp-includes/sodium_compat/namespaced/Core/ChaCha20/IetfCtx.php[0m
[0;32m    amazon-ebs.ubuntu: wordpress/wp-includes/sodium_compat/namespaced/Core/ChaCha20/Ctx.php[0m
[0;32m    amazon-ebs.ubuntu: wordpress/wp-includes/sodium_compat/namespaced/Core/Poly1305.php[0m
[0;32m    amazon-ebs.ubuntu: wordpress/wp-includes/sodium_compat/namespaced/Core/HChaCha20.php[0m
[0;32m    amazon-ebs.ubuntu: wordpress/wp-includes/sodium_compat/namespaced/Core/Util.php[0m
[0;32m    amazon-ebs.ubuntu: wordpress/wp-includes/sodium_compat/namespaced/Core/HSalsa20.php[0m
[0;32m    amazon-ebs.ubuntu: wordpress/wp-includes/sodium_compat/namespaced/Core/Curve25519/[0m
[0;32m    amazon-ebs.ubuntu: wordpress/wp-includes/sodium_compat/namespaced/Core/Curve25519/H.php[0m
[0;32m    amazon-ebs.ubuntu: wordpress/wp-includes/sodium_compat/namespaced/Core/Curve25519/Fe.php[0m
[0;32m    amazon-ebs.ubuntu: wordpress/wp-includes/sodium_compat/namespaced/Core/Curve25519/Ge/[0m
[0;32m    amazon-ebs.ubuntu: wordpress/wp-includes/sodium_compat/namespaced/Core/Curve25519/Ge/P2.php[0m
[0;32m    amazon-ebs.ubuntu: wordpress/wp-includes/sodium_compat/namespaced/Core/Curve25519/Ge/Cached.php[0m
[0;32m    amazon-ebs.ubuntu: wordpress/wp-includes/sodium_compat/namespaced/Core/Curve25519/Ge/P3.php[0m
[0;32m    amazon-ebs.ubuntu: wordpress/wp-includes/sodium_compat/namespaced/Core/Curve25519/Ge/Precomp.php[0m
[0;32m    amazon-ebs.ubuntu: wordpress/wp-includes/sodium_compat/namespaced/Core/Curve25519/Ge/P1p1.php[0m
[0;32m    amazon-ebs.ubuntu: wordpress/wp-includes/sodium_compat/namespaced/Core/X25519.php[0m
[0;32m    amazon-ebs.ubuntu: wordpress/wp-includes/sodium_compat/namespaced/Core/BLAKE2b.php[0m
[0;32m    amazon-ebs.ubuntu: wordpress/wp-includes/sodium_compat/namespaced/File.php[0m
[0;32m    amazon-ebs.ubuntu: wordpress/wp-includes/sodium_compat/lib/[0m
[0;32m    amazon-ebs.ubuntu: wordpress/wp-includes/sodium_compat/lib/namespaced.php[0m
[0;32m    amazon-ebs.ubuntu: wordpress/wp-includes/sodium_compat/lib/constants.php[0m
[0;32m    amazon-ebs.ubuntu: wordpress/wp-includes/sodium_compat/lib/php72compat.php[0m
[0;32m    amazon-ebs.ubuntu: wordpress/wp-includes/sodium_compat/lib/php72compat_const.php[0m
[0;32m    amazon-ebs.ubuntu: wordpress/wp-includes/sodium_compat/lib/sodium_compat.php[0m
[0;32m    amazon-ebs.ubuntu: wordpress/wp-includes/sodium_compat/lib/ristretto255.php[0m
[0;32m    amazon-ebs.ubuntu: wordpress/wp-includes/sodium_compat/lib/stream-xchacha20.php[0m
[0;32m    amazon-ebs.ubuntu: wordpress/wp-includes/sodium_compat/LICENSE[0m
[0;32m    amazon-ebs.ubuntu: wordpress/wp-includes/sodium_compat/autoload.php[0m
[0;32m    amazon-ebs.ubuntu: wordpress/wp-includes/robots-template.php[0m
[0;32m    amazon-ebs.ubuntu: wordpress/wp-includes/sitemaps/[0m
[0;32m    amazon-ebs.ubuntu: wordpress/wp-includes/sitemaps/class-wp-sitemaps-renderer.php[0m
[0;32m    amazon-ebs.ubuntu: wordpress/wp-includes/sitemaps/class-wp-sitemaps-provider.php[0m
[0;32m    amazon-ebs.ubuntu: wordpress/wp-includes/sitemaps/class-wp-sitemaps-index.php[0m
[0;32m    amazon-ebs.ubuntu: wordpress/wp-includes/sitemaps/class-wp-sitemaps-stylesheet.php[0m
[0;32m    amazon-ebs.ubuntu: wordpress/wp-includes/sitemaps/providers/[0m
[0;32m    amazon-ebs.ubuntu: wordpress/wp-includes/sitemaps/providers/class-wp-sitemaps-taxonomies.php[0m
[0;32m    amazon-ebs.ubuntu: wordpress/wp-includes/sitemaps/providers/class-wp-sitemaps-posts.php[0m
[0;32m    amazon-ebs.ubuntu: wordpress/wp-includes/sitemaps/providers/class-wp-sitemaps-users.php[0m
[0;32m    amazon-ebs.ubuntu: wordpress/wp-includes/sitemaps/class-wp-sitemaps-registry.php[0m
[0;32m    amazon-ebs.ubuntu: wordpress/wp-includes/sitemaps/class-wp-sitemaps.php[0m
[0;32m    amazon-ebs.ubuntu: wordpress/wp-includes/session.php[0m
[0;32m    amazon-ebs.ubuntu: wordpress/wp-includes/rest-api/[0m
[0;32m    amazon-ebs.ubuntu: wordpress/wp-includes/rest-api/endpoints/[0m
[0;32m    amazon-ebs.ubuntu: wordpress/wp-includes/rest-api/endpoints/class-wp-rest-font-faces-controller.php[0m
[0;32m    amazon-ebs.ubuntu: wordpress/wp-includes/rest-api/endpoints/class-wp-rest-block-patterns-controller.php[0m
[0;32m    amazon-ebs.ubuntu: wordpress/wp-includes/rest-api/endpoints/class-wp-rest-application-passwords-controller.php[0m
[0;32m    amazon-ebs.ubuntu: wordpress/wp-includes/rest-api/endpoints/class-wp-rest-widget-types-controller.php[0m
[0;32m    amazon-ebs.ubuntu: wordpress/wp-includes/rest-api/endpoints/class-wp-rest-pattern-directory-controller.php[0m
[0;32m    amazon-ebs.ubuntu: wordpress/wp-includes/rest-api/endpoints/class-wp-rest-navigation-fallback-controller.php[0m
[0;32m    amazon-ebs.ubuntu: wordpress/wp-includes/rest-api/endpoints/class-wp-rest-block-types-controller.php[0m
[0;32m    amazon-ebs.ubuntu: wordpress/wp-includes/rest-api/endpoints/class-wp-rest-themes-controller.php[0m
[0;32m    amazon-ebs.ubuntu: wordpress/wp-includes/rest-api/endpoints/class-wp-rest-font-families-controller.php[0m
[0;32m    amazon-ebs.ubuntu: wordpress/wp-includes/rest-api/endpoints/class-wp-rest-widgets-controller.php[0m
[0;32m    amazon-ebs.ubuntu: wordpress/wp-includes/rest-api/endpoints/class-wp-rest-templates-controller.php[0m
[0;32m    amazon-ebs.ubuntu: wordpress/wp-includes/rest-api/endpoints/class-wp-rest-search-controller.php[0m
[0;32m    amazon-ebs.ubuntu: wordpress/wp-includes/rest-api/endpoints/class-wp-rest-url-details-controller.php[0m
[0;32m    amazon-ebs.ubuntu: wordpress/wp-includes/rest-api/endpoints/class-wp-rest-attachments-controller.php[0m
[0;32m    amazon-ebs.ubuntu: wordpress/wp-includes/rest-api/endpoints/class-wp-rest-controller.php[0m
[0;32m    amazon-ebs.ubuntu: wordpress/wp-includes/rest-api/endpoints/class-wp-rest-users-controller.php[0m
[0;32m    amazon-ebs.ubuntu: wordpress/wp-includes/rest-api/endpoints/class-wp-rest-template-autosaves-controller.php[0m
[0;32m    amazon-ebs.ubuntu: wordpress/wp-includes/rest-api/endpoints/class-wp-rest-global-styles-controller.php[0m
[0;32m    amazon-ebs.ubuntu: wordpress/wp-includes/rest-api/endpoints/class-wp-rest-sidebars-controller.php[0m
[0;32m    amazon-ebs.ubuntu: wordpress/wp-includes/rest-api/endpoints/class-wp-rest-block-pattern-categories-controller.php[0m
[0;32m    amazon-ebs.ubuntu: wordpress/wp-includes/rest-api/endpoints/class-wp-rest-block-renderer-controller.php[0m
[0;32m    amazon-ebs.ubuntu: wordpress/wp-includes/rest-api/endpoints/class-wp-rest-posts-controller.php[0m
[0;32m    amazon-ebs.ubuntu: wordpress/wp-includes/rest-api/endpoints/class-wp-rest-comments-controller.php[0m
[0;32m    amazon-ebs.ubuntu: wordpress/wp-includes/rest-api/endpoints/class-wp-rest-menu-items-controller.php[0m
[0;32m    amazon-ebs.ubuntu: wordpress/wp-includes/rest-api/endpoints/class-wp-rest-menu-locations-controller.php[0m
[0;32m    amazon-ebs.ubuntu: wordpress/wp-includes/rest-api/endpoints/class-wp-rest-post-types-controller.php[0m
[0;32m    amazon-ebs.ubuntu: wordpress/wp-includes/rest-api/endpoints/class-wp-rest-autosaves-controller.php[0m
[0;32m    amazon-ebs.ubuntu: wordpress/wp-includes/rest-api/endpoints/class-wp-rest-edit-site-export-controller.php[0m
[0;32m    amazon-ebs.ubuntu: wordpress/wp-includes/rest-api/endpoints/class-wp-rest-terms-controller.php[0m
[0;32m    amazon-ebs.ubuntu: wordpress/wp-includes/rest-api/endpoints/class-wp-rest-plugins-controller.php[0m
[0;32m    amazon-ebs.ubuntu: wordpress/wp-includes/rest-api/endpoints/class-wp-rest-font-collections-controller.php[0m
[0;32m    amazon-ebs.ubuntu: wordpress/wp-includes/rest-api/endpoints/class-wp-rest-site-health-controller.php[0m
[0;32m    amazon-ebs.ubuntu: wordpress/wp-includes/rest-api/endpoints/class-wp-rest-blocks-controller.php[0m
[0;32m    amazon-ebs.ubuntu: wordpress/wp-includes/rest-api/endpoints/class-wp-rest-post-statuses-controller.php[0m
[0;32m    amazon-ebs.ubuntu: wordpress/wp-includes/rest-api/endpoints/class-wp-rest-settings-controller.php[0m
[0;32m    amazon-ebs.ubuntu: wordpress/wp-includes/rest-api/endpoints/class-wp-rest-revisions-controller.php[0m
[0;32m    amazon-ebs.ubuntu: wordpress/wp-includes/rest-api/endpoints/class-wp-rest-block-directory-controller.php[0m
[0;32m    amazon-ebs.ubuntu: wordpress/wp-includes/rest-api/endpoints/class-wp-rest-menus-controller.php[0m
[0;32m    amazon-ebs.ubuntu: wordpress/wp-includes/rest-api/endpoints/class-wp-rest-taxonomies-controller.php[0m
[0;32m    amazon-ebs.ubuntu: wordpress/wp-includes/rest-api/endpoints/class-wp-rest-template-revisions-controller.php[0m
[0;32m    amazon-ebs.ubuntu: wordpress/wp-includes/rest-api/endpoints/class-wp-rest-global-styles-revisions-controller.php[0m
[0;32m    amazon-ebs.ubuntu: wordpress/wp-includes/rest-api/class-wp-rest-response.php[0m
[0;32m    amazon-ebs.ubuntu: wordpress/wp-includes/rest-api/class-wp-rest-server.php[0m
[0;32m    amazon-ebs.ubuntu: wordpress/wp-includes/rest-api/search/[0m
[0;32m    amazon-ebs.ubuntu: wordpress/wp-includes/rest-api/search/class-wp-rest-post-search-handler.php[0m
[0;32m    amazon-ebs.ubuntu: wordpress/wp-includes/rest-api/search/class-wp-rest-post-format-search-handler.php[0m
[0;32m    amazon-ebs.ubuntu: wordpress/wp-includes/rest-api/search/class-wp-rest-term-search-handler.php[0m
[0;32m    amazon-ebs.ubuntu: wordpress/wp-includes/rest-api/search/class-wp-rest-search-handler.php[0m
[0;32m    amazon-ebs.ubuntu: wordpress/wp-includes/rest-api/fields/[0m
[0;32m    amazon-ebs.ubuntu: wordpress/wp-includes/rest-api/fields/class-wp-rest-post-meta-fields.php[0m
[0;32m    amazon-ebs.ubuntu: wordpress/wp-includes/rest-api/fields/class-wp-rest-meta-fields.php[0m
[0;32m    amazon-ebs.ubuntu: wordpress/wp-includes/rest-api/fields/class-wp-rest-term-meta-fields.php[0m
[0;32m    amazon-ebs.ubuntu: wordpress/wp-includes/rest-api/fields/class-wp-rest-user-meta-fields.php[0m
[0;32m    amazon-ebs.ubuntu: wordpress/wp-includes/rest-api/fields/class-wp-rest-comment-meta-fields.php[0m
[0;32m    amazon-ebs.ubuntu: wordpress/wp-includes/rest-api/class-wp-rest-request.php[0m
[0;32m    amazon-ebs.ubuntu: wordpress/wp-includes/class-wp-classic-to-block-menu-converter.php[0m
[0;32m    amazon-ebs.ubuntu: wordpress/wp-includes/class-wp-admin-bar.php[0m
[0;32m    amazon-ebs.ubuntu: wordpress/wp-includes/class-wp-script-modules.php[0m
[0;32m    amazon-ebs.ubuntu: wordpress/wp-includes/block-editor.php[0m
[0;32m    amazon-ebs.ubuntu: wordpress/wp-includes/class-wp-hook.php[0m
[0;32m    amazon-ebs.ubuntu: wordpress/wp-includes/class-wp-block-patterns-registry.php[0m
[0;32m    amazon-ebs.ubuntu: wordpress/wp-includes/https-migration.php[0m
[0;32m    amazon-ebs.ubuntu: wordpress/wp-includes/post.php[0m
[0;32m    amazon-ebs.ubuntu: wordpress/wp-includes/class-wp-object-cache.php[0m
[0;32m    amazon-ebs.ubuntu: wordpress/wp-includes/class-wp-walker.php[0m
[0;32m    amazon-ebs.ubuntu: wordpress/wp-includes/class-wp-rewrite.php[0m
[0;32m    amazon-ebs.ubuntu: wordpress/wp-includes/ms-network.php[0m
[0;32m    amazon-ebs.ubuntu: wordpress/wp-includes/class-wp-customize-setting.php[0m
[0;32m    amazon-ebs.ubuntu: wordpress/wp-includes/IXR/[0m
[0;32m    amazon-ebs.ubuntu: wordpress/wp-includes/IXR/class-IXR-server.php[0m
[0;32m    amazon-ebs.ubuntu: wordpress/wp-includes/IXR/class-IXR-message.php[0m
[0;32m    amazon-ebs.ubuntu: wordpress/wp-includes/IXR/class-IXR-value.php[0m
[0;32m    amazon-ebs.ubuntu: wordpress/wp-includes/IXR/class-IXR-introspectionserver.php[0m
[0;32m    amazon-ebs.ubuntu: wordpress/wp-includes/IXR/class-IXR-client.php[0m
[0;32m    amazon-ebs.ubuntu: wordpress/wp-includes/IXR/class-IXR-clientmulticall.php[0m
[0;32m    amazon-ebs.ubuntu: wordpress/wp-includes/IXR/class-IXR-base64.php[0m
[0;32m    amazon-ebs.ubuntu: wordpress/wp-includes/IXR/class-IXR-date.php[0m
[0;32m    amazon-ebs.ubuntu: wordpress/wp-includes/IXR/class-IXR-request.php[0m
[0;32m    amazon-ebs.ubuntu: wordpress/wp-includes/IXR/class-IXR-error.php[0m
[0;32m    amazon-ebs.ubuntu: wordpress/wp-includes/class-wp-block.php[0m
[0;32m    amazon-ebs.ubuntu: wordpress/wp-includes/class-wp-query.php[0m
[0;32m    amazon-ebs.ubuntu: wordpress/wp-includes/class-wp-scripts.php[0m
[0;32m    amazon-ebs.ubuntu: wordpress/wp-includes/block-patterns/[0m
[0;32m    amazon-ebs.ubuntu: wordpress/wp-includes/block-patterns/query-offset-posts.php[0m
[0;32m    amazon-ebs.ubuntu: wordpress/wp-includes/block-patterns/query-large-title-posts.php[0m
[0;32m    amazon-ebs.ubuntu: wordpress/wp-includes/block-patterns/social-links-shared-background-color.php[0m
[0;32m    amazon-ebs.ubuntu: wordpress/wp-includes/block-patterns/query-grid-posts.php[0m
[0;32m    amazon-ebs.ubuntu: wordpress/wp-includes/block-patterns/query-medium-posts.php[0m
[0;32m    amazon-ebs.ubuntu: wordpress/wp-includes/block-patterns/query-standard-posts.php[0m
[0;32m    amazon-ebs.ubuntu: wordpress/wp-includes/block-patterns/query-small-posts.php[0m
[0;32m    amazon-ebs.ubuntu: wordpress/wp-includes/class-wp.php[0m
[0;32m    amazon-ebs.ubuntu: wordpress/wp-includes/spl-autoload-compat.php[0m
[0;32m    amazon-ebs.ubuntu: wordpress/wp-includes/registration-functions.php[0m
[0;32m    amazon-ebs.ubuntu: wordpress/wp-includes/class-wp-application-passwords.php[0m
[0;32m    amazon-ebs.ubuntu: wordpress/wp-includes/global-styles-and-settings.php[0m
[0;32m    amazon-ebs.ubuntu: wordpress/wp-includes/feed-rdf.php[0m
[0;32m    amazon-ebs.ubuntu: wordpress/wp-includes/load.php[0m
[0;32m    amazon-ebs.ubuntu: wordpress/wp-includes/bookmark.php[0m
[0;32m    amazon-ebs.ubuntu: wordpress/wp-includes/class-wp-token-map.php[0m
[0;32m    amazon-ebs.ubuntu: wordpress/wp-includes/comment-template.php[0m
[0;32m    amazon-ebs.ubuntu: wordpress/wp-includes/class-wp-block-styles-registry.php[0m
[0;32m    amazon-ebs.ubuntu: wordpress/wp-includes/theme-i18n.json[0m
[0;32m    amazon-ebs.ubuntu: wordpress/wp-includes/fonts.php[0m
[0;32m    amazon-ebs.ubuntu: wordpress/wp-includes/admin-bar.php[0m
[0;32m    amazon-ebs.ubuntu: wordpress/wp-includes/ms-load.php[0m
[0;32m    amazon-ebs.ubuntu: wordpress/wp-includes/class.wp-dependencies.php[0m
[0;32m    amazon-ebs.ubuntu: wordpress/wp-includes/class-wp-theme-json-schema.php[0m
[0;32m    amazon-ebs.ubuntu: wordpress/wp-includes/class-wp-http-proxy.php[0m
[0;32m    amazon-ebs.ubuntu: wordpress/wp-includes/class-wp-block-parser-frame.php[0m
[0;32m    amazon-ebs.ubuntu: wordpress/wp-includes/block-bindings/[0m
[0;32m    amazon-ebs.ubuntu: wordpress/wp-includes/block-bindings/post-meta.php[0m
[0;32m    amazon-ebs.ubuntu: wordpress/wp-includes/block-bindings/pattern-overrides.php[0m
[0;32m    amazon-ebs.ubuntu: wordpress/wp-includes/class-wp-dependency.php[0m
[0;32m    amazon-ebs.ubuntu: wordpress/wp-includes/js/[0m
[0;32m    amazon-ebs.ubuntu: wordpress/wp-includes/js/utils.js[0m
[0;32m    amazon-ebs.ubuntu: wordpress/wp-includes/js/customize-preview.min.js[0m
[0;32m    amazon-ebs.ubuntu: wordpress/wp-includes/js/customize-preview-nav-menus.js[0m
[0;32m    amazon-ebs.ubuntu: wordpress/wp-includes/js/autosave.js[0m
[0;32m    amazon-ebs.ubuntu: wordpress/wp-includes/js/customize-selective-refresh.js[0m
[0;32m    amazon-ebs.ubuntu: wordpress/wp-includes/js/customize-preview-widgets.js[0m
[0;32m    amazon-ebs.ubuntu: wordpress/wp-includes/js/hoverIntent.min.js[0m
[0;32m    amazon-ebs.ubuntu: wordpress/wp-includes/js/media-grid.js[0m
[0;32m    amazon-ebs.ubuntu: wordpress/wp-includes/js/comment-reply.js[0m
[0;32m    amazon-ebs.ubuntu: wordpress/wp-includes/js/customize-loader.js[0m
[0;32m    amazon-ebs.ubuntu: wordpress/wp-includes/js/wp-sanitize.js[0m
[0;32m    amazon-ebs.ubuntu: wordpress/wp-includes/js/wp-emoji.js[0m
[0;32m    amazon-ebs.ubuntu: wordpress/wp-includes/js/swfobject.js[0m
[0;32m    amazon-ebs.ubuntu: wordpress/wp-includes/js/wp-sanitize.min.js[0m
[0;32m    amazon-ebs.ubuntu: wordpress/wp-includes/js/wp-emoji-loader.js[0m
[0;32m    amazon-ebs.ubuntu: wordpress/wp-includes/js/media-audiovideo.js[0m
[0;32m    amazon-ebs.ubuntu: wordpress/wp-includes/js/zxcvbn-async.js[0m
[0;32m    amazon-ebs.ubuntu: wordpress/wp-includes/js/colorpicker.min.js[0m
[0;32m    amazon-ebs.ubuntu: wordpress/wp-includes/js/hoverintent-js.min.js[0m
[0;32m    amazon-ebs.ubuntu: wordpress/wp-includes/js/backbone.js[0m
[0;32m    amazon-ebs.ubuntu: wordpress/wp-includes/js/json2.js[0m
[0;32m    amazon-ebs.ubuntu: wordpress/wp-includes/js/media-editor.js[0m
[0;32m    amazon-ebs.ubuntu: wordpress/wp-includes/js/customize-preview-widgets.min.js[0m
[0;32m    amazon-ebs.ubuntu: wordpress/wp-includes/js/media-grid.min.js[0m
[0;32m    amazon-ebs.ubuntu: wordpress/wp-includes/js/wplink.js[0m
[0;32m    amazon-ebs.ubuntu: wordpress/wp-includes/js/customize-views.min.js[0m
[0;32m    amazon-ebs.ubuntu: wordpress/wp-includes/js/underscore.min.js[0m
[0;32m    amazon-ebs.ubuntu: wordpress/wp-includes/js/wp-embed-template.js[0m
[0;32m    amazon-ebs.ubuntu: wordpress/wp-includes/js/wp-backbone.js[0m
[0;32m    amazon-ebs.ubuntu: wordpress/wp-includes/js/utils.min.js[0m
[0;32m    amazon-ebs.ubuntu: wordpress/wp-includes/js/customize-preview-nav-menus.min.js[0m
[0;32m    amazon-ebs.ubuntu: wordpress/wp-includes/js/media-models.js[0m
[0;32m    amazon-ebs.ubuntu: wordpress/wp-includes/js/wp-embed.js[0m
[0;32m    amazon-ebs.ubuntu: wordpress/wp-includes/js/comment-reply.min.js[0m
[0;32m    amazon-ebs.ubuntu: wordpress/wp-includes/js/wp-util.min.js[0m
[0;32m    amazon-ebs.ubuntu: wordpress/wp-includes/js/tw-sack.min.js[0m
[0;32m    amazon-ebs.ubuntu: wordpress/wp-includes/js/heartbeat.js[0m
[0;32m    amazon-ebs.ubuntu: wordpress/wp-includes/js/media-views.js[0m
[0;32m    amazon-ebs.ubuntu: wordpress/wp-includes/js/dist/[0m
[0;32m    amazon-ebs.ubuntu: wordpress/wp-includes/js/dist/annotations.min.js[0m
[0;32m    amazon-ebs.ubuntu: wordpress/wp-includes/js/dist/core-data.js[0m
[0;32m    amazon-ebs.ubuntu: wordpress/wp-includes/js/dist/list-reusable-blocks.js[0m
[0;32m    amazon-ebs.ubuntu: wordpress/wp-includes/js/dist/dom.min.js[0m
[0;32m    amazon-ebs.ubuntu: wordpress/wp-includes/js/dist/block-directory.js[0m
[0;32m    amazon-ebs.ubuntu: wordpress/wp-includes/js/dist/edit-widgets.js[0m
[0;32m    amazon-ebs.ubuntu: wordpress/wp-includes/js/dist/core-commands.js[0m
[0;32m    amazon-ebs.ubuntu: wordpress/wp-includes/js/dist/keyboard-shortcuts.js[0m
[0;32m    amazon-ebs.ubuntu: wordpress/wp-includes/js/dist/patterns.js[0m
[0;32m    amazon-ebs.ubuntu: wordpress/wp-includes/js/dist/url.min.js[0m
[0;32m    amazon-ebs.ubuntu: wordpress/wp-includes/js/dist/components.js[0m
[0;32m    amazon-ebs.ubuntu: wordpress/wp-includes/js/dist/edit-site.min.js[0m
[0;32m    amazon-ebs.ubuntu: wordpress/wp-includes/js/dist/wordcount.js[0m
[0;32m    amazon-ebs.ubuntu: wordpress/wp-includes/js/dist/vendor/[0m
[0;32m    amazon-ebs.ubuntu: wordpress/wp-includes/js/dist/vendor/wp-polyfill-object-fit.min.js[0m
[0;32m    amazon-ebs.ubuntu: wordpress/wp-includes/js/dist/vendor/regenerator-runtime.min.js[0m
[0;32m    amazon-ebs.ubuntu: wordpress/wp-includes/js/dist/vendor/wp-polyfill-object-fit.js[0m
[0;32m    amazon-ebs.ubuntu: wordpress/wp-includes/js/dist/vendor/react-jsx-runtime.min.js[0m
[0;32m    amazon-ebs.ubuntu: wordpress/wp-includes/js/dist/vendor/wp-polyfill-inert.js[0m
[0;32m    amazon-ebs.ubuntu: wordpress/wp-includes/js/dist/vendor/lodash.js[0m
[0;32m    amazon-ebs.ubuntu: wordpress/wp-includes/js/dist/vendor/wp-polyfill-fetch.min.js[0m
[0;32m    amazon-ebs.ubuntu: wordpress/wp-includes/js/dist/vendor/wp-polyfill-dom-rect.min.js[0m
[0;32m    amazon-ebs.ubuntu: wordpress/wp-includes/js/dist/vendor/wp-polyfill-element-closest.min.js[0m
[0;32m    amazon-ebs.ubuntu: wordpress/wp-includes/js/dist/vendor/moment.js[0m
[0;32m    amazon-ebs.ubuntu: wordpress/wp-includes/js/dist/vendor/wp-polyfill-formdata.js[0m
[0;32m    amazon-ebs.ubuntu: wordpress/wp-includes/js/dist/vendor/wp-polyfill-node-contains.min.js[0m
[0;32m    amazon-ebs.ubuntu: wordpress/wp-includes/js/dist/vendor/wp-polyfill.min.js[0m
[0;32m    amazon-ebs.ubuntu: wordpress/wp-includes/js/dist/vendor/wp-polyfill-importmap.js[0m
[0;32m    amazon-ebs.ubuntu: wordpress/wp-includes/js/dist/vendor/react.js[0m
[0;32m    amazon-ebs.ubuntu: wordpress/wp-includes/js/dist/vendor/react-dom.js[0m
[0;32m    amazon-ebs.ubuntu: wordpress/wp-includes/js/dist/vendor/wp-polyfill-url.min.js[0m
[0;32m    amazon-ebs.ubuntu: wordpress/wp-includes/js/dist/vendor/wp-polyfill-element-closest.js[0m
[0;32m    amazon-ebs.ubuntu: wordpress/wp-includes/js/dist/vendor/react.min.js[0m
[0;32m    amazon-ebs.ubuntu: wordpress/wp-includes/js/dist/vendor/react-jsx-runtime.js[0m
[0;32m    amazon-ebs.ubuntu: wordpress/wp-includes/js/dist/vendor/wp-polyfill-node-contains.js[0m
[0;32m    amazon-ebs.ubuntu: wordpress/wp-includes/js/dist/vendor/react-dom.min.js.LICENSE.txt[0m
[0;32m    amazon-ebs.ubuntu: wordpress/wp-includes/js/dist/vendor/wp-polyfill.js[0m
[0;32m    amazon-ebs.ubuntu: wordpress/wp-includes/js/dist/vendor/wp-polyfill-url.js[0m
[0;32m    amazon-ebs.ubuntu: wordpress/wp-includes/js/dist/vendor/regenerator-runtime.js[0m
[0;32m    amazon-ebs.ubuntu: wordpress/wp-includes/js/dist/vendor/wp-polyfill-inert.min.js[0m
[0;32m    amazon-ebs.ubuntu: wordpress/wp-includes/js/dist/vendor/react-jsx-runtime.min.js.LICENSE.txt[0m
[0;32m    amazon-ebs.ubuntu: wordpress/wp-includes/js/dist/vendor/wp-polyfill-dom-rect.js[0m
[0;32m    amazon-ebs.ubuntu: wordpress/wp-includes/js/dist/vendor/lodash.min.js[0m
[0;32m    amazon-ebs.ubuntu: wordpress/wp-includes/js/dist/vendor/wp-polyfill-importmap.min.js[0m
[0;32m    amazon-ebs.ubuntu: wordpress/wp-includes/js/dist/vendor/wp-polyfill-fetch.js[0m
[0;32m    amazon-ebs.ubuntu: wordpress/wp-includes/js/dist/vendor/react.min.js.LICENSE.txt[0m
[0;32m    amazon-ebs.ubuntu: wordpress/wp-includes/js/dist/vendor/wp-polyfill-formdata.min.js[0m
[0;32m    amazon-ebs.ubuntu: wordpress/wp-includes/js/dist/vendor/react-dom.min.js[0m
[0;32m    amazon-ebs.ubuntu: wordpress/wp-includes/js/dist/vendor/moment.min.js[0m
[0;32m    amazon-ebs.ubuntu: wordpress/wp-includes/js/dist/blocks.js[0m
[0;32m    amazon-ebs.ubuntu: wordpress/wp-includes/js/dist/private-apis.js[0m
[0;32m    amazon-ebs.ubuntu: wordpress/wp-includes/js/dist/keyboard-shortcuts.min.js[0m
[0;32m    amazon-ebs.ubuntu: wordpress/wp-includes/js/dist/router.js[0m
[0;32m    amazon-ebs.ubuntu: wordpress/wp-includes/js/dist/block-library.min.js[0m
[0;32m    amazon-ebs.ubuntu: wordpress/wp-includes/js/dist/token-list.js[0m
[0;32m    amazon-ebs.ubuntu: wordpress/wp-includes/js/dist/widgets.min.js[0m
[0;32m    amazon-ebs.ubuntu: wordpress/wp-includes/js/dist/reusable-blocks.js[0m
[0;32m    amazon-ebs.ubuntu: wordpress/wp-includes/js/dist/style-engine.js[0m
[0;32m    amazon-ebs.ubuntu: wordpress/wp-includes/js/dist/core-commands.min.js[0m
[0;32m    amazon-ebs.ubuntu: wordpress/wp-includes/js/dist/commands.min.js[0m
[0;32m    amazon-ebs.ubuntu: wordpress/wp-includes/js/dist/data.min.js[0m
[0;32m    amazon-ebs.ubuntu: wordpress/wp-includes/js/dist/api-fetch.js[0m
[0;32m    amazon-ebs.ubuntu: wordpress/wp-includes/js/dist/list-reusable-blocks.min.js[0m
[0;32m    amazon-ebs.ubuntu: wordpress/wp-includes/js/dist/style-engine.min.js[0m
[0;32m    amazon-ebs.ubuntu: wordpress/wp-includes/js/dist/interactivity.min.js[0m
[0;32m    amazon-ebs.ubuntu: wordpress/wp-includes/js/dist/deprecated.min.js[0m
[0;32m    amazon-ebs.ubuntu: wordpress/wp-includes/js/dist/edit-widgets.min.js[0m
[0;32m    amazon-ebs.ubuntu: wordpress/wp-includes/js/dist/date.min.js[0m
[0;32m    amazon-ebs.ubuntu: wordpress/wp-includes/js/dist/escape-html.min.js[0m
[0;32m    amazon-ebs.ubuntu: wordpress/wp-includes/js/dist/edit-post.min.js[0m
[0;32m    amazon-ebs.ubuntu: wordpress/wp-includes/js/dist/block-editor.min.js[0m
[0;32m    amazon-ebs.ubuntu: wordpress/wp-includes/js/dist/dom-ready.js[0m
[0;32m    amazon-ebs.ubuntu: wordpress/wp-includes/js/dist/blob.js[0m
[0;32m    amazon-ebs.ubuntu: wordpress/wp-includes/js/dist/priority-queue.js[0m
[0;32m    amazon-ebs.ubuntu: wordpress/wp-includes/js/dist/core-data.min.js[0m
[0;32m    amazon-ebs.ubuntu: wordpress/wp-includes/js/dist/preferences.js[0m
[0;32m    amazon-ebs.ubuntu: wordpress/wp-includes/js/dist/block-serialization-default-parser.js[0m
[0;32m    amazon-ebs.ubuntu: wordpress/wp-includes/js/dist/compose.min.js[0m
[0;32m    amazon-ebs.ubuntu: wordpress/wp-includes/js/dist/components.min.js[0m
[0;32m    amazon-ebs.ubuntu: wordpress/wp-includes/js/dist/editor.min.js[0m
[0;32m    amazon-ebs.ubuntu: wordpress/wp-includes/js/dist/is-shallow-equal.min.js[0m
[0;32m    amazon-ebs.ubuntu: wordpress/wp-includes/js/dist/format-library.js[0m
[0;32m    amazon-ebs.ubuntu: wordpress/wp-includes/js/dist/media-utils.min.js[0m
[0;32m    amazon-ebs.ubuntu: wordpress/wp-includes/js/dist/date.js[0m
[0;32m    amazon-ebs.ubuntu: wordpress/wp-includes/js/dist/i18n.js[0m
[0;32m    amazon-ebs.ubuntu: wordpress/wp-includes/js/dist/edit-site.js[0m
[0;32m    amazon-ebs.ubuntu: wordpress/wp-includes/js/dist/keycodes.min.js[0m
[0;32m    amazon-ebs.ubuntu: wordpress/wp-includes/js/dist/preferences-persistence.min.js[0m
[0;32m    amazon-ebs.ubuntu: wordpress/wp-includes/js/dist/block-serialization-default-parser.min.js[0m
[0;32m    amazon-ebs.ubuntu: wordpress/wp-includes/js/dist/customize-widgets.js[0m
[0;32m    amazon-ebs.ubuntu: wordpress/wp-includes/js/dist/notices.js[0m
[0;32m    amazon-ebs.ubuntu: wordpress/wp-includes/js/dist/html-entities.min.js[0m
[0;32m    amazon-ebs.ubuntu: wordpress/wp-includes/js/dist/preferences-persistence.js[0m
[0;32m    amazon-ebs.ubuntu: wordpress/wp-includes/js/dist/hooks.js[0m
[0;32m    amazon-ebs.ubuntu: wordpress/wp-includes/js/dist/media-utils.js[0m
[0;32m    amazon-ebs.ubuntu: wordpress/wp-includes/js/dist/a11y.js[0m
[0;32m    amazon-ebs.ubuntu: wordpress/wp-includes/js/dist/hooks.min.js[0m
[0;32m    amazon-ebs.ubuntu: wordpress/wp-includes/js/dist/router.min.js[0m
[0;32m    amazon-ebs.ubuntu: wordpress/wp-includes/js/dist/preferences.min.js[0m
[0;32m    amazon-ebs.ubuntu: wordpress/wp-includes/js/dist/redux-routine.js[0m
[0;32m    amazon-ebs.ubuntu: wordpress/wp-includes/js/dist/reusable-blocks.min.js[0m
[0;32m    amazon-ebs.ubuntu: wordpress/wp-includes/js/dist/primitives.js[0m
[0;32m    amazon-ebs.ubuntu: wordpress/wp-includes/js/dist/block-editor.js[0m
[0;32m    amazon-ebs.ubuntu: wordpress/wp-includes/js/dist/warning.min.js[0m
[0;32m    amazon-ebs.ubuntu: wordpress/wp-includes/js/dist/escape-html.js[0m
[0;32m    amazon-ebs.ubuntu: wordpress/wp-includes/js/dist/i18n.min.js[0m
[0;32m    amazon-ebs.ubuntu: wordpress/wp-includes/js/dist/rich-text.min.js[0m
[0;32m    amazon-ebs.ubuntu: wordpress/wp-includes/js/dist/api-fetch.min.js[0m
[0;32m    amazon-ebs.ubuntu: wordpress/wp-includes/js/dist/viewport.min.js[0m
[0;32m    amazon-ebs.ubuntu: wordpress/wp-includes/js/dist/redux-routine.min.js[0m
[0;32m    amazon-ebs.ubuntu: wordpress/wp-includes/js/dist/warning.js[0m
[0;32m    amazon-ebs.ubuntu: wordpress/wp-includes/js/dist/notices.min.js[0m
[0;32m    amazon-ebs.ubuntu: wordpress/wp-includes/js/dist/autop.min.js[0m
[0;32m    amazon-ebs.ubuntu: wordpress/wp-includes/js/dist/undo-manager.js[0m
[0;32m    amazon-ebs.ubuntu: wordpress/wp-includes/js/dist/data-controls.js[0m
[0;32m    amazon-ebs.ubuntu: wordpress/wp-includes/js/dist/blob.min.js[0m
[0;32m    amazon-ebs.ubuntu: wordpress/wp-includes/js/dist/block-library.js[0m
[0;32m    amazon-ebs.ubuntu: wordpress/wp-includes/js/dist/token-list.min.js[0m
[0;32m    amazon-ebs.ubuntu: wordpress/wp-includes/js/dist/plugins.js[0m
[0;32m    amazon-ebs.ubuntu: wordpress/wp-includes/js/dist/editor.js[0m
[0;32m    amazon-ebs.ubuntu: wordpress/wp-includes/js/dist/html-entities.js[0m
[0;32m    amazon-ebs.ubuntu: wordpress/wp-includes/js/dist/deprecated.js[0m
[0;32m    amazon-ebs.ubuntu: wordpress/wp-includes/js/dist/undo-manager.min.js[0m
[0;32m    amazon-ebs.ubuntu: wordpress/wp-includes/js/dist/data.js[0m
[0;32m    amazon-ebs.ubuntu: wordpress/wp-includes/js/dist/viewport.js[0m
[0;32m    amazon-ebs.ubuntu: wordpress/wp-includes/js/dist/compose.js[0m
[0;32m    amazon-ebs.ubuntu: wordpress/wp-includes/js/dist/nux.min.js[0m
[0;32m    amazon-ebs.ubuntu: wordpress/wp-includes/js/dist/block-directory.min.js[0m
[0;32m    amazon-ebs.ubuntu: wordpress/wp-includes/js/dist/commands.js[0m
[0;32m    amazon-ebs.ubuntu: wordpress/wp-includes/js/dist/shortcode.min.js[0m
[0;32m    amazon-ebs.ubuntu: wordpress/wp-includes/js/dist/widgets.js[0m
[0;32m    amazon-ebs.ubuntu: wordpress/wp-includes/js/dist/interactivity-router.js[0m
[0;32m    amazon-ebs.ubuntu: wordpress/wp-includes/js/dist/interactivity-router.min.js[0m
[0;32m    amazon-ebs.ubuntu: wordpress/wp-includes/js/dist/blocks.min.js[0m
[0;32m    amazon-ebs.ubuntu: wordpress/wp-includes/js/dist/customize-widgets.min.js[0m
[0;32m    amazon-ebs.ubuntu: wordpress/wp-includes/js/dist/development/[0m
[0;32m    amazon-ebs.ubuntu: wordpress/wp-includes/js/dist/development/react-refresh-runtime.js[0m
[0;32m    amazon-ebs.ubuntu: wordpress/wp-includes/js/dist/development/react-refresh-entry.min.js[0m
[0;32m    amazon-ebs.ubuntu: wordpress/wp-includes/js/dist/development/react-refresh-runtime.min.js[0m
[0;32m    amazon-ebs.ubuntu: wordpress/wp-includes/js/dist/development/react-refresh-entry.js[0m
[0;32m    amazon-ebs.ubuntu: wordpress/wp-includes/js/dist/patterns.min.js[0m
[0;32m    amazon-ebs.ubuntu: wordpress/wp-includes/js/dist/nux.js[0m
[0;32m    amazon-ebs.ubuntu: wordpress/wp-includes/js/dist/interactivity.js[0m
[0;32m    amazon-ebs.ubuntu: wordpress/wp-includes/js/dist/priority-queue.min.js[0m
[0;32m    amazon-ebs.ubuntu: wordpress/wp-includes/js/dist/format-library.min.js[0m
[0;32m    amazon-ebs.ubuntu: wordpress/wp-includes/js/dist/plugins.min.js[0m
[0;32m    amazon-ebs.ubuntu: wordpress/wp-includes/js/dist/shortcode.js[0m
[0;32m    amazon-ebs.ubuntu: wordpress/wp-includes/js/dist/dom.js[0m
[0;32m    amazon-ebs.ubuntu: wordpress/wp-includes/js/dist/data-controls.min.js[0m
[0;32m    amazon-ebs.ubuntu: wordpress/wp-includes/js/dist/dom-ready.min.js[0m
[0;32m    amazon-ebs.ubuntu: wordpress/wp-includes/js/dist/keycodes.js[0m
[0;32m    amazon-ebs.ubuntu: wordpress/wp-includes/js/dist/element.js[0m
[0;32m    amazon-ebs.ubuntu: wordpress/wp-includes/js/dist/private-apis.min.js[0m
[0;32m    amazon-ebs.ubuntu: wordpress/wp-includes/js/dist/is-shallow-equal.js[0m
[0;32m    amazon-ebs.ubuntu: wordpress/wp-includes/js/dist/rich-text.js[0m
[0;32m    amazon-ebs.ubuntu: wordpress/wp-includes/js/dist/primitives.min.js[0m
[0;32m    amazon-ebs.ubuntu: wordpress/wp-includes/js/dist/edit-post.js[0m
[0;32m    amazon-ebs.ubuntu: wordpress/wp-includes/js/dist/autop.js[0m
[0;32m    amazon-ebs.ubuntu: wordpress/wp-includes/js/dist/annotations.js[0m
[0;32m    amazon-ebs.ubuntu: wordpress/wp-includes/js/dist/element.min.js[0m
[0;32m    amazon-ebs.ubuntu: wordpress/wp-includes/js/dist/interactivity-router.min.asset.php[0m
[0;32m    amazon-ebs.ubuntu: wordpress/wp-includes/js/dist/wordcount.min.js[0m
[0;32m    amazon-ebs.ubuntu: wordpress/wp-includes/js/dist/a11y.min.js[0m
[0;32m    amazon-ebs.ubuntu: wordpress/wp-includes/js/dist/server-side-render.min.js[0m
[0;32m    amazon-ebs.ubuntu: wordpress/wp-includes/js/dist/interactivity-router.asset.php[0m
[0;32m    amazon-ebs.ubuntu: wordpress/wp-includes/js/dist/url.js[0m
[0;32m    amazon-ebs.ubuntu: wordpress/wp-includes/js/dist/server-side-render.js[0m
[0;32m    amazon-ebs.ubuntu: wordpress/wp-includes/js/wp-embed-template.min.js[0m
[0;32m    amazon-ebs.ubuntu: wordpress/wp-includes/js/customize-models.js[0m
[0;32m    amazon-ebs.ubuntu: wordpress/wp-includes/js/wp-api.js[0m
[0;32m    amazon-ebs.ubuntu: wordpress/wp-includes/js/tinymce/[0m
[0;32m    amazon-ebs.ubuntu: wordpress/wp-includes/js/tinymce/tiny_mce_popup.js[0m
[0;32m    amazon-ebs.ubuntu: wordpress/wp-includes/js/tinymce/langs/[0m
[0;32m    amazon-ebs.ubuntu: wordpress/wp-includes/js/tinymce/langs/wp-langs-en.js[0m
[0;32m    amazon-ebs.ubuntu: wordpress/wp-includes/js/tinymce/wp-tinymce.js[0m
[0;32m    amazon-ebs.ubuntu: wordpress/wp-includes/js/tinymce/skins/[0m
[0;32m    amazon-ebs.ubuntu: wordpress/wp-includes/js/tinymce/skins/wordpress/[0m
[0;32m    amazon-ebs.ubuntu: wordpress/wp-includes/js/tinymce/skins/wordpress/images/[0m
[0;32m    amazon-ebs.ubuntu: wordpress/wp-includes/js/tinymce/skins/wordpress/images/gallery.png[0m
[0;32m    amazon-ebs.ubuntu: wordpress/wp-includes/js/tinymce/skins/wordpress/images/pagebreak.png[0m
[0;32m    amazon-ebs.ubuntu: wordpress/wp-includes/js/tinymce/skins/wordpress/images/audio.png[0m
[0;32m    amazon-ebs.ubuntu: wordpress/wp-includes/js/tinymce/skins/wordpress/images/more.png[0m
[0;32m    amazon-ebs.ubuntu: wordpress/wp-includes/js/tinymce/skins/wordpress/images/pagebreak-2x.png[0m
[0;32m    amazon-ebs.ubuntu: wordpress/wp-includes/js/tinymce/skins/wordpress/images/more-2x.png[0m
[0;32m    amazon-ebs.ubuntu: wordpress/wp-includes/js/tinymce/skins/wordpress/images/dashicon-edit.png[0m
[0;32m    amazon-ebs.ubuntu: wordpress/wp-includes/js/tinymce/skins/wordpress/images/playlist-audio.png[0m
[0;32m    amazon-ebs.ubuntu: wordpress/wp-includes/js/tinymce/skins/wordpress/images/video.png[0m
[0;32m    amazon-ebs.ubuntu: wordpress/wp-includes/js/tinymce/skins/wordpress/images/embedded.png[0m
[0;32m    amazon-ebs.ubuntu: wordpress/wp-includes/js/tinymce/skins/wordpress/images/gallery-2x.png[0m
[0;32m    amazon-ebs.ubuntu: wordpress/wp-includes/js/tinymce/skins/wordpress/images/dashicon-no.png[0m
[0;32m    amazon-ebs.ubuntu: wordpress/wp-includes/js/tinymce/skins/wordpress/images/playlist-video.png[0m
[0;32m    amazon-ebs.ubuntu: wordpress/wp-includes/js/tinymce/skins/wordpress/wp-content.css[0m
[0;32m    amazon-ebs.ubuntu: wordpress/wp-includes/js/tinymce/skins/lightgray/[0m
[0;32m    amazon-ebs.ubuntu: wordpress/wp-includes/js/tinymce/skins/lightgray/content.min.css[0m
[0;32m    amazon-ebs.ubuntu: wordpress/wp-includes/js/tinymce/skins/lightgray/content.inline.min.css[0m
[0;32m    amazon-ebs.ubuntu: wordpress/wp-includes/js/tinymce/skins/lightgray/img/[0m
[0;32m    amazon-ebs.ubuntu: wordpress/wp-includes/js/tinymce/skins/lightgray/img/object.gif[0m
[0;32m    amazon-ebs.ubuntu: wordpress/wp-includes/js/tinymce/skins/lightgray/img/loader.gif[0m
[0;32m    amazon-ebs.ubuntu: wordpress/wp-includes/js/tinymce/skins/lightgray/img/trans.gif[0m
[0;32m    amazon-ebs.ubuntu: wordpress/wp-includes/js/tinymce/skins/lightgray/img/anchor.gif[0m
[0;32m    amazon-ebs.ubuntu: wordpress/wp-includes/js/tinymce/skins/lightgray/fonts/[0m
[0;32m    amazon-ebs.ubuntu: wordpress/wp-includes/js/tinymce/skins/lightgray/fonts/tinymce.ttf[0m
[0;32m    amazon-ebs.ubuntu: wordpress/wp-includes/js/tinymce/skins/lightgray/fonts/tinymce-small.ttf[0m
[0;32m    amazon-ebs.ubuntu: wordpress/wp-includes/js/tinymce/skins/lightgray/fonts/tinymce.eot[0m
[0;32m    amazon-ebs.ubuntu: wordpress/wp-includes/js/tinymce/skins/lightgray/fonts/tinymce-small.svg[0m
[0;32m    amazon-ebs.ubuntu: wordpress/wp-includes/js/tinymce/skins/lightgray/fonts/tinymce.svg[0m
[0;32m    amazon-ebs.ubuntu: wordpress/wp-includes/js/tinymce/skins/lightgray/fonts/tinymce-small.eot[0m
[0;32m    amazon-ebs.ubuntu: wordpress/wp-includes/js/tinymce/skins/lightgray/fonts/tinymce-small.woff[0m
[0;32m    amazon-ebs.ubuntu: wordpress/wp-includes/js/tinymce/skins/lightgray/fonts/tinymce.woff[0m
[0;32m    amazon-ebs.ubuntu: wordpress/wp-includes/js/tinymce/skins/lightgray/skin.min.css[0m
[0;32m    amazon-ebs.ubuntu: wordpress/wp-includes/js/tinymce/themes/[0m
[0;32m    amazon-ebs.ubuntu: wordpress/wp-includes/js/tinymce/themes/inlite/[0m
[0;32m    amazon-ebs.ubuntu: wordpress/wp-includes/js/tinymce/themes/inlite/theme.min.js[0m
[0;32m    amazon-ebs.ubuntu: wordpress/wp-includes/js/tinymce/themes/inlite/theme.js[0m
[0;32m    amazon-ebs.ubuntu: wordpress/wp-includes/js/tinymce/themes/modern/[0m
[0;32m    amazon-ebs.ubuntu: wordpress/wp-includes/js/tinymce/themes/modern/theme.min.js[0m
[0;32m    amazon-ebs.ubuntu: wordpress/wp-includes/js/tinymce/themes/modern/theme.js[0m
[0;32m    amazon-ebs.ubuntu: wordpress/wp-includes/js/tinymce/plugins/[0m
[0;32m    amazon-ebs.ubuntu: wordpress/wp-includes/js/tinymce/plugins/fullscreen/[0m
[0;32m    amazon-ebs.ubuntu: wordpress/wp-includes/js/tinymce/plugins/fullscreen/plugin.min.js[0m
[0;32m    amazon-ebs.ubuntu: wordpress/wp-includes/js/tinymce/plugins/fullscreen/plugin.js[0m
[0;32m    amazon-ebs.ubuntu: wordpress/wp-includes/js/tinymce/plugins/wplink/[0m
[0;32m    amazon-ebs.ubuntu: wordpress/wp-includes/js/tinymce/plugins/wplink/plugin.min.js[0m
[0;32m    amazon-ebs.ubuntu: wordpress/wp-includes/js/tinymce/plugins/wplink/plugin.js[0m
[0;32m    amazon-ebs.ubuntu: wordpress/wp-includes/js/tinymce/plugins/wpemoji/[0m
[0;32m    amazon-ebs.ubuntu: wordpress/wp-includes/js/tinymce/plugins/wpemoji/plugin.min.js[0m
[0;32m    amazon-ebs.ubuntu: wordpress/wp-includes/js/tinymce/plugins/wpemoji/plugin.js[0m
[0;32m    amazon-ebs.ubuntu: wordpress/wp-includes/js/tinymce/plugins/media/[0m
[0;32m    amazon-ebs.ubuntu: wordpress/wp-includes/js/tinymce/plugins/media/plugin.min.js[0m
[0;32m    amazon-ebs.ubuntu: wordpress/wp-includes/js/tinymce/plugins/media/plugin.js[0m
[0;32m    amazon-ebs.ubuntu: wordpress/wp-includes/js/tinymce/plugins/wptextpattern/[0m
[0;32m    amazon-ebs.ubuntu: wordpress/wp-includes/js/tinymce/plugins/wptextpattern/plugin.min.js[0m
[0;32m    amazon-ebs.ubuntu: wordpress/wp-includes/js/tinymce/plugins/wptextpattern/plugin.js[0m
[0;32m    amazon-ebs.ubuntu: wordpress/wp-includes/js/tinymce/plugins/wpdialogs/[0m
[0;32m    amazon-ebs.ubuntu: wordpress/wp-includes/js/tinymce/plugins/wpdialogs/plugin.min.js[0m
[0;32m    amazon-ebs.ubuntu: wordpress/wp-includes/js/tinymce/plugins/wpdialogs/plugin.js[0m
[0;32m    amazon-ebs.ubuntu: wordpress/wp-includes/js/tinymce/plugins/wpview/[0m
[0;32m    amazon-ebs.ubuntu: wordpress/wp-includes/js/tinymce/plugins/wpview/plugin.min.js[0m
[0;32m    amazon-ebs.ubuntu: wordpress/wp-includes/js/tinymce/plugins/wpview/plugin.js[0m
[0;32m    amazon-ebs.ubuntu: wordpress/wp-includes/js/tinymce/plugins/wordpress/[0m
[0;32m    amazon-ebs.ubuntu: wordpress/wp-includes/js/tinymce/plugins/wordpress/plugin.min.js[0m
[0;32m    amazon-ebs.ubuntu: wordpress/wp-includes/js/tinymce/plugins/wordpress/plugin.js[0m
[0;32m    amazon-ebs.ubuntu: wordpress/wp-includes/js/tinymce/plugins/wpautoresize/[0m
[0;32m    amazon-ebs.ubuntu: wordpress/wp-includes/js/tinymce/plugins/wpautoresize/plugin.min.js[0m
[0;32m    amazon-ebs.ubuntu: wordpress/wp-includes/js/tinymce/plugins/wpautoresize/plugin.js[0m
[0;32m    amazon-ebs.ubuntu: wordpress/wp-includes/js/tinymce/plugins/paste/[0m
[0;32m    amazon-ebs.ubuntu: wordpress/wp-includes/js/tinymce/plugins/paste/plugin.min.js[0m
[0;32m    amazon-ebs.ubuntu: wordpress/wp-includes/js/tinymce/plugins/paste/plugin.js[0m
[0;32m    amazon-ebs.ubuntu: wordpress/wp-includes/js/tinymce/plugins/colorpicker/[0m
[0;32m    amazon-ebs.ubuntu: wordpress/wp-includes/js/tinymce/plugins/colorpicker/plugin.min.js[0m
[0;32m    amazon-ebs.ubuntu: wordpress/wp-includes/js/tinymce/plugins/colorpicker/plugin.js[0m
[0;32m    amazon-ebs.ubuntu: wordpress/wp-includes/js/tinymce/plugins/hr/[0m
[0;32m    amazon-ebs.ubuntu: wordpress/wp-includes/js/tinymce/plugins/hr/plugin.min.js[0m
[0;32m    amazon-ebs.ubuntu: wordpress/wp-includes/js/tinymce/plugins/hr/plugin.js[0m
[0;32m    amazon-ebs.ubuntu: wordpress/wp-includes/js/tinymce/plugins/lists/[0m
[0;32m    amazon-ebs.ubuntu: wordpress/wp-includes/js/tinymce/plugins/lists/plugin.min.js[0m
[0;32m    amazon-ebs.ubuntu: wordpress/wp-includes/js/tinymce/plugins/lists/plugin.js[0m
[0;32m    amazon-ebs.ubuntu: wordpress/wp-includes/js/tinymce/plugins/tabfocus/[0m
[0;32m    amazon-ebs.ubuntu: wordpress/wp-includes/js/tinymce/plugins/tabfocus/plugin.min.js[0m
[0;32m    amazon-ebs.ubuntu: wordpress/wp-includes/js/tinymce/plugins/tabfocus/plugin.js[0m
[0;32m    amazon-ebs.ubuntu: wordpress/wp-includes/js/tinymce/plugins/compat3x/[0m
[0;32m    amazon-ebs.ubuntu: wordpress/wp-includes/js/tinymce/plugins/compat3x/css/[0m
[0;32m    amazon-ebs.ubuntu: wordpress/wp-includes/js/tinymce/plugins/compat3x/css/dialog.css[0m
[0;32m    amazon-ebs.ubuntu: wordpress/wp-includes/js/tinymce/plugins/compat3x/plugin.min.js[0m
[0;32m    amazon-ebs.ubuntu: wordpress/wp-includes/js/tinymce/plugins/compat3x/plugin.js[0m
[0;32m    amazon-ebs.ubuntu: wordpress/wp-includes/js/tinymce/plugins/wpeditimage/[0m
[0;32m    amazon-ebs.ubuntu: wordpress/wp-includes/js/tinymce/plugins/wpeditimage/plugin.min.js[0m
[0;32m    amazon-ebs.ubuntu: wordpress/wp-includes/js/tinymce/plugins/wpeditimage/plugin.js[0m
[0;32m    amazon-ebs.ubuntu: wordpress/wp-includes/js/tinymce/plugins/link/[0m
[0;32m    amazon-ebs.ubuntu: wordpress/wp-includes/js/tinymce/plugins/link/plugin.min.js[0m
[0;32m    amazon-ebs.ubuntu: wordpress/wp-includes/js/tinymce/plugins/link/plugin.js[0m
[0;32m    amazon-ebs.ubuntu: wordpress/wp-includes/js/tinymce/plugins/directionality/[0m
[0;32m    amazon-ebs.ubuntu: wordpress/wp-includes/js/tinymce/plugins/directionality/plugin.min.js[0m
[0;32m    amazon-ebs.ubuntu: wordpress/wp-includes/js/tinymce/plugins/directionality/plugin.js[0m
[0;32m    amazon-ebs.ubuntu: wordpress/wp-includes/js/tinymce/plugins/textcolor/[0m
[0;32m    amazon-ebs.ubuntu: wordpress/wp-includes/js/tinymce/plugins/textcolor/plugin.min.js[0m
[0;32m    amazon-ebs.ubuntu: wordpress/wp-includes/js/tinymce/plugins/textcolor/plugin.js[0m
[0;32m    amazon-ebs.ubuntu: wordpress/wp-includes/js/tinymce/plugins/wpgallery/[0m
[0;32m    amazon-ebs.ubuntu: wordpress/wp-includes/js/tinymce/plugins/wpgallery/plugin.min.js[0m
[0;32m    amazon-ebs.ubuntu: wordpress/wp-includes/js/tinymce/plugins/wpgallery/plugin.js[0m
[0;32m    amazon-ebs.ubuntu: wordpress/wp-includes/js/tinymce/plugins/image/[0m
[0;32m    amazon-ebs.ubuntu: wordpress/wp-includes/js/tinymce/plugins/image/plugin.min.js[0m
[0;32m    amazon-ebs.ubuntu: wordpress/wp-includes/js/tinymce/plugins/image/plugin.js[0m
[0;32m    amazon-ebs.ubuntu: wordpress/wp-includes/js/tinymce/plugins/charmap/[0m
[0;32m    amazon-ebs.ubuntu: wordpress/wp-includes/js/tinymce/plugins/charmap/plugin.min.js[0m
[0;32m    amazon-ebs.ubuntu: wordpress/wp-includes/js/tinymce/plugins/charmap/plugin.js[0m
[0;32m    amazon-ebs.ubuntu: wordpress/wp-includes/js/tinymce/tinymce.min.js[0m
[0;32m    amazon-ebs.ubuntu: wordpress/wp-includes/js/tinymce/license.txt[0m
[0;32m    amazon-ebs.ubuntu: wordpress/wp-includes/js/tinymce/utils/[0m
[0;32m    amazon-ebs.ubuntu: wordpress/wp-includes/js/tinymce/utils/mctabs.js[0m
[0;32m    amazon-ebs.ubuntu: wordpress/wp-includes/js/tinymce/utils/validate.js[0m
[0;32m    amazon-ebs.ubuntu: wordpress/wp-includes/js/tinymce/utils/form_utils.js[0m
[0;32m    amazon-ebs.ubuntu: wordpress/wp-includes/js/tinymce/utils/editable_selects.js[0m
[0;32m    amazon-ebs.ubuntu: wordpress/wp-includes/js/tinymce/wp-tinymce.php[0m
[0;32m    amazon-ebs.ubuntu: wordpress/wp-includes/js/wp-list-revisions.min.js[0m
[0;32m    amazon-ebs.ubuntu: wordpress/wp-includes/js/imgareaselect/[0m
[0;32m    amazon-ebs.ubuntu: wordpress/wp-includes/js/imgareaselect/border-anim-v.gif[0m
[0;32m    amazon-ebs.ubuntu: wordpress/wp-includes/js/imgareaselect/imgareaselect.css[0m
[0;32m    amazon-ebs.ubuntu: wordpress/wp-includes/js/imgareaselect/jquery.imgareaselect.js[0m
[0;32m    amazon-ebs.ubuntu: wordpress/wp-includes/js/imgareaselect/jquery.imgareaselect.min.js[0m
[0;32m    amazon-ebs.ubuntu: wordpress/wp-includes/js/imgareaselect/border-anim-h.gif[0m
[0;32m    amazon-ebs.ubuntu: wordpress/wp-includes/js/autosave.min.js[0m
[0;32m    amazon-ebs.ubuntu: wordpress/wp-includes/js/wp-lists.min.js[0m
[0;32m    amazon-ebs.ubuntu: wordpress/wp-includes/js/wpdialog.js[0m
[0;32m    amazon-ebs.ubuntu: wordpress/wp-includes/js/wpdialog.min.js[0m
[0;32m    amazon-ebs.ubuntu: wordpress/wp-includes/js/admin-bar.js[0m
[0;32m    amazon-ebs.ubuntu: wordpress/wp-includes/js/wp-embed.min.js[0m
[0;32m    amazon-ebs.ubuntu: wordpress/wp-includes/js/media-models.min.js[0m
[0;32m    amazon-ebs.ubuntu: wordpress/wp-includes/js/hoverIntent.js[0m
[0;32m    amazon-ebs.ubuntu: wordpress/wp-includes/js/wp-auth-check.min.js[0m
[0;32m    amazon-ebs.ubuntu: wordpress/wp-includes/js/colorpicker.js[0m
[0;32m    amazon-ebs.ubuntu: wordpress/wp-includes/js/heartbeat.min.js[0m
[0;32m    amazon-ebs.ubuntu: wordpress/wp-includes/js/underscore.js[0m
[0;32m    amazon-ebs.ubuntu: wordpress/wp-includes/js/customize-selective-refresh.min.js[0m
[0;32m    amazon-ebs.ubuntu: wordpress/wp-includes/js/api-request.js[0m
[0;32m    amazon-ebs.ubuntu: wordpress/wp-includes/js/wp-emoji.min.js[0m
[0;32m    amazon-ebs.ubuntu: wordpress/wp-includes/js/quicktags.min.js[0m
[0;32m    amazon-ebs.ubuntu: wordpress/wp-includes/js/customize-preview.js[0m
[0;32m    amazon-ebs.ubuntu: wordpress/wp-includes/js/customize-loader.min.js[0m
[0;32m    amazon-ebs.ubuntu: wordpress/wp-includes/js/customize-views.js[0m
[0;32m    amazon-ebs.ubuntu: wordpress/wp-includes/js/wp-util.js[0m
[0;32m    amazon-ebs.ubuntu: wordpress/wp-includes/js/wp-backbone.min.js[0m
[0;32m    amazon-ebs.ubuntu: wordpress/wp-includes/js/admin-bar.min.js[0m
[0;32m    amazon-ebs.ubuntu: wordpress/wp-includes/js/tw-sack.js[0m
[0;32m    amazon-ebs.ubuntu: wordpress/wp-includes/js/clipboard.min.js[0m
[0;32m    amazon-ebs.ubuntu: wordpress/wp-includes/js/mce-view.min.js[0m
[0;32m    amazon-ebs.ubuntu: wordpress/wp-includes/js/json2.min.js[0m
[0;32m    amazon-ebs.ubuntu: wordpress/wp-includes/js/wp-ajax-response.min.js[0m
[0;32m    amazon-ebs.ubuntu: wordpress/wp-includes/js/jquery/[0m
[0;32m    amazon-ebs.ubuntu: wordpress/wp-includes/js/jquery/jquery.ui.touch-punch.js[0m
[0;32m    amazon-ebs.ubuntu: wordpress/wp-includes/js/jquery/jquery.form.min.js[0m
[0;32m    amazon-ebs.ubuntu: wordpress/wp-includes/js/jquery/jquery.color.min.js[0m
[0;32m    amazon-ebs.ubuntu: wordpress/wp-includes/js/jquery/jquery-migrate.js[0m
[0;32m    amazon-ebs.ubuntu: wordpress/wp-includes/js/jquery/jquery.hotkeys.js[0m
[0;32m    amazon-ebs.ubuntu: wordpress/wp-includes/js/jquery/jquery-migrate.min.js[0m
[0;32m    amazon-ebs.ubuntu: wordpress/wp-includes/js/jquery/jquery.masonry.min.js[0m
[0;32m    amazon-ebs.ubuntu: wordpress/wp-includes/js/jquery/jquery.hotkeys.min.js[0m
[0;32m    amazon-ebs.ubuntu: wordpress/wp-includes/js/jquery/jquery.table-hotkeys.min.js[0m
[0;32m    amazon-ebs.ubuntu: wordpress/wp-includes/js/jquery/jquery.serialize-object.js[0m
[0;32m    amazon-ebs.ubuntu: wordpress/wp-includes/js/jquery/suggest.min.js[0m
[0;32m    amazon-ebs.ubuntu: wordpress/wp-includes/js/jquery/jquery.js[0m
[0;32m    amazon-ebs.ubuntu: wordpress/wp-includes/js/jquery/suggest.js[0m
[0;32m    amazon-ebs.ubuntu: wordpress/wp-includes/js/jquery/jquery.min.js[0m
[0;32m    amazon-ebs.ubuntu: wordpress/wp-includes/js/jquery/ui/[0m
[0;32m    amazon-ebs.ubuntu: wordpress/wp-includes/js/jquery/ui/effect-fade.js[0m
[0;32m    amazon-ebs.ubuntu: wordpress/wp-includes/js/jquery/ui/controlgroup.min.js[0m
[0;32m    amazon-ebs.ubuntu: wordpress/wp-includes/js/jquery/ui/effect-highlight.min.js[0m
[0;32m    amazon-ebs.ubuntu: wordpress/wp-includes/js/jquery/ui/effect-clip.js[0m
[0;32m    amazon-ebs.ubuntu: wordpress/wp-includes/js/jquery/ui/effect-highlight.js[0m
[0;32m    amazon-ebs.ubuntu: wordpress/wp-includes/js/jquery/ui/button.js[0m
[0;32m    amazon-ebs.ubuntu: wordpress/wp-includes/js/jquery/ui/tabs.min.js[0m
[0;32m    amazon-ebs.ubuntu: wordpress/wp-includes/js/jquery/ui/selectable.min.js[0m
[0;32m    amazon-ebs.ubuntu: wordpress/wp-includes/js/jquery/ui/draggable.js[0m
[0;32m    amazon-ebs.ubuntu: wordpress/wp-includes/js/jquery/ui/droppable.min.js[0m
[0;32m    amazon-ebs.ubuntu: wordpress/wp-includes/js/jquery/ui/effect.js[0m
[0;32m    amazon-ebs.ubuntu: wordpress/wp-includes/js/jquery/ui/spinner.js[0m
[0;32m    amazon-ebs.ubuntu: wordpress/wp-includes/js/jquery/ui/effect-explode.min.js[0m
[0;32m    amazon-ebs.ubuntu: wordpress/wp-includes/js/jquery/ui/accordion.js[0m
[0;32m    amazon-ebs.ubuntu: wordpress/wp-includes/js/jquery/ui/core.min.js[0m
[0;32m    amazon-ebs.ubuntu: wordpress/wp-includes/js/jquery/ui/effect-pulsate.min.js[0m
[0;32m    amazon-ebs.ubuntu: wordpress/wp-includes/js/jquery/ui/mouse.min.js[0m
[0;32m    amazon-ebs.ubuntu: wordpress/wp-includes/js/jquery/ui/effect-puff.min.js[0m
[0;32m    amazon-ebs.ubuntu: wordpress/wp-includes/js/jquery/ui/effect-shake.js[0m
[0;32m    amazon-ebs.ubuntu: wordpress/wp-includes/js/jquery/ui/menu.js[0m
[0;32m    amazon-ebs.ubuntu: wordpress/wp-includes/js/jquery/ui/draggable.min.js[0m
[0;32m    amazon-ebs.ubuntu: wordpress/wp-includes/js/jquery/ui/selectmenu.js[0m
[0;32m    amazon-ebs.ubuntu: wordpress/wp-includes/js/jquery/ui/sortable.js[0m
[0;32m    amazon-ebs.ubuntu: wordpress/wp-includes/js/jquery/ui/core.js[0m
[0;32m    amazon-ebs.ubuntu: wordpress/wp-includes/js/jquery/ui/effect-slide.min.js[0m
[0;32m    amazon-ebs.ubuntu: wordpress/wp-includes/js/jquery/ui/effect-drop.js[0m
[0;32m    amazon-ebs.ubuntu: wordpress/wp-includes/js/jquery/ui/effect-size.js[0m
[0;32m    amazon-ebs.ubuntu: wordpress/wp-includes/js/jquery/ui/autocomplete.js[0m
[0;32m    amazon-ebs.ubuntu: wordpress/wp-includes/js/jquery/ui/menu.min.js[0m
[0;32m    amazon-ebs.ubuntu: wordpress/wp-includes/js/jquery/ui/tabs.js[0m
[0;32m    amazon-ebs.ubuntu: wordpress/wp-includes/js/jquery/ui/effect-bounce.min.js[0m
[0;32m    amazon-ebs.ubuntu: wordpress/wp-includes/js/jquery/ui/effect-drop.min.js[0m
[0;32m    amazon-ebs.ubuntu: wordpress/wp-includes/js/jquery/ui/selectable.js[0m
[0;32m    amazon-ebs.ubuntu: wordpress/wp-includes/js/jquery/ui/dialog.js[0m
[0;32m    amazon-ebs.ubuntu: wordpress/wp-includes/js/jquery/ui/effect-fold.min.js[0m
[0;32m    amazon-ebs.ubuntu: wordpress/wp-includes/js/jquery/ui/checkboxradio.min.js[0m
[0;32m    amazon-ebs.ubuntu: wordpress/wp-includes/js/jquery/ui/effect-puff.js[0m
[0;32m    amazon-ebs.ubuntu: wordpress/wp-includes/js/jquery/ui/autocomplete.min.js[0m
[0;32m    amazon-ebs.ubuntu: wordpress/wp-includes/js/jquery/ui/slider.js[0m
[0;32m    amazon-ebs.ubuntu: wordpress/wp-includes/js/jquery/ui/tooltip.min.js[0m
[0;32m    amazon-ebs.ubuntu: wordpress/wp-includes/js/jquery/ui/sortable.min.js[0m
[0;32m    amazon-ebs.ubuntu: wordpress/wp-includes/js/jquery/ui/droppable.js[0m
[0;32m    amazon-ebs.ubuntu: wordpress/wp-includes/js/jquery/ui/effect-blind.min.js[0m
[0;32m    amazon-ebs.ubuntu: wordpress/wp-includes/js/jquery/ui/effect-pulsate.js[0m
[0;32m    amazon-ebs.ubuntu: wordpress/wp-includes/js/jquery/ui/resizable.min.js[0m
[0;32m    amazon-ebs.ubuntu: wordpress/wp-includes/js/jquery/ui/datepicker.js[0m
[0;32m    amazon-ebs.ubuntu: wordpress/wp-includes/js/jquery/ui/effect-scale.js[0m
[0;32m    amazon-ebs.ubuntu: wordpress/wp-includes/js/jquery/ui/checkboxradio.js[0m
[0;32m    amazon-ebs.ubuntu: wordpress/wp-includes/js/jquery/ui/spinner.min.js[0m
[0;32m    amazon-ebs.ubuntu: wordpress/wp-includes/js/jquery/ui/button.min.js[0m
[0;32m    amazon-ebs.ubuntu: wordpress/wp-includes/js/jquery/ui/progressbar.min.js[0m
[0;32m    amazon-ebs.ubuntu: wordpress/wp-includes/js/jquery/ui/tooltip.js[0m
[0;32m    amazon-ebs.ubuntu: wordpress/wp-includes/js/jquery/ui/effect.min.js[0m
[0;32m    amazon-ebs.ubuntu: wordpress/wp-includes/js/jquery/ui/effect-transfer.js[0m
[0;32m    amazon-ebs.ubuntu: wordpress/wp-includes/js/jquery/ui/accordion.min.js[0m
[0;32m    amazon-ebs.ubuntu: wordpress/wp-includes/js/jquery/ui/effect-fade.min.js[0m
[0;32m    amazon-ebs.ubuntu: wordpress/wp-includes/js/jquery/ui/effect-fold.js[0m
[0;32m    amazon-ebs.ubuntu: wordpress/wp-includes/js/jquery/ui/effect-transfer.min.js[0m
[0;32m    amazon-ebs.ubuntu: wordpress/wp-includes/js/jquery/ui/mouse.js[0m
[0;32m    amazon-ebs.ubuntu: wordpress/wp-includes/js/jquery/ui/controlgroup.js[0m
[0;32m    amazon-ebs.ubuntu: wordpress/wp-includes/js/jquery/ui/progressbar.js[0m
[0;32m    amazon-ebs.ubuntu: wordpress/wp-includes/js/jquery/ui/effect-clip.min.js[0m
[0;32m    amazon-ebs.ubuntu: wordpress/wp-includes/js/jquery/ui/effect-scale.min.js[0m
[0;32m    amazon-ebs.ubuntu: wordpress/wp-includes/js/jquery/ui/selectmenu.min.js[0m
[0;32m    amazon-ebs.ubuntu: wordpress/wp-includes/js/jquery/ui/effect-blind.js[0m
[0;32m    amazon-ebs.ubuntu: wordpress/wp-includes/js/jquery/ui/effect-explode.js[0m
[0;32m    amazon-ebs.ubuntu: wordpress/wp-includes/js/jquery/ui/resizable.js[0m
[0;32m    amazon-ebs.ubuntu: wordpress/wp-includes/js/jquery/ui/dialog.min.js[0m
[0;32m    amazon-ebs.ubuntu: wordpress/wp-includes/js/jquery/ui/effect-slide.js[0m
[0;32m    amazon-ebs.ubuntu: wordpress/wp-includes/js/jquery/ui/slider.min.js[0m
[0;32m    amazon-ebs.ubuntu: wordpress/wp-includes/js/jquery/ui/effect-bounce.js[0m
[0;32m    amazon-ebs.ubuntu: wordpress/wp-includes/js/jquery/ui/effect-size.min.js[0m
[0;32m    amazon-ebs.ubuntu: wordpress/wp-includes/js/jquery/ui/datepicker.min.js[0m
[0;32m    amazon-ebs.ubuntu: wordpress/wp-includes/js/jquery/ui/effect-shake.min.js[0m
[0;32m    amazon-ebs.ubuntu: wordpress/wp-includes/js/jquery/jquery.table-hotkeys.js[0m
[0;32m    amazon-ebs.ubuntu: wordpress/wp-includes/js/jquery/jquery.form.js[0m
[0;32m    amazon-ebs.ubuntu: wordpress/wp-includes/js/jquery/jquery.schedule.js[0m
[0;32m    amazon-ebs.ubuntu: wordpress/wp-includes/js/jquery/jquery.query.js[0m
[0;32m    amazon-ebs.ubuntu: wordpress/wp-includes/js/crop/[0m
[0;32m    amazon-ebs.ubuntu: wordpress/wp-includes/js/crop/cropper.js[0m
[0;32m    amazon-ebs.ubuntu: wordpress/wp-includes/js/crop/cropper.css[0m
[0;32m    amazon-ebs.ubuntu: wordpress/wp-includes/js/crop/marqueeVert.gif[0m
[0;32m    amazon-ebs.ubuntu: wordpress/wp-includes/js/crop/marqueeHoriz.gif[0m
[0;32m    amazon-ebs.ubuntu: wordpress/wp-includes/js/twemoji.min.js[0m
[0;32m    amazon-ebs.ubuntu: wordpress/wp-includes/js/twemoji.js[0m
[0;32m    amazon-ebs.ubuntu: wordpress/wp-includes/js/thickbox/[0m
[0;32m    amazon-ebs.ubuntu: wordpress/wp-includes/js/thickbox/thickbox.js[0m
[0;32m    amazon-ebs.ubuntu: wordpress/wp-includes/js/thickbox/macFFBgHack.png[0m
[0;32m    amazon-ebs.ubuntu: wordpress/wp-includes/js/thickbox/thickbox.css[0m
[0;32m    amazon-ebs.ubuntu: wordpress/wp-includes/js/thickbox/loadingAnimation.gif[0m
[0;32m    amazon-ebs.ubuntu: wordpress/wp-includes/js/zxcvbn.min.js[0m
[0;32m    amazon-ebs.ubuntu: wordpress/wp-includes/js/shortcode.min.js[0m
[0;32m    amazon-ebs.ubuntu: wordpress/wp-includes/js/zxcvbn-async.min.js[0m
[0;32m    amazon-ebs.ubuntu: wordpress/wp-includes/js/imagesloaded.min.js[0m
[0;32m    amazon-ebs.ubuntu: wordpress/wp-includes/js/customize-base.js[0m
[0;32m    amazon-ebs.ubuntu: wordpress/wp-includes/js/clipboard.js[0m
[0;32m    amazon-ebs.ubuntu: wordpress/wp-includes/js/mce-view.js[0m
[0;32m    amazon-ebs.ubuntu: wordpress/wp-includes/js/customize-models.min.js[0m
[0;32m    amazon-ebs.ubuntu: wordpress/wp-includes/js/mediaelement/[0m
[0;32m    amazon-ebs.ubuntu: wordpress/wp-includes/js/mediaelement/mediaelementplayer-legacy.css[0m
[0;32m    amazon-ebs.ubuntu: wordpress/wp-includes/js/mediaelement/mediaelement-migrate.min.js[0m
[0;32m    amazon-ebs.ubuntu: wordpress/wp-includes/js/mediaelement/mediaelementplayer-legacy.min.css[0m
[0;32m    amazon-ebs.ubuntu: wordpress/wp-includes/js/mediaelement/wp-mediaelement.css[0m
[0;32m    amazon-ebs.ubuntu: wordpress/wp-includes/js/mediaelement/mediaelement-migrate.js[0m
[0;32m    amazon-ebs.ubuntu: wordpress/wp-includes/js/mediaelement/mediaelement-and-player.js[0m
[0;32m    amazon-ebs.ubuntu: wordpress/wp-includes/js/mediaelement/wp-playlist.min.js[0m
[0;32m    amazon-ebs.ubuntu: wordpress/wp-includes/js/mediaelement/mediaelement.min.js[0m
[0;32m    amazon-ebs.ubuntu: wordpress/wp-includes/js/mediaelement/wp-mediaelement.js[0m
[0;32m    amazon-ebs.ubuntu: wordpress/wp-includes/js/mediaelement/wp-mediaelement.min.css[0m
[0;32m    amazon-ebs.ubuntu: wordpress/wp-includes/js/mediaelement/mediaelementplayer.css[0m
[0;32m    amazon-ebs.ubuntu: wordpress/wp-includes/js/mediaelement/wp-mediaelement.min.js[0m
[0;32m    amazon-ebs.ubuntu: wordpress/wp-includes/js/mediaelement/mediaelement.js[0m
[0;32m    amazon-ebs.ubuntu: wordpress/wp-includes/js/mediaelement/renderers/[0m
[0;32m    amazon-ebs.ubuntu: wordpress/wp-includes/js/mediaelement/renderers/vimeo.min.js[0m
[0;32m    amazon-ebs.ubuntu: wordpress/wp-includes/js/mediaelement/renderers/vimeo.js[0m
[0;32m    amazon-ebs.ubuntu: wordpress/wp-includes/js/mediaelement/mejs-controls.png[0m
[0;32m    amazon-ebs.ubuntu: wordpress/wp-includes/js/mediaelement/mediaelementplayer.min.css[0m
[0;32m    amazon-ebs.ubuntu: wordpress/wp-includes/js/mediaelement/wp-playlist.js[0m
[0;32m    amazon-ebs.ubuntu: wordpress/wp-includes/js/mediaelement/mediaelement-and-player.min.js[0m
[0;32m    amazon-ebs.ubuntu: wordpress/wp-includes/js/mediaelement/mejs-controls.svg[0m
[0;32m    amazon-ebs.ubuntu: wordpress/wp-includes/js/wp-list-revisions.js[0m
[0;32m    amazon-ebs.ubuntu: wordpress/wp-includes/js/wp-pointer.min.js[0m
[0;32m    amazon-ebs.ubuntu: wordpress/wp-includes/js/shortcode.js[0m
[0;32m    amazon-ebs.ubuntu: wordpress/wp-includes/js/customize-base.min.js[0m
[0;32m    amazon-ebs.ubuntu: wordpress/wp-includes/js/quicktags.js[0m
[0;32m    amazon-ebs.ubuntu: wordpress/wp-includes/js/wp-custom-header.js[0m
[0;32m    amazon-ebs.ubuntu: wordpress/wp-includes/js/media-audiovideo.min.js[0m
[0;32m    amazon-ebs.ubuntu: wordpress/wp-includes/js/wp-lists.js[0m
[0;32m    amazon-ebs.ubuntu: wordpress/wp-includes/js/wp-emoji-loader.min.js[0m
[0;32m    amazon-ebs.ubuntu: wordpress/wp-includes/js/media-views.min.js[0m
[0;32m    amazon-ebs.ubuntu: wordpress/wp-includes/js/wp-ajax-response.js[0m
[0;32m    amazon-ebs.ubuntu: wordpress/wp-includes/js/wp-api.min.js[0m
[0;32m    amazon-ebs.ubuntu: wordpress/wp-includes/js/wplink.min.js[0m
[0;32m    amazon-ebs.ubuntu: wordpress/wp-includes/js/swfupload/[0m
[0;32m    amazon-ebs.ubuntu: wordpress/wp-includes/js/swfupload/handlers.js[0m
[0;32m    amazon-ebs.ubuntu: wordpress/wp-includes/js/swfupload/handlers.min.js[0m
[0;32m    amazon-ebs.ubuntu: wordpress/wp-includes/js/swfupload/license.txt[0m
[0;32m    amazon-ebs.ubuntu: wordpress/wp-includes/js/swfupload/swfupload.js[0m
[0;32m    amazon-ebs.ubuntu: wordpress/wp-includes/js/wp-pointer.js[0m
[0;32m    amazon-ebs.ubuntu: wordpress/wp-includes/js/backbone.min.js[0m
[0;32m    amazon-ebs.ubuntu: wordpress/wp-includes/js/codemirror/[0m
[0;32m    amazon-ebs.ubuntu: wordpress/wp-includes/js/codemirror/fakejshint.js[0m
[0;32m    amazon-ebs.ubuntu: wordpress/wp-includes/js/codemirror/htmlhint-kses.js[0m
[0;32m    amazon-ebs.ubuntu: wordpress/wp-includes/js/codemirror/csslint.js[0m
[0;32m    amazon-ebs.ubuntu: wordpress/wp-includes/js/codemirror/esprima.js[0m
[0;32m    amazon-ebs.ubuntu: wordpress/wp-includes/js/codemirror/htmlhint.js[0m
[0;32m    amazon-ebs.ubuntu: wordpress/wp-includes/js/codemirror/jsonlint.js[0m
[0;32m    amazon-ebs.ubuntu: wordpress/wp-includes/js/codemirror/codemirror.min.js[0m
[0;32m    amazon-ebs.ubuntu: wordpress/wp-includes/js/codemirror/codemirror.min.css[0m
[0;32m    amazon-ebs.ubuntu: wordpress/wp-includes/js/masonry.min.js[0m
[0;32m    amazon-ebs.ubuntu: wordpress/wp-includes/js/wp-emoji-release.min.js[0m
[0;32m    amazon-ebs.ubuntu: wordpress/wp-includes/js/media-editor.min.js[0m
[0;32m    amazon-ebs.ubuntu: wordpress/wp-includes/js/wp-auth-check.js[0m
[0;32m    amazon-ebs.ubuntu: wordpress/wp-includes/js/plupload/[0m
[0;32m    amazon-ebs.ubuntu: wordpress/wp-includes/js/plupload/plupload.min.js[0m
[0;32m    amazon-ebs.ubuntu: wordpress/wp-includes/js/plupload/handlers.js[0m
[0;32m    amazon-ebs.ubuntu: wordpress/wp-includes/js/plupload/moxie.js[0m
[0;32m    amazon-ebs.ubuntu: wordpress/wp-includes/js/plupload/plupload.js[0m
[0;32m    amazon-ebs.ubuntu: wordpress/wp-includes/js/plupload/handlers.min.js[0m
[0;32m    amazon-ebs.ubuntu: wordpress/wp-includes/js/plupload/wp-plupload.js[0m
[0;32m    amazon-ebs.ubuntu: wordpress/wp-includes/js/plupload/license.txt[0m
[0;32m    amazon-ebs.ubuntu: wordpress/wp-includes/js/plupload/wp-plupload.min.js[0m
[0;32m    amazon-ebs.ubuntu: wordpress/wp-includes/js/plupload/moxie.min.js[0m
[0;32m    amazon-ebs.ubuntu: wordpress/wp-includes/js/jcrop/[0m
[0;32m    amazon-ebs.ubuntu: wordpress/wp-includes/js/jcrop/jquery.Jcrop.min.css[0m
[0;32m    amazon-ebs.ubuntu: wordpress/wp-includes/js/jcrop/jquery.Jcrop.min.js[0m
[0;32m    amazon-ebs.ubuntu: wordpress/wp-includes/js/jcrop/Jcrop.gif[0m
[0;32m    amazon-ebs.ubuntu: wordpress/wp-includes/js/wp-custom-header.min.js[0m
[0;32m    amazon-ebs.ubuntu: wordpress/wp-includes/js/api-request.min.js[0m
[0;32m    amazon-ebs.ubuntu: wordpress/wp-includes/bookmark-template.php[0m
[0;32m    amazon-ebs.ubuntu: wordpress/wp-includes/widgets.php[0m
[0;32m    amazon-ebs.ubuntu: wordpress/wp-includes/class-wp-embed.php[0m
[0;32m    amazon-ebs.ubuntu: wordpress/wp-includes/feed-atom.php[0m
[0;32m    amazon-ebs.ubuntu: wordpress/wp-includes/class-wp-image-editor-imagick.php[0m
[0;32m    amazon-ebs.ubuntu: wordpress/wp-includes/class-IXR.php[0m
[0;32m    amazon-ebs.ubuntu: wordpress/wp-includes/style-engine/[0m
[0;32m    amazon-ebs.ubuntu: wordpress/wp-includes/style-engine/class-wp-style-engine-processor.php[0m
[0;32m    amazon-ebs.ubuntu: wordpress/wp-includes/style-engine/class-wp-style-engine.php[0m
[0;32m    amazon-ebs.ubuntu: wordpress/wp-includes/style-engine/class-wp-style-engine-css-declarations.php[0m
[0;32m    amazon-ebs.ubuntu: wordpress/wp-includes/style-engine/class-wp-style-engine-css-rules-store.php[0m
[0;32m    amazon-ebs.ubuntu: wordpress/wp-includes/style-engine/class-wp-style-engine-css-rule.php[0m
[0;32m    amazon-ebs.ubuntu: wordpress/wp-includes/wp-db.php[0m
[0;32m    amazon-ebs.ubuntu: wordpress/wp-includes/nav-menu-template.php[0m
[0;32m    amazon-ebs.ubuntu: wordpress/wp-includes/formatting.php[0m
[0;32m    amazon-ebs.ubuntu: wordpress/wp-includes/class-wp-http-streams.php[0m
[0;32m    amazon-ebs.ubuntu: wordpress/wp-includes/class-wp-metadata-lazyloader.php[0m
[0;32m    amazon-ebs.ubuntu: wordpress/wp-includes/post-template.php[0m
[0;32m    amazon-ebs.ubuntu: wordpress/wp-includes/feed-atom-comments.php[0m
[0;32m    amazon-ebs.ubuntu: wordpress/wp-includes/pluggable-deprecated.php[0m
[0;32m    amazon-ebs.ubuntu: wordpress/wp-includes/theme.php[0m
[0;32m    amazon-ebs.ubuntu: wordpress/wp-includes/template.php[0m
[0;32m    amazon-ebs.ubuntu: wordpress/wp-includes/class-wp-text-diff-renderer-table.php[0m
[0;32m    amazon-ebs.ubuntu: wordpress/wp-includes/class-wp-session-tokens.php[0m
[0;32m    amazon-ebs.ubuntu: wordpress/wp-includes/class-wp-block-type-registry.php[0m
[0;32m    amazon-ebs.ubuntu: wordpress/wp-includes/wp-diff.php[0m
[0;32m    amazon-ebs.ubuntu: wordpress/wp-includes/option.php[0m
[0;32m    amazon-ebs.ubuntu: wordpress/wp-includes/class-wp-locale-switcher.php[0m
[0;32m    amazon-ebs.ubuntu: wordpress/wp-includes/post-formats.php[0m
[0;32m    amazon-ebs.ubuntu: wordpress/wp-includes/template-canvas.php[0m
[0;32m    amazon-ebs.ubuntu: wordpress/wp-includes/functions.wp-scripts.php[0m
[0;32m    amazon-ebs.ubuntu: wordpress/wp-includes/class-phpmailer.php[0m
[0;32m    amazon-ebs.ubuntu: wordpress/wp-includes/class-wp-xmlrpc-server.php[0m
[0;32m    amazon-ebs.ubuntu: wordpress/wp-includes/class-wp-http-encoding.php[0m
[0;32m    amazon-ebs.ubuntu: wordpress/wp-includes/theme-previews.php[0m
[0;32m    amazon-ebs.ubuntu: wordpress/wp-includes/ms-default-constants.php[0m
[0;32m    amazon-ebs.ubuntu: wordpress/wp-activate.php[0m
[0;32m    amazon-ebs.ubuntu: wordpress/wp-admin/[0m
[0;32m    amazon-ebs.ubuntu: wordpress/wp-admin/edit-tag-form.php[0m
[0;32m    amazon-ebs.ubuntu: wordpress/wp-admin/images/[0m
[0;32m    amazon-ebs.ubuntu: wordpress/wp-admin/images/post-formats32-vs.png[0m
[0;32m    amazon-ebs.ubuntu: wordpress/wp-admin/images/arrows-2x.png[0m
[0;32m    amazon-ebs.ubuntu: wordpress/wp-admin/images/resize-rtl.gif[0m
[0;32m    amazon-ebs.ubuntu: wordpress/wp-admin/images/contribute-no-code.svg[0m
[0;32m    amazon-ebs.ubuntu: wordpress/wp-admin/images/date-button.gif[0m
[0;32m    amazon-ebs.ubuntu: wordpress/wp-admin/images/browser-rtl.png[0m
[0;32m    amazon-ebs.ubuntu: wordpress/wp-admin/images/wordpress-logo.png[0m
[0;32m    amazon-ebs.ubuntu: wordpress/wp-admin/images/stars-2x.png[0m
[0;32m    amazon-ebs.ubuntu: wordpress/wp-admin/images/browser.png[0m
[0;32m    amazon-ebs.ubuntu: wordpress/wp-admin/images/post-formats32.png[0m
[0;32m    amazon-ebs.ubuntu: wordpress/wp-admin/images/post-formats.png[0m
[0;32m    amazon-ebs.ubuntu: wordpress/wp-admin/images/bubble_bg.gif[0m
[0;32m    amazon-ebs.ubuntu: wordpress/wp-admin/images/icons32-vs-2x.png[0m
[0;32m    amazon-ebs.ubuntu: wordpress/wp-admin/images/dashboard-background.svg[0m
[0;32m    amazon-ebs.ubuntu: wordpress/wp-admin/images/spinner.gif[0m
[0;32m    amazon-ebs.ubuntu: wordpress/wp-admin/images/comment-grey-bubble.png[0m
[0;32m    amazon-ebs.ubuntu: wordpress/wp-admin/images/contribute-main.svg[0m
[0;32m    amazon-ebs.ubuntu: wordpress/wp-admin/images/about-texture.png[0m
[0;32m    amazon-ebs.ubuntu: wordpress/wp-admin/images/imgedit-icons-2x.png[0m
[0;32m    amazon-ebs.ubuntu: wordpress/wp-admin/images/arrows.png[0m
[0;32m    amazon-ebs.ubuntu: wordpress/wp-admin/images/align-center-2x.png[0m
[0;32m    amazon-ebs.ubuntu: wordpress/wp-admin/images/list-2x.png[0m
[0;32m    amazon-ebs.ubuntu: wordpress/wp-admin/images/wpspin_light-2x.gif[0m
[0;32m    amazon-ebs.ubuntu: wordpress/wp-admin/images/xit-2x.gif[0m
[0;32m    amazon-ebs.ubuntu: wordpress/wp-admin/images/generic.png[0m
[0;32m    amazon-ebs.ubuntu: wordpress/wp-admin/images/menu-vs-2x.png[0m
[0;32m    amazon-ebs.ubuntu: wordpress/wp-admin/images/icons32.png[0m
[0;32m    amazon-ebs.ubuntu: wordpress/wp-admin/images/w-logo-blue.png[0m
[0;32m    amazon-ebs.ubuntu: wordpress/wp-admin/images/media-button.png[0m
[0;32m    amazon-ebs.ubuntu: wordpress/wp-admin/images/spinner-2x.gif[0m
[0;32m    amazon-ebs.ubuntu: wordpress/wp-admin/images/about-release-badge.svg[0m
[0;32m    amazon-ebs.ubuntu: wordpress/wp-admin/images/menu.png[0m
[0;32m    amazon-ebs.ubuntu: wordpress/wp-admin/images/align-none.png[0m
[0;32m    amazon-ebs.ubuntu: wordpress/wp-admin/images/icons32-2x.png[0m
[0;32m    amazon-ebs.ubuntu: wordpress/wp-admin/images/marker.png[0m
[0;32m    amazon-ebs.ubuntu: wordpress/wp-admin/images/resize.gif[0m
[0;32m    amazon-ebs.ubuntu: wordpress/wp-admin/images/sort-2x.gif[0m
[0;32m    amazon-ebs.ubuntu: wordpress/wp-admin/images/align-center.png[0m
[0;32m    amazon-ebs.ubuntu: wordpress/wp-admin/images/freedom-3.svg[0m
[0;32m    amazon-ebs.ubuntu: wordpress/wp-admin/images/loading.gif[0m
[0;32m    amazon-ebs.ubuntu: wordpress/wp-admin/images/comment-grey-bubble-2x.png[0m
[0;32m    amazon-ebs.ubuntu: wordpress/wp-admin/images/wordpress-logo.svg[0m
[0;32m    amazon-ebs.ubuntu: wordpress/wp-admin/images/bubble_bg-2x.gif[0m
[0;32m    amazon-ebs.ubuntu: wordpress/wp-admin/images/align-right.png[0m
[0;32m    amazon-ebs.ubuntu: wordpress/wp-admin/images/freedom-4.svg[0m
[0;32m    amazon-ebs.ubuntu: wordpress/wp-admin/images/wordpress-logo-white.svg[0m
[0;32m    amazon-ebs.ubuntu: wordpress/wp-admin/images/media-button-image.gif[0m
[0;32m    amazon-ebs.ubuntu: wordpress/wp-admin/images/imgedit-icons.png[0m
[0;32m    amazon-ebs.ubuntu: wordpress/wp-admin/images/stars.png[0m
[0;32m    amazon-ebs.ubuntu: wordpress/wp-admin/images/wpspin_light.gif[0m
[0;32m    amazon-ebs.ubuntu: wordpress/wp-admin/images/align-none-2x.png[0m
[0;32m    amazon-ebs.ubuntu: wordpress/wp-admin/images/xit.gif[0m
[0;32m    amazon-ebs.ubuntu: wordpress/wp-admin/images/sort.gif[0m
[0;32m    amazon-ebs.ubuntu: wordpress/wp-admin/images/list.png[0m
[0;32m    amazon-ebs.ubuntu: wordpress/wp-admin/images/align-left.png[0m
[0;32m    amazon-ebs.ubuntu: wordpress/wp-admin/images/w-logo-white.png[0m
[0;32m    amazon-ebs.ubuntu: wordpress/wp-admin/images/contribute-code.svg[0m
[0;32m    amazon-ebs.ubuntu: wordpress/wp-admin/images/freedom-2.svg[0m
[0;32m    amazon-ebs.ubuntu: wordpress/wp-admin/images/align-right-2x.png[0m
[0;32m    amazon-ebs.ubuntu: wordpress/wp-admin/images/media-button-other.gif[0m
[0;32m    amazon-ebs.ubuntu: wordpress/wp-admin/images/se.png[0m
[0;32m    amazon-ebs.ubuntu: wordpress/wp-admin/images/date-button-2x.gif[0m
[0;32m    amazon-ebs.ubuntu: wordpress/wp-admin/images/resize-2x.gif[0m
[0;32m    amazon-ebs.ubuntu: wordpress/wp-admin/images/icons32-vs.png[0m
[0;32m    amazon-ebs.ubuntu: wordpress/wp-admin/images/align-left-2x.png[0m
[0;32m    amazon-ebs.ubuntu: wordpress/wp-admin/images/media-button-2x.png[0m
[0;32m    amazon-ebs.ubuntu: wordpress/wp-admin/images/yes.png[0m
[0;32m    amazon-ebs.ubuntu: wordpress/wp-admin/images/freedom-1.svg[0m
[0;32m    amazon-ebs.ubuntu: wordpress/wp-admin/images/resize-rtl-2x.gif[0m
[0;32m    amazon-ebs.ubuntu: wordpress/wp-admin/images/media-button-video.gif[0m
[0;32m    amazon-ebs.ubuntu: wordpress/wp-admin/images/privacy.svg[0m
[0;32m    amazon-ebs.ubuntu: wordpress/wp-admin/images/mask.png[0m
[0;32m    amazon-ebs.ubuntu: wordpress/wp-admin/images/post-formats-vs.png[0m
[0;32m    amazon-ebs.ubuntu: wordpress/wp-admin/images/no.png[0m
[0;32m    amazon-ebs.ubuntu: wordpress/wp-admin/images/wheel.png[0m
[0;32m    amazon-ebs.ubuntu: wordpress/wp-admin/images/menu-vs.png[0m
[0;32m    amazon-ebs.ubuntu: wordpress/wp-admin/images/menu-2x.png[0m
[0;32m    amazon-ebs.ubuntu: wordpress/wp-admin/images/media-button-music.gif[0m
[0;32m    amazon-ebs.ubuntu: wordpress/wp-admin/edit-form-comment.php[0m
[0;32m    amazon-ebs.ubuntu: wordpress/wp-admin/ms-sites.php[0m
[0;32m    amazon-ebs.ubuntu: wordpress/wp-admin/custom-header.php[0m
[0;32m    amazon-ebs.ubuntu: wordpress/wp-admin/contribute.php[0m
[0;32m    amazon-ebs.ubuntu: wordpress/wp-admin/custom-background.php[0m
[0;32m    amazon-ebs.ubuntu: wordpress/wp-admin/customize.php[0m
[0;32m    amazon-ebs.ubuntu: wordpress/wp-admin/admin-functions.php[0m
[0;32m    amazon-ebs.ubuntu: wordpress/wp-admin/css/[0m
[0;32m    amazon-ebs.ubuntu: wordpress/wp-admin/css/code-editor.css[0m
[0;32m    amazon-ebs.ubuntu: wordpress/wp-admin/css/about.css[0m
[0;32m    amazon-ebs.ubuntu: wordpress/wp-admin/css/customize-nav-menus-rtl.css[0m
[0;32m    amazon-ebs.ubuntu: wordpress/wp-admin/css/wp-admin-rtl.min.css[0m
[0;32m    amazon-ebs.ubuntu: wordpress/wp-admin/css/media-rtl.css[0m
[0;32m    amazon-ebs.ubuntu: wordpress/wp-admin/css/list-tables-rtl.css[0m
[0;32m    amazon-ebs.ubuntu: wordpress/wp-admin/css/site-health-rtl.css[0m
[0;32m    amazon-ebs.ubuntu: wordpress/wp-admin/css/color-picker.css[0m
[0;32m    amazon-ebs.ubuntu: wordpress/wp-admin/css/list-tables-rtl.min.css[0m
[0;32m    amazon-ebs.ubuntu: wordpress/wp-admin/css/nav-menus.min.css[0m
[0;32m    amazon-ebs.ubuntu: wordpress/wp-admin/css/themes.css[0m
[0;32m    amazon-ebs.ubuntu: wordpress/wp-admin/css/login-rtl.min.css[0m
[0;32m    amazon-ebs.ubuntu: wordpress/wp-admin/css/login-rtl.css[0m
[0;32m    amazon-ebs.ubuntu: wordpress/wp-admin/css/revisions.css[0m
[0;32m    amazon-ebs.ubuntu: wordpress/wp-admin/css/forms.css[0m
[0;32m    amazon-ebs.ubuntu: wordpress/wp-admin/css/common-rtl.min.css[0m
[0;32m    amazon-ebs.ubuntu: wordpress/wp-admin/css/deprecated-media.css[0m
[0;32m    amazon-ebs.ubuntu: wordpress/wp-admin/css/site-health.css[0m
[0;32m    amazon-ebs.ubuntu: wordpress/wp-admin/css/customize-widgets.css[0m
[0;32m    amazon-ebs.ubuntu: wordpress/wp-admin/css/media-rtl.min.css[0m
[0;32m    amazon-ebs.ubuntu: wordpress/wp-admin/css/list-tables.css[0m
[0;32m    amazon-ebs.ubuntu: wordpress/wp-admin/css/edit.css[0m
[0;32m    amazon-ebs.ubuntu: wordpress/wp-admin/css/nav-menus-rtl.min.css[0m
[0;32m    amazon-ebs.ubuntu: wordpress/wp-admin/css/edit-rtl.min.css[0m
[0;32m    amazon-ebs.ubuntu: wordpress/wp-admin/css/site-icon-rtl.min.css[0m
[0;32m    amazon-ebs.ubuntu: wordpress/wp-admin/css/revisions-rtl.css[0m
[0;32m    amazon-ebs.ubuntu: wordpress/wp-admin/css/wp-admin.min.css[0m
[0;32m    amazon-ebs.ubuntu: wordpress/wp-admin/css/site-health-rtl.min.css[0m
[0;32m    amazon-ebs.ubuntu: wordpress/wp-admin/css/media.min.css[0m
[0;32m    amazon-ebs.ubuntu: wordpress/wp-admin/css/install.css[0m
[0;32m    amazon-ebs.ubuntu: wordpress/wp-admin/css/widgets.min.css[0m
[0;32m    amazon-ebs.ubuntu: wordpress/wp-admin/css/customize-controls.css[0m
[0;32m    amazon-ebs.ubuntu: wordpress/wp-admin/css/customize-controls-rtl.css[0m
[0;32m    amazon-ebs.ubuntu: wordpress/wp-admin/css/themes-rtl.css[0m
[0;32m    amazon-ebs.ubuntu: wordpress/wp-admin/css/about-rtl.min.css[0m
[0;32m    amazon-ebs.ubuntu: wordpress/wp-admin/css/common.css[0m
[0;32m    amazon-ebs.ubuntu: wordpress/wp-admin/css/edit.min.css[0m
[0;32m    amazon-ebs.ubuntu: wordpress/wp-admin/css/color-picker-rtl.min.css[0m
[0;32m    amazon-ebs.ubuntu: wordpress/wp-admin/css/code-editor-rtl.min.css[0m
[0;32m    amazon-ebs.ubuntu: wordpress/wp-admin/css/site-icon.css[0m
[0;32m    amazon-ebs.ubuntu: wordpress/wp-admin/css/site-health.min.css[0m
[0;32m    amazon-ebs.ubuntu: wordpress/wp-admin/css/nav-menus.css[0m
[0;32m    amazon-ebs.ubuntu: wordpress/wp-admin/css/code-editor-rtl.css[0m
[0;32m    amazon-ebs.ubuntu: wordpress/wp-admin/css/customize-nav-menus.min.css[0m
[0;32m    amazon-ebs.ubuntu: wordpress/wp-admin/css/login.css[0m
[0;32m    amazon-ebs.ubuntu: wordpress/wp-admin/css/deprecated-media-rtl.css[0m
[0;32m    amazon-ebs.ubuntu: wordpress/wp-admin/css/admin-menu.css[0m
[0;32m    amazon-ebs.ubuntu: wordpress/wp-admin/css/dashboard-rtl.css[0m
[0;32m    amazon-ebs.ubuntu: wordpress/wp-admin/css/deprecated-media-rtl.min.css[0m
[0;32m    amazon-ebs.ubuntu: wordpress/wp-admin/css/dashboard-rtl.min.css[0m
[0;32m    amazon-ebs.ubuntu: wordpress/wp-admin/css/farbtastic-rtl.css[0m
[0;32m    amazon-ebs.ubuntu: wordpress/wp-admin/css/revisions-rtl.min.css[0m
[0;32m    amazon-ebs.ubuntu: wordpress/wp-admin/css/customize-nav-menus-rtl.min.css[0m
[0;32m    amazon-ebs.ubuntu: wordpress/wp-admin/css/colors/[0m
[0;32m    amazon-ebs.ubuntu: wordpress/wp-admin/css/colors/sunrise/[0m
[0;32m    amazon-ebs.ubuntu: wordpress/wp-admin/css/colors/sunrise/colors.scss[0m
[0;32m    amazon-ebs.ubuntu: wordpress/wp-admin/css/colors/sunrise/colors-rtl.min.css[0m
[0;32m    amazon-ebs.ubuntu: wordpress/wp-admin/css/colors/sunrise/colors-rtl.css[0m
[0;32m    amazon-ebs.ubuntu: wordpress/wp-admin/css/colors/sunrise/colors.min.css[0m
[0;32m    amazon-ebs.ubuntu: wordpress/wp-admin/css/colors/sunrise/colors.css[0m
[0;32m    amazon-ebs.ubuntu: wordpress/wp-admin/css/colors/ocean/[0m
[0;32m    amazon-ebs.ubuntu: wordpress/wp-admin/css/colors/ocean/colors.scss[0m
[0;32m    amazon-ebs.ubuntu: wordpress/wp-admin/css/colors/ocean/colors-rtl.min.css[0m
[0;32m    amazon-ebs.ubuntu: wordpress/wp-admin/css/colors/ocean/colors-rtl.css[0m
[0;32m    amazon-ebs.ubuntu: wordpress/wp-admin/css/colors/ocean/colors.min.css[0m
[0;32m    amazon-ebs.ubuntu: wordpress/wp-admin/css/colors/ocean/colors.css[0m
[0;32m    amazon-ebs.ubuntu: wordpress/wp-admin/css/colors/ectoplasm/[0m
[0;32m    amazon-ebs.ubuntu: wordpress/wp-admin/css/colors/ectoplasm/colors.scss[0m
[0;32m    amazon-ebs.ubuntu: wordpress/wp-admin/css/colors/ectoplasm/colors-rtl.min.css[0m
[0;32m    amazon-ebs.ubuntu: wordpress/wp-admin/css/colors/ectoplasm/colors-rtl.css[0m
[0;32m    amazon-ebs.ubuntu: wordpress/wp-admin/css/colors/ectoplasm/colors.min.css[0m
[0;32m    amazon-ebs.ubuntu: wordpress/wp-admin/css/colors/ectoplasm/colors.css[0m
[0;32m    amazon-ebs.ubuntu: wordpress/wp-admin/css/colors/_admin.scss[0m
[0;32m    amazon-ebs.ubuntu: wordpress/wp-admin/css/colors/blue/[0m
[0;32m    amazon-ebs.ubuntu: wordpress/wp-admin/css/colors/blue/colors.scss[0m
[0;32m    amazon-ebs.ubuntu: wordpress/wp-admin/css/colors/blue/colors-rtl.min.css[0m
[0;32m    amazon-ebs.ubuntu: wordpress/wp-admin/css/colors/blue/colors-rtl.css[0m
[0;32m    amazon-ebs.ubuntu: wordpress/wp-admin/css/colors/blue/colors.min.css[0m
[0;32m    amazon-ebs.ubuntu: wordpress/wp-admin/css/colors/blue/colors.css[0m
[0;32m    amazon-ebs.ubuntu: wordpress/wp-admin/css/colors/light/[0m
[0;32m    amazon-ebs.ubuntu: wordpress/wp-admin/css/colors/light/colors.scss[0m
[0;32m    amazon-ebs.ubuntu: wordpress/wp-admin/css/colors/light/colors-rtl.min.css[0m
[0;32m    amazon-ebs.ubuntu: wordpress/wp-admin/css/colors/light/colors-rtl.css[0m
[0;32m    amazon-ebs.ubuntu: wordpress/wp-admin/css/colors/light/colors.min.css[0m
[0;32m    amazon-ebs.ubuntu: wordpress/wp-admin/css/colors/light/colors.css[0m
[0;32m    amazon-ebs.ubuntu: wordpress/wp-admin/css/colors/_mixins.scss[0m
[0;32m    amazon-ebs.ubuntu: wordpress/wp-admin/css/colors/_variables.scss[0m
[0;32m    amazon-ebs.ubuntu: wordpress/wp-admin/css/colors/midnight/[0m
[0;32m    amazon-ebs.ubuntu: wordpress/wp-admin/css/colors/midnight/colors.scss[0m
[0;32m    amazon-ebs.ubuntu: wordpress/wp-admin/css/colors/midnight/colors-rtl.min.css[0m
[0;32m    amazon-ebs.ubuntu: wordpress/wp-admin/css/colors/midnight/colors-rtl.css[0m
[0;32m    amazon-ebs.ubuntu: wordpress/wp-admin/css/colors/midnight/colors.min.css[0m
[0;32m    amazon-ebs.ubuntu: wordpress/wp-admin/css/colors/midnight/colors.css[0m
[0;32m    amazon-ebs.ubuntu: wordpress/wp-admin/css/colors/coffee/[0m
[0;32m    amazon-ebs.ubuntu: wordpress/wp-admin/css/colors/coffee/colors.scss[0m
[0;32m    amazon-ebs.ubuntu: wordpress/wp-admin/css/colors/coffee/colors-rtl.min.css[0m
[0;32m    amazon-ebs.ubuntu: wordpress/wp-admin/css/colors/coffee/colors-rtl.css[0m
[0;32m    amazon-ebs.ubuntu: wordpress/wp-admin/css/colors/coffee/colors.min.css[0m
[0;32m    amazon-ebs.ubuntu: wordpress/wp-admin/css/colors/coffee/colors.css[0m
[0;32m    amazon-ebs.ubuntu: wordpress/wp-admin/css/colors/modern/[0m
[0;32m    amazon-ebs.ubuntu: wordpress/wp-admin/css/colors/modern/colors.scss[0m
[0;32m    amazon-ebs.ubuntu: wordpress/wp-admin/css/colors/modern/colors-rtl.min.css[0m
[0;32m    amazon-ebs.ubuntu: wordpress/wp-admin/css/colors/modern/colors-rtl.css[0m
[0;32m    amazon-ebs.ubuntu: wordpress/wp-admin/css/colors/modern/colors.min.css[0m
[0;32m    amazon-ebs.ubuntu: wordpress/wp-admin/css/colors/modern/colors.css[0m
[0;32m    amazon-ebs.ubuntu: wordpress/wp-admin/css/install-rtl.css[0m
[0;32m    amazon-ebs.ubuntu: wordpress/wp-admin/css/deprecated-media.min.css[0m
[0;32m    amazon-ebs.ubuntu: wordpress/wp-admin/css/install.min.css[0m
[0;32m    amazon-ebs.ubuntu: wordpress/wp-admin/css/themes.min.css[0m
[0;32m    amazon-ebs.ubuntu: wordpress/wp-admin/css/site-icon.min.css[0m
[0;32m    amazon-ebs.ubuntu: wordpress/wp-admin/css/edit-rtl.css[0m
[0;32m    amazon-ebs.ubuntu: wordpress/wp-admin/css/color-picker-rtl.css[0m
[0;32m    amazon-ebs.ubuntu: wordpress/wp-admin/css/customize-controls.min.css[0m
[0;32m    amazon-ebs.ubuntu: wordpress/wp-admin/css/l10n.css[0m
[0;32m    amazon-ebs.ubuntu: wordpress/wp-admin/css/farbtastic.min.css[0m
[0;32m    amazon-ebs.ubuntu: wordpress/wp-admin/css/admin-menu-rtl.min.css[0m
[0;32m    amazon-ebs.ubuntu: wordpress/wp-admin/css/dashboard.min.css[0m
[0;32m    amazon-ebs.ubuntu: wordpress/wp-admin/css/media.css[0m
[0;32m    amazon-ebs.ubuntu: wordpress/wp-admin/css/widgets-rtl.css[0m
[0;32m    amazon-ebs.ubuntu: wordpress/wp-admin/css/customize-nav-menus.css[0m
[0;32m    amazon-ebs.ubuntu: wordpress/wp-admin/css/install-rtl.min.css[0m
[0;32m    amazon-ebs.ubuntu: wordpress/wp-admin/css/l10n.min.css[0m
[0;32m    amazon-ebs.ubuntu: wordpress/wp-admin/css/nav-menus-rtl.css[0m
[0;32m    amazon-ebs.ubuntu: wordpress/wp-admin/css/farbtastic-rtl.min.css[0m
[0;32m    amazon-ebs.ubuntu: wordpress/wp-admin/css/admin-menu-rtl.css[0m
[0;32m    amazon-ebs.ubuntu: wordpress/wp-admin/css/farbtastic.css[0m
[0;32m    amazon-ebs.ubuntu: wordpress/wp-admin/css/code-editor.min.css[0m
[0;32m    amazon-ebs.ubuntu: wordpress/wp-admin/css/customize-widgets.min.css[0m
[0;32m    amazon-ebs.ubuntu: wordpress/wp-admin/css/wp-admin.css[0m
[0;32m    amazon-ebs.ubuntu: wordpress/wp-admin/css/admin-menu.min.css[0m
[0;32m    amazon-ebs.ubuntu: wordpress/wp-admin/css/common.min.css[0m
[0;32m    amazon-ebs.ubuntu: wordpress/wp-admin/css/customize-widgets-rtl.css[0m
[0;32m    amazon-ebs.ubuntu: wordpress/wp-admin/css/site-icon-rtl.css[0m
[0;32m    amazon-ebs.ubuntu: wordpress/wp-admin/css/about-rtl.css[0m
[0;32m    amazon-ebs.ubuntu: wordpress/wp-admin/css/about.min.css[0m
[0;32m    amazon-ebs.ubuntu: wordpress/wp-admin/css/list-tables.min.css[0m
[0;32m    amazon-ebs.ubuntu: wordpress/wp-admin/css/widgets.css[0m
[0;32m    amazon-ebs.ubuntu: wordpress/wp-admin/css/revisions.min.css[0m
[0;32m    amazon-ebs.ubuntu: wordpress/wp-admin/css/l10n-rtl.min.css[0m
[0;32m    amazon-ebs.ubuntu: wordpress/wp-admin/css/dashboard.css[0m
[0;32m    amazon-ebs.ubuntu: wordpress/wp-admin/css/widgets-rtl.min.css[0m
[0;32m    amazon-ebs.ubuntu: wordpress/wp-admin/css/forms.min.css[0m
[0;32m    amazon-ebs.ubuntu: wordpress/wp-admin/css/common-rtl.css[0m
[0;32m    amazon-ebs.ubuntu: wordpress/wp-admin/css/forms-rtl.min.css[0m
[0;32m    amazon-ebs.ubuntu: wordpress/wp-admin/css/login.min.css[0m
[0;32m    amazon-ebs.ubuntu: wordpress/wp-admin/css/themes-rtl.min.css[0m
[0;32m    amazon-ebs.ubuntu: wordpress/wp-admin/css/l10n-rtl.css[0m
[0;32m    amazon-ebs.ubuntu: wordpress/wp-admin/css/customize-controls-rtl.min.css[0m
[0;32m    amazon-ebs.ubuntu: wordpress/wp-admin/css/forms-rtl.css[0m
[0;32m    amazon-ebs.ubuntu: wordpress/wp-admin/css/wp-admin-rtl.css[0m
[0;32m    amazon-ebs.ubuntu: wordpress/wp-admin/css/customize-widgets-rtl.min.css[0m
[0;32m    amazon-ebs.ubuntu: wordpress/wp-admin/css/color-picker.min.css[0m
[0;32m    amazon-ebs.ubuntu: wordpress/wp-admin/term.php[0m
[0;32m    amazon-ebs.ubuntu: wordpress/wp-admin/async-upload.php[0m
[0;32m    amazon-ebs.ubuntu: wordpress/wp-admin/about.php[0m
[0;32m    amazon-ebs.ubuntu: wordpress/wp-admin/upgrade-functions.php[0m
[0;32m    amazon-ebs.ubuntu: wordpress/wp-admin/edit-tags.php[0m
[0;32m    amazon-ebs.ubuntu: wordpress/wp-admin/my-sites.php[0m
[0;32m    amazon-ebs.ubuntu: wordpress/wp-admin/export-personal-data.php[0m
[0;32m    amazon-ebs.ubuntu: wordpress/wp-admin/profile.php[0m
[0;32m    amazon-ebs.ubuntu: wordpress/wp-admin/site-health-info.php[0m
[0;32m    amazon-ebs.ubuntu: wordpress/wp-admin/upload.php[0m
[0;32m    amazon-ebs.ubuntu: wordpress/wp-admin/options-media.php[0m
[0;32m    amazon-ebs.ubuntu: wordpress/wp-admin/upgrade.php[0m
[0;32m    amazon-ebs.ubuntu: wordpress/wp-admin/media.php[0m
[0;32m    amazon-ebs.ubuntu: wordpress/wp-admin/update-core.php[0m
[0;32m    amazon-ebs.ubuntu: wordpress/wp-admin/edit.php[0m
[0;32m    amazon-ebs.ubuntu: wordpress/wp-admin/widgets-form-blocks.php[0m
[0;32m    amazon-ebs.ubuntu: wordpress/wp-admin/media-new.php[0m
[0;32m    amazon-ebs.ubuntu: wordpress/wp-admin/menu.php[0m
[0;32m    amazon-ebs.ubuntu: wordpress/wp-admin/ms-edit.php[0m
[0;32m    amazon-ebs.ubuntu: wordpress/wp-admin/users.php[0m
[0;32m    amazon-ebs.ubuntu: wordpress/wp-admin/edit-comments.php[0m
[0;32m    amazon-ebs.ubuntu: wordpress/wp-admin/theme-editor.php[0m
[0;32m    amazon-ebs.ubuntu: wordpress/wp-admin/options-general.php[0m
[0;32m    amazon-ebs.ubuntu: wordpress/wp-admin/site-editor.php[0m
[0;32m    amazon-ebs.ubuntu: wordpress/wp-admin/media-upload.php[0m
[0;32m    amazon-ebs.ubuntu: wordpress/wp-admin/widgets-form.php[0m
[0;32m    amazon-ebs.ubuntu: wordpress/wp-admin/link-parse-opml.php[0m
[0;32m    amazon-ebs.ubuntu: wordpress/wp-admin/privacy-policy-guide.php[0m
[0;32m    amazon-ebs.ubuntu: wordpress/wp-admin/revision.php[0m
[0;32m    amazon-ebs.ubuntu: wordpress/wp-admin/options-privacy.php[0m
[0;32m    amazon-ebs.ubuntu: wordpress/wp-admin/ms-options.php[0m
[0;32m    amazon-ebs.ubuntu: wordpress/wp-admin/moderation.php[0m
[0;32m    amazon-ebs.ubuntu: wordpress/wp-admin/admin-post.php[0m
[0;32m    amazon-ebs.ubuntu: wordpress/wp-admin/nav-menus.php[0m
[0;32m    amazon-ebs.ubuntu: wordpress/wp-admin/ms-users.php[0m
[0;32m    amazon-ebs.ubuntu: wordpress/wp-admin/plugin-install.php[0m
[0;32m    amazon-ebs.ubuntu: wordpress/wp-admin/tools.php[0m
[0;32m    amazon-ebs.ubuntu: wordpress/wp-admin/network.php[0m
[0;32m    amazon-ebs.ubuntu: wordpress/wp-admin/load-styles.php[0m
[0;32m    amazon-ebs.ubuntu: wordpress/wp-admin/privacy.php[0m
[0;32m    amazon-ebs.ubuntu: wordpress/wp-admin/erase-personal-data.php[0m
[0;32m    amazon-ebs.ubuntu: wordpress/wp-admin/export.php[0m
[0;32m    amazon-ebs.ubuntu: wordpress/wp-admin/link-manager.php[0m
[0;32m    amazon-ebs.ubuntu: wordpress/wp-admin/ms-delete-site.php[0m
[0;32m    amazon-ebs.ubuntu: wordpress/wp-admin/load-scripts.php[0m
[0;32m    amazon-ebs.ubuntu: wordpress/wp-admin/comment.php[0m
[0;32m    amazon-ebs.ubuntu: wordpress/wp-admin/user/[0m
[0;32m    amazon-ebs.ubuntu: wordpress/wp-admin/user/contribute.php[0m
[0;32m    amazon-ebs.ubuntu: wordpress/wp-admin/user/about.php[0m
[0;32m    amazon-ebs.ubuntu: wordpress/wp-admin/user/profile.php[0m
[0;32m    amazon-ebs.ubuntu: wordpress/wp-admin/user/menu.php[0m
[0;32m    amazon-ebs.ubuntu: wordpress/wp-admin/user/privacy.php[0m
[0;32m    amazon-ebs.ubuntu: wordpress/wp-admin/user/index.php[0m
[0;32m    amazon-ebs.ubuntu: wordpress/wp-admin/user/credits.php[0m
[0;32m    amazon-ebs.ubuntu: wordpress/wp-admin/user/user-edit.php[0m
[0;32m    amazon-ebs.ubuntu: wordpress/wp-admin/user/admin.php[0m
[0;32m    amazon-ebs.ubuntu: wordpress/wp-admin/user/freedoms.php[0m
[0;32m    amazon-ebs.ubuntu: wordpress/wp-admin/plugin-editor.php[0m
[0;32m    amazon-ebs.ubuntu: wordpress/wp-admin/options-writing.php[0m
[0;32m    amazon-ebs.ubuntu: wordpress/wp-admin/site-health.php[0m
[0;32m    amazon-ebs.ubuntu: wordpress/wp-admin/options.php[0m
[0;32m    amazon-ebs.ubuntu: wordpress/wp-admin/index.php[0m
[0;32m    amazon-ebs.ubuntu: wordpress/wp-admin/update.php[0m
[0;32m    amazon-ebs.ubuntu: wordpress/wp-admin/includes/[0m
[0;32m    amazon-ebs.ubuntu: wordpress/wp-admin/includes/admin-filters.php[0m
[0;32m    amazon-ebs.ubuntu: wordpress/wp-admin/includes/class-wp-community-events.php[0m
[0;32m    amazon-ebs.ubuntu: wordpress/wp-admin/includes/class-theme-installer-skin.php[0m
[0;32m    amazon-ebs.ubuntu: wordpress/wp-admin/includes/class-pclzip.php[0m
[0;32m    amazon-ebs.ubuntu: wordpress/wp-admin/includes/class-ftp-pure.php[0m
[0;32m    amazon-ebs.ubuntu: wordpress/wp-admin/includes/edit-tag-messages.php[0m
[0;32m    amazon-ebs.ubuntu: wordpress/wp-admin/includes/class-custom-image-header.php[0m
[0;32m    amazon-ebs.ubuntu: wordpress/wp-admin/includes/class-plugin-upgrader.php[0m
[0;32m    amazon-ebs.ubuntu: wordpress/wp-admin/includes/class-wp-themes-list-table.php[0m
[0;32m    amazon-ebs.ubuntu: wordpress/wp-admin/includes/class-wp-posts-list-table.php[0m
[0;32m    amazon-ebs.ubuntu: wordpress/wp-admin/includes/class-walker-nav-menu-edit.php[0m
[0;32m    amazon-ebs.ubuntu: wordpress/wp-admin/includes/class-wp-upgrader-skins.php[0m
[0;32m    amazon-ebs.ubuntu: wordpress/wp-admin/includes/class-wp-plugins-list-table.php[0m
[0;32m    amazon-ebs.ubuntu: wordpress/wp-admin/includes/ms-admin-filters.php[0m
[0;32m    amazon-ebs.ubuntu: wordpress/wp-admin/includes/class-wp-internal-pointers.php[0m
[0;32m    amazon-ebs.ubuntu: wordpress/wp-admin/includes/upgrade.php[0m
[0;32m    amazon-ebs.ubuntu: wordpress/wp-admin/includes/media.php[0m
[0;32m    amazon-ebs.ubuntu: wordpress/wp-admin/includes/class-wp-screen.php[0m
[0;32m    amazon-ebs.ubuntu: wordpress/wp-admin/includes/class-walker-nav-menu-checklist.php[0m
[0;32m    amazon-ebs.ubuntu: wordpress/wp-admin/includes/class-wp-site-health-auto-updates.php[0m
[0;32m    amazon-ebs.ubuntu: wordpress/wp-admin/includes/meta-boxes.php[0m
[0;32m    amazon-ebs.ubuntu: wordpress/wp-admin/includes/image.php[0m
[0;32m    amazon-ebs.ubuntu: wordpress/wp-admin/includes/noop.php[0m
[0;32m    amazon-ebs.ubuntu: wordpress/wp-admin/includes/update-core.php[0m
[0;32m    amazon-ebs.ubuntu: wordpress/wp-admin/includes/class-wp-ajax-upgrader-skin.php[0m
[0;32m    amazon-ebs.ubuntu: wordpress/wp-admin/includes/menu.php[0m
[0;32m    amazon-ebs.ubuntu: wordpress/wp-admin/includes/class-wp-plugin-install-list-table.php[0m
[0;32m    amazon-ebs.ubuntu: wordpress/wp-admin/includes/image-edit.php[0m
[0;32m    amazon-ebs.ubuntu: wordpress/wp-admin/includes/ms-deprecated.php[0m
[0;32m    amazon-ebs.ubuntu: wordpress/wp-admin/includes/class-language-pack-upgrader-skin.php[0m
[0;32m    amazon-ebs.ubuntu: wordpress/wp-admin/includes/class-custom-background.php[0m
[0;32m    amazon-ebs.ubuntu: wordpress/wp-admin/includes/taxonomy.php[0m
[0;32m    amazon-ebs.ubuntu: wordpress/wp-admin/includes/class-wp-privacy-requests-table.php[0m
[0;32m    amazon-ebs.ubuntu: wordpress/wp-admin/includes/nav-menu.php[0m
[0;32m    amazon-ebs.ubuntu: wordpress/wp-admin/includes/class-ftp.php[0m
[0;32m    amazon-ebs.ubuntu: wordpress/wp-admin/includes/class-file-upload-upgrader.php[0m
[0;32m    amazon-ebs.ubuntu: wordpress/wp-admin/includes/user.php[0m
[0;32m    amazon-ebs.ubuntu: wordpress/wp-admin/includes/ajax-actions.php[0m
[0;32m    amazon-ebs.ubuntu: wordpress/wp-admin/includes/class-wp-post-comments-list-table.php[0m
[0;32m    amazon-ebs.ubuntu: wordpress/wp-admin/includes/class-plugin-installer-skin.php[0m
[0;32m    amazon-ebs.ubuntu: wordpress/wp-admin/includes/class-wp-filesystem-direct.php[0m
[0;32m    amazon-ebs.ubuntu: wordpress/wp-admin/includes/misc.php[0m
[0;32m    amazon-ebs.ubuntu: wordpress/wp-admin/includes/class-wp-ms-sites-list-table.php[0m
[0;32m    amazon-ebs.ubuntu: wordpress/wp-admin/includes/revision.php[0m
[0;32m    amazon-ebs.ubuntu: wordpress/wp-admin/includes/class-wp-privacy-data-removal-requests-list-table.php[0m
[0;32m    amazon-ebs.ubuntu: wordpress/wp-admin/includes/continents-cities.php[0m
[0;32m    amazon-ebs.ubuntu: wordpress/wp-admin/includes/class-theme-upgrader.php[0m
[0;32m    amazon-ebs.ubuntu: wordpress/wp-admin/includes/class-wp-site-health.php[0m
[0;32m    amazon-ebs.ubuntu: wordpress/wp-admin/includes/class-wp-list-table.php[0m
[0;32m    amazon-ebs.ubuntu: wordpress/wp-admin/includes/plugin-install.php[0m
[0;32m    amazon-ebs.ubuntu: wordpress/wp-admin/includes/class-wp-site-icon.php[0m
[0;32m    amazon-ebs.ubuntu: wordpress/wp-admin/includes/network.php[0m
[0;32m    amazon-ebs.ubuntu: wordpress/wp-admin/includes/class-wp-importer.php[0m
[0;32m    amazon-ebs.ubuntu: wordpress/wp-admin/includes/class-wp-application-passwords-list-table.php[0m
[0;32m    amazon-ebs.ubuntu: wordpress/wp-admin/includes/deprecated.php[0m
[0;32m    amazon-ebs.ubuntu: wordpress/wp-admin/includes/class-wp-terms-list-table.php[0m
[0;32m    amazon-ebs.ubuntu: wordpress/wp-admin/includes/export.php[0m
[0;32m    amazon-ebs.ubuntu: wordpress/wp-admin/includes/class-wp-filesystem-base.php[0m
[0;32m    amazon-ebs.ubuntu: wordpress/wp-admin/includes/class-wp-ms-users-list-table.php[0m
[0;32m    amazon-ebs.ubuntu: wordpress/wp-admin/includes/plugin.php[0m
[0;32m    amazon-ebs.ubuntu: wordpress/wp-admin/includes/comment.php[0m
[0;32m    amazon-ebs.ubuntu: wordpress/wp-admin/includes/class-wp-media-list-table.php[0m
[0;32m    amazon-ebs.ubuntu: wordpress/wp-admin/includes/class-wp-debug-data.php[0m
[0;32m    amazon-ebs.ubuntu: wordpress/wp-admin/includes/class-wp-comments-list-table.php[0m
[0;32m    amazon-ebs.ubuntu: wordpress/wp-admin/includes/options.php[0m
[0;32m    amazon-ebs.ubuntu: wordpress/wp-admin/includes/class-bulk-upgrader-skin.php[0m
[0;32m    amazon-ebs.ubuntu: wordpress/wp-admin/includes/class-bulk-plugin-upgrader-skin.php[0m
[0;32m    amazon-ebs.ubuntu: wordpress/wp-admin/includes/update.php[0m
[0;32m    amazon-ebs.ubuntu: wordpress/wp-admin/includes/class-language-pack-upgrader.php[0m
[0;32m    amazon-ebs.ubuntu: wordpress/wp-admin/includes/dashboard.php[0m
[0;32m    amazon-ebs.ubuntu: wordpress/wp-admin/includes/class-theme-upgrader-skin.php[0m
[0;32m    amazon-ebs.ubuntu: wordpress/wp-admin/includes/theme-install.php[0m
[0;32m    amazon-ebs.ubuntu: wordpress/wp-admin/includes/schema.php[0m
[0;32m    amazon-ebs.ubuntu: wordpress/wp-admin/includes/privacy-tools.php[0m
[0;32m    amazon-ebs.ubuntu: wordpress/wp-admin/includes/class-wp-upgrader-skin.php[0m
[0;32m    amazon-ebs.ubuntu: wordpress/wp-admin/includes/credits.php[0m
[0;32m    amazon-ebs.ubuntu: wordpress/wp-admin/includes/class-wp-links-list-table.php[0m
[0;32m    amazon-ebs.ubuntu: wordpress/wp-admin/includes/class-wp-filesystem-ftpext.php[0m
[0;32m    amazon-ebs.ubuntu: wordpress/wp-admin/includes/class-bulk-theme-upgrader-skin.php[0m
[0;32m    amazon-ebs.ubuntu: wordpress/wp-admin/includes/class-wp-list-table-compat.php[0m
[0;32m    amazon-ebs.ubuntu: wordpress/wp-admin/includes/post.php[0m
[0;32m    amazon-ebs.ubuntu: wordpress/wp-admin/includes/class-core-upgrader.php[0m
[0;32m    amazon-ebs.ubuntu: wordpress/wp-admin/includes/import.php[0m
[0;32m    amazon-ebs.ubuntu: wordpress/wp-admin/includes/class-ftp-sockets.php[0m
[0;32m    amazon-ebs.ubuntu: wordpress/wp-admin/includes/class-wp-automatic-updater.php[0m
[0;32m    amazon-ebs.ubuntu: wordpress/wp-admin/includes/list-table.php[0m
[0;32m    amazon-ebs.ubuntu: wordpress/wp-admin/includes/class-wp-filesystem-ssh2.php[0m
[0;32m    amazon-ebs.ubuntu: wordpress/wp-admin/includes/class-automatic-upgrader-skin.php[0m
[0;32m    amazon-ebs.ubuntu: wordpress/wp-admin/includes/screen.php[0m
[0;32m    amazon-ebs.ubuntu: wordpress/wp-admin/includes/class-wp-privacy-data-export-requests-list-table.php[0m
[0;32m    amazon-ebs.ubuntu: wordpress/wp-admin/includes/translation-install.php[0m
[0;32m    amazon-ebs.ubuntu: wordpress/wp-admin/includes/admin.php[0m
[0;32m    amazon-ebs.ubuntu: wordpress/wp-admin/includes/class-wp-privacy-policy-content.php[0m
[0;32m    amazon-ebs.ubuntu: wordpress/wp-admin/includes/file.php[0m
[0;32m    amazon-ebs.ubuntu: wordpress/wp-admin/includes/bookmark.php[0m
[0;32m    amazon-ebs.ubuntu: wordpress/wp-admin/includes/class-wp-upgrader.php[0m
[0;32m    amazon-ebs.ubuntu: wordpress/wp-admin/includes/class-plugin-upgrader-skin.php[0m
[0;32m    amazon-ebs.ubuntu: wordpress/wp-admin/includes/ms.php[0m
[0;32m    amazon-ebs.ubuntu: wordpress/wp-admin/includes/widgets.php[0m
[0;32m    amazon-ebs.ubuntu: wordpress/wp-admin/includes/class-wp-ms-themes-list-table.php[0m
[0;32m    amazon-ebs.ubuntu: wordpress/wp-admin/includes/class-wp-filesystem-ftpsockets.php[0m
[0;32m    amazon-ebs.ubuntu: wordpress/wp-admin/includes/class-wp-theme-install-list-table.php[0m
[0;32m    amazon-ebs.ubuntu: wordpress/wp-admin/includes/theme.php[0m
[0;32m    amazon-ebs.ubuntu: wordpress/wp-admin/includes/template.php[0m
[0;32m    amazon-ebs.ubuntu: wordpress/wp-admin/includes/class-walker-category-checklist.php[0m
[0;32m    amazon-ebs.ubuntu: wordpress/wp-admin/includes/class-wp-users-list-table.php[0m
[0;32m    amazon-ebs.ubuntu: wordpress/wp-admin/menu-header.php[0m
[0;32m    amazon-ebs.ubuntu: wordpress/wp-admin/options-head.php[0m
[0;32m    amazon-ebs.ubuntu: wordpress/wp-admin/theme-install.php[0m
[0;32m    amazon-ebs.ubuntu: wordpress/wp-admin/install-helper.php[0m
[0;32m    amazon-ebs.ubuntu: wordpress/wp-admin/credits.php[0m
[0;32m    amazon-ebs.ubuntu: wordpress/wp-admin/maint/[0m
[0;32m    amazon-ebs.ubuntu: wordpress/wp-admin/maint/repair.php[0m
[0;32m    amazon-ebs.ubuntu: wordpress/wp-admin/ms-upgrade-network.php[0m
[0;32m    amazon-ebs.ubuntu: wordpress/wp-admin/ms-themes.php[0m
[0;32m    amazon-ebs.ubuntu: wordpress/wp-admin/post.php[0m
[0;32m    amazon-ebs.ubuntu: wordpress/wp-admin/edit-link-form.php[0m
[0;32m    amazon-ebs.ubuntu: wordpress/wp-admin/edit-form-blocks.php[0m
[0;32m    amazon-ebs.ubuntu: wordpress/wp-admin/user-edit.php[0m
[0;32m    amazon-ebs.ubuntu: wordpress/wp-admin/press-this.php[0m
[0;32m    amazon-ebs.ubuntu: wordpress/wp-admin/authorize-application.php[0m
[0;32m    amazon-ebs.ubuntu: wordpress/wp-admin/admin-footer.php[0m
[0;32m    amazon-ebs.ubuntu: wordpress/wp-admin/edit-form-advanced.php[0m
[0;32m    amazon-ebs.ubuntu: wordpress/wp-admin/import.php[0m
[0;32m    amazon-ebs.ubuntu: wordpress/wp-admin/ms-admin.php[0m
[0;32m    amazon-ebs.ubuntu: wordpress/wp-admin/link.php[0m
[0;32m    amazon-ebs.ubuntu: wordpress/wp-admin/network/[0m
[0;32m    amazon-ebs.ubuntu: wordpress/wp-admin/network/contribute.php[0m
[0;32m    amazon-ebs.ubuntu: wordpress/wp-admin/network/site-info.php[0m
[0;32m    amazon-ebs.ubuntu: wordpress/wp-admin/network/about.php[0m
[0;32m    amazon-ebs.ubuntu: wordpress/wp-admin/network/profile.php[0m
[0;32m    amazon-ebs.ubuntu: wordpress/wp-admin/network/upgrade.php[0m
[0;32m    amazon-ebs.ubuntu: wordpress/wp-admin/network/update-core.php[0m
[0;32m    amazon-ebs.ubuntu: wordpress/wp-admin/network/edit.php[0m
[0;32m    amazon-ebs.ubuntu: wordpress/wp-admin/network/sites.php[0m
[0;32m    amazon-ebs.ubuntu: wordpress/wp-admin/network/menu.php[0m
[0;32m    amazon-ebs.ubuntu: wordpress/wp-admin/network/users.php[0m
[0;32m    amazon-ebs.ubuntu: wordpress/wp-admin/network/theme-editor.php[0m
[0;32m    amazon-ebs.ubuntu: wordpress/wp-admin/network/site-users.php[0m
[0;32m    amazon-ebs.ubuntu: wordpress/wp-admin/network/plugin-install.php[0m
[0;32m    amazon-ebs.ubuntu: wordpress/wp-admin/network/privacy.php[0m
[0;32m    amazon-ebs.ubuntu: wordpress/wp-admin/network/settings.php[0m
[0;32m    amazon-ebs.ubuntu: wordpress/wp-admin/network/plugin-editor.php[0m
[0;32m    amazon-ebs.ubuntu: wordpress/wp-admin/network/index.php[0m
[0;32m    amazon-ebs.ubuntu: wordpress/wp-admin/network/update.php[0m
[0;32m    amazon-ebs.ubuntu: wordpress/wp-admin/network/theme-install.php[0m
[0;32m    amazon-ebs.ubuntu: wordpress/wp-admin/network/setup.php[0m
[0;32m    amazon-ebs.ubuntu: wordpress/wp-admin/network/credits.php[0m
[0;32m    amazon-ebs.ubuntu: wordpress/wp-admin/network/user-edit.php[0m
[0;32m    amazon-ebs.ubuntu: wordpress/wp-admin/network/plugins.php[0m
[0;32m    amazon-ebs.ubuntu: wordpress/wp-admin/network/admin.php[0m
[0;32m    amazon-ebs.ubuntu: wordpress/wp-admin/network/freedoms.php[0m
[0;32m    amazon-ebs.ubuntu: wordpress/wp-admin/network/user-new.php[0m
[0;32m    amazon-ebs.ubuntu: wordpress/wp-admin/network/site-settings.php[0m
[0;32m    amazon-ebs.ubuntu: wordpress/wp-admin/network/site-themes.php[0m
[0;32m    amazon-ebs.ubuntu: wordpress/wp-admin/network/site-new.php[0m
[0;32m    amazon-ebs.ubuntu: wordpress/wp-admin/network/themes.php[0m
[0;32m    amazon-ebs.ubuntu: wordpress/wp-admin/plugins.php[0m
[0;32m    amazon-ebs.ubuntu: wordpress/wp-admin/admin.php[0m
[0;32m    amazon-ebs.ubuntu: wordpress/wp-admin/freedoms.php[0m
[0;32m    amazon-ebs.ubuntu: wordpress/wp-admin/link-add.php[0m
[0;32m    amazon-ebs.ubuntu: wordpress/wp-admin/user-new.php[0m
[0;32m    amazon-ebs.ubuntu: wordpress/wp-admin/options-discussion.php[0m
[0;32m    amazon-ebs.ubuntu: wordpress/wp-admin/admin-ajax.php[0m
[0;32m    amazon-ebs.ubuntu: wordpress/wp-admin/js/[0m
[0;32m    amazon-ebs.ubuntu: wordpress/wp-admin/js/auth-app.min.js[0m
[0;32m    amazon-ebs.ubuntu: wordpress/wp-admin/js/revisions.min.js[0m
[0;32m    amazon-ebs.ubuntu: wordpress/wp-admin/js/nav-menu.js[0m
[0;32m    amazon-ebs.ubuntu: wordpress/wp-admin/js/plugin-install.min.js[0m
[0;32m    amazon-ebs.ubuntu: wordpress/wp-admin/js/plugin-install.js[0m
[0;32m    amazon-ebs.ubuntu: wordpress/wp-admin/js/inline-edit-tax.min.js[0m
[0;32m    amazon-ebs.ubuntu: wordpress/wp-admin/js/inline-edit-tax.js[0m
[0;32m    amazon-ebs.ubuntu: wordpress/wp-admin/js/widgets.min.js[0m
[0;32m    amazon-ebs.ubuntu: wordpress/wp-admin/js/gallery.min.js[0m
[0;32m    amazon-ebs.ubuntu: wordpress/wp-admin/js/tags-suggest.js[0m
[0;32m    amazon-ebs.ubuntu: wordpress/wp-admin/js/accordion.js[0m
[0;32m    amazon-ebs.ubuntu: wordpress/wp-admin/js/user-profile.js[0m
[0;32m    amazon-ebs.ubuntu: wordpress/wp-admin/js/application-passwords.min.js[0m
[0;32m    amazon-ebs.ubuntu: wordpress/wp-admin/js/media-gallery.js[0m
[0;32m    amazon-ebs.ubuntu: wordpress/wp-admin/js/password-strength-meter.min.js[0m
[0;32m    amazon-ebs.ubuntu: wordpress/wp-admin/js/dashboard.js[0m
[0;32m    amazon-ebs.ubuntu: wordpress/wp-admin/js/iris.min.js[0m
[0;32m    amazon-ebs.ubuntu: wordpress/wp-admin/js/revisions.js[0m
[0;32m    amazon-ebs.ubuntu: wordpress/wp-admin/js/comment.min.js[0m
[0;32m    amazon-ebs.ubuntu: wordpress/wp-admin/js/editor.min.js[0m
[0;32m    amazon-ebs.ubuntu: wordpress/wp-admin/js/xfn.min.js[0m
[0;32m    amazon-ebs.ubuntu: wordpress/wp-admin/js/farbtastic.js[0m
[0;32m    amazon-ebs.ubuntu: wordpress/wp-admin/js/postbox.js[0m
[0;32m    amazon-ebs.ubuntu: wordpress/wp-admin/js/tags-suggest.min.js[0m
[0;32m    amazon-ebs.ubuntu: wordpress/wp-admin/js/word-count.min.js[0m
[0;32m    amazon-ebs.ubuntu: wordpress/wp-admin/js/comment.js[0m
[0;32m    amazon-ebs.ubuntu: wordpress/wp-admin/js/theme.min.js[0m
[0;32m    amazon-ebs.ubuntu: wordpress/wp-admin/js/site-health.js[0m
[0;32m    amazon-ebs.ubuntu: wordpress/wp-admin/js/edit-comments.min.js[0m
[0;32m    amazon-ebs.ubuntu: wordpress/wp-admin/js/user-suggest.js[0m
[0;32m    amazon-ebs.ubuntu: wordpress/wp-admin/js/user-suggest.min.js[0m
[0;32m    amazon-ebs.ubuntu: wordpress/wp-admin/js/tags-box.js[0m
[0;32m    amazon-ebs.ubuntu: wordpress/wp-admin/js/site-icon.js[0m
[0;32m    amazon-ebs.ubuntu: wordpress/wp-admin/js/customize-widgets.js[0m
[0;32m    amazon-ebs.ubuntu: wordpress/wp-admin/js/post.js[0m
[0;32m    amazon-ebs.ubuntu: wordpress/wp-admin/js/image-edit.min.js[0m
[0;32m    amazon-ebs.ubuntu: wordpress/wp-admin/js/xfn.js[0m
[0;32m    amazon-ebs.ubuntu: wordpress/wp-admin/js/updates.min.js[0m
[0;32m    amazon-ebs.ubuntu: wordpress/wp-admin/js/language-chooser.min.js[0m
[0;32m    amazon-ebs.ubuntu: wordpress/wp-admin/js/widgets/[0m
[0;32m    amazon-ebs.ubuntu: wordpress/wp-admin/js/widgets/media-image-widget.js[0m
[0;32m    amazon-ebs.ubuntu: wordpress/wp-admin/js/widgets/media-video-widget.min.js[0m
[0;32m    amazon-ebs.ubuntu: wordpress/wp-admin/js/widgets/media-widgets.min.js[0m
[0;32m    amazon-ebs.ubuntu: wordpress/wp-admin/js/widgets/custom-html-widgets.min.js[0m
[0;32m    amazon-ebs.ubuntu: wordpress/wp-admin/js/widgets/custom-html-widgets.js[0m
[0;32m    amazon-ebs.ubuntu: wordpress/wp-admin/js/widgets/media-audio-widget.js[0m
[0;32m    amazon-ebs.ubuntu: wordpress/wp-admin/js/widgets/media-image-widget.min.js[0m
[0;32m    amazon-ebs.ubuntu: wordpress/wp-admin/js/widgets/media-gallery-widget.min.js[0m
[0;32m    amazon-ebs.ubuntu: wordpress/wp-admin/js/widgets/media-audio-widget.min.js[0m
[0;32m    amazon-ebs.ubuntu: wordpress/wp-admin/js/widgets/media-video-widget.js[0m
[0;32m    amazon-ebs.ubuntu: wordpress/wp-admin/js/widgets/text-widgets.min.js[0m
[0;32m    amazon-ebs.ubuntu: wordpress/wp-admin/js/widgets/media-gallery-widget.js[0m
[0;32m    amazon-ebs.ubuntu: wordpress/wp-admin/js/widgets/media-widgets.js[0m
[0;32m    amazon-ebs.ubuntu: wordpress/wp-admin/js/widgets/text-widgets.js[0m
[0;32m    amazon-ebs.ubuntu: wordpress/wp-admin/js/language-chooser.js[0m
[0;32m    amazon-ebs.ubuntu: wordpress/wp-admin/js/theme-plugin-editor.min.js[0m
[0;32m    amazon-ebs.ubuntu: wordpress/wp-admin/js/post.min.js[0m
[0;32m    amazon-ebs.ubuntu: wordpress/wp-admin/js/tags.js[0m
[0;32m    amazon-ebs.ubuntu: wordpress/wp-admin/js/privacy-tools.min.js[0m
[0;32m    amazon-ebs.ubuntu: wordpress/wp-admin/js/media-upload.min.js[0m
[0;32m    amazon-ebs.ubuntu: wordpress/wp-admin/js/privacy-tools.js[0m
[0;32m    amazon-ebs.ubuntu: wordpress/wp-admin/js/site-health.min.js[0m
[0;32m    amazon-ebs.ubuntu: wordpress/wp-admin/js/media.min.js[0m
[0;32m    amazon-ebs.ubuntu: wordpress/wp-admin/js/theme.js[0m
[0;32m    amazon-ebs.ubuntu: wordpress/wp-admin/js/customize-controls.js[0m
[0;32m    amazon-ebs.ubuntu: wordpress/wp-admin/js/edit-comments.js[0m
[0;32m    amazon-ebs.ubuntu: wordpress/wp-admin/js/customize-nav-menus.min.js[0m
[0;32m    amazon-ebs.ubuntu: wordpress/wp-admin/js/tags.min.js[0m
[0;32m    amazon-ebs.ubuntu: wordpress/wp-admin/js/dashboard.min.js[0m
[0;32m    amazon-ebs.ubuntu: wordpress/wp-admin/js/link.min.js[0m
[0;32m    amazon-ebs.ubuntu: wordpress/wp-admin/js/editor.js[0m
[0;32m    amazon-ebs.ubuntu: wordpress/wp-admin/js/customize-controls.min.js[0m
[0;32m    amazon-ebs.ubuntu: wordpress/wp-admin/js/theme-plugin-editor.js[0m
[0;32m    amazon-ebs.ubuntu: wordpress/wp-admin/js/nav-menu.min.js[0m
[0;32m    amazon-ebs.ubuntu: wordpress/wp-admin/js/image-edit.js[0m
[0;32m    amazon-ebs.ubuntu: wordpress/wp-admin/js/custom-background.min.js[0m
[0;32m    amazon-ebs.ubuntu: wordpress/wp-admin/js/application-passwords.js[0m
[0;32m    amazon-ebs.ubuntu: wordpress/wp-admin/js/password-toggle.js[0m
[0;32m    amazon-ebs.ubuntu: wordpress/wp-admin/js/user-profile.min.js[0m
[0;32m    amazon-ebs.ubuntu: wordpress/wp-admin/js/password-toggle.min.js[0m
[0;32m    amazon-ebs.ubuntu: wordpress/wp-admin/js/svg-painter.js[0m
[0;32m    amazon-ebs.ubuntu: wordpress/wp-admin/js/link.js[0m
[0;32m    amazon-ebs.ubuntu: wordpress/wp-admin/js/custom-header.js[0m
[0;32m    amazon-ebs.ubuntu: wordpress/wp-admin/js/widgets.js[0m
[0;32m    amazon-ebs.ubuntu: wordpress/wp-admin/js/gallery.js[0m
[0;32m    amazon-ebs.ubuntu: wordpress/wp-admin/js/word-count.js[0m
[0;32m    amazon-ebs.ubuntu: wordpress/wp-admin/js/accordion.min.js[0m
[0;32m    amazon-ebs.ubuntu: wordpress/wp-admin/js/inline-edit-post.min.js[0m
[0;32m    amazon-ebs.ubuntu: wordpress/wp-admin/js/customize-widgets.min.js[0m
[0;32m    amazon-ebs.ubuntu: wordpress/wp-admin/js/inline-edit-post.js[0m
[0;32m    amazon-ebs.ubuntu: wordpress/wp-admin/js/updates.js[0m
[0;32m    amazon-ebs.ubuntu: wordpress/wp-admin/js/media-upload.js[0m
[0;32m    amazon-ebs.ubuntu: wordpress/wp-admin/js/media.js[0m
[0;32m    amazon-ebs.ubuntu: wordpress/wp-admin/js/editor-expand.min.js[0m
[0;32m    amazon-ebs.ubuntu: wordpress/wp-admin/js/media-gallery.min.js[0m
[0;32m    amazon-ebs.ubuntu: wordpress/wp-admin/js/common.min.js[0m
[0;32m    amazon-ebs.ubuntu: wordpress/wp-admin/js/tags-box.min.js[0m
[0;32m    amazon-ebs.ubuntu: wordpress/wp-admin/js/svg-painter.min.js[0m
[0;32m    amazon-ebs.ubuntu: wordpress/wp-admin/js/custom-background.js[0m
[0;32m    amazon-ebs.ubuntu: wordpress/wp-admin/js/color-picker.min.js[0m
[0;32m    amazon-ebs.ubuntu: wordpress/wp-admin/js/site-icon.min.js[0m
[0;32m    amazon-ebs.ubuntu: wordpress/wp-admin/js/auth-app.js[0m
[0;32m    amazon-ebs.ubuntu: wordpress/wp-admin/js/code-editor.js[0m
[0;32m    amazon-ebs.ubuntu: wordpress/wp-admin/js/common.js[0m
[0;32m    amazon-ebs.ubuntu: wordpress/wp-admin/js/set-post-thumbnail.min.js[0m
[0;32m    amazon-ebs.ubuntu: wordpress/wp-admin/js/postbox.min.js[0m
[0;32m    amazon-ebs.ubuntu: wordpress/wp-admin/js/color-picker.js[0m
[0;32m    amazon-ebs.ubuntu: wordpress/wp-admin/js/password-strength-meter.js[0m
[0;32m    amazon-ebs.ubuntu: wordpress/wp-admin/js/customize-nav-menus.js[0m
[0;32m    amazon-ebs.ubuntu: wordpress/wp-admin/js/editor-expand.js[0m
[0;32m    amazon-ebs.ubuntu: wordpress/wp-admin/js/code-editor.min.js[0m
[0;32m    amazon-ebs.ubuntu: wordpress/wp-admin/js/set-post-thumbnail.js[0m
[0;32m    amazon-ebs.ubuntu: wordpress/wp-admin/options-permalink.php[0m
[0;32m    amazon-ebs.ubuntu: wordpress/wp-admin/widgets.php[0m
[0;32m    amazon-ebs.ubuntu: wordpress/wp-admin/setup-config.php[0m
[0;32m    amazon-ebs.ubuntu: wordpress/wp-admin/install.php[0m
[0;32m    amazon-ebs.ubuntu: wordpress/wp-admin/admin-header.php[0m
[0;32m    amazon-ebs.ubuntu: wordpress/wp-admin/post-new.php[0m
[0;32m    amazon-ebs.ubuntu: wordpress/wp-admin/themes.php[0m
[0;32m    amazon-ebs.ubuntu: wordpress/wp-admin/options-reading.php[0m
[0;32m    amazon-ebs.ubuntu: wordpress/wp-trackback.php[0m
[0;32m    amazon-ebs.ubuntu: wordpress/wp-comments-post.php[0m
[0;32m    amazon-ebs.ubuntu: Installing zip utils[0m
[1;31m==> amazon-ebs.ubuntu:[0m
[1;31m==> amazon-ebs.ubuntu: WARNING: apt does not have a stable CLI interface. Use with caution in scripts.[0m
[1;31m==> amazon-ebs.ubuntu:[0m
[0;32m    amazon-ebs.ubuntu: Reading package lists...[0m
[0;32m    amazon-ebs.ubuntu: Building dependency tree...[0m
[0;32m    amazon-ebs.ubuntu: Reading state information...[0m
[0;32m    amazon-ebs.ubuntu: The following additional packages will be installed:[0m
[0;32m    amazon-ebs.ubuntu:   unzip[0m
[0;32m    amazon-ebs.ubuntu: The following NEW packages will be installed:[0m
[0;32m    amazon-ebs.ubuntu:   unzip zip[0m
[0;32m    amazon-ebs.ubuntu: 0 upgraded, 2 newly installed, 0 to remove and 130 not upgraded.[0m
[0;32m    amazon-ebs.ubuntu: Need to get 350 kB of archives.[0m
[0;32m    amazon-ebs.ubuntu: After this operation, 933 kB of additional disk space will be used.[0m
[0;32m    amazon-ebs.ubuntu: Get:1 http://us-east-1.ec2.archive.ubuntu.com/ubuntu noble/main amd64 unzip amd64 6.0-28ubuntu4 [175 kB][0m
[0;32m    amazon-ebs.ubuntu: Get:2 http://us-east-1.ec2.archive.ubuntu.com/ubuntu noble/main amd64 zip amd64 3.0-13build1 [175 kB][0m
[0;32m    amazon-ebs.ubuntu: Fetched 350 kB in 0s (11.4 MB/s)[0m
[1;31m==> amazon-ebs.ubuntu: debconf: unable to initialize frontend: Dialog[0m
[1;31m==> amazon-ebs.ubuntu: debconf: (Dialog frontend will not work on a dumb terminal, an emacs shell buffer, or without a controlling terminal.)[0m
[1;31m==> amazon-ebs.ubuntu: debconf: falling back to frontend: Readline[0m
[1;31m==> amazon-ebs.ubuntu: debconf: unable to initialize frontend: Readline[0m
[1;31m==> amazon-ebs.ubuntu: debconf: (This frontend requires a controlling tty.)[0m
[1;31m==> amazon-ebs.ubuntu: debconf: falling back to frontend: Teletype[0m
[1;31m==> amazon-ebs.ubuntu: dpkg-preconfigure: unable to re-open stdin:[0m
[0;32m    amazon-ebs.ubuntu: Selecting previously unselected package unzip.[0m
[0;32m    amazon-ebs.ubuntu: (Reading database ... 69228 files and directories currently installed.)[0m
[0;32m    amazon-ebs.ubuntu: Preparing to unpack .../unzip_6.0-28ubuntu4_amd64.deb ...[0m
[0;32m    amazon-ebs.ubuntu: Unpacking unzip (6.0-28ubuntu4) ...[0m
[0;32m    amazon-ebs.ubuntu: Selecting previously unselected package zip.[0m
[0;32m    amazon-ebs.ubuntu: Preparing to unpack .../zip_3.0-13build1_amd64.deb ...[0m
[0;32m    amazon-ebs.ubuntu: Unpacking zip (3.0-13build1) ...[0m
[0;32m    amazon-ebs.ubuntu: Setting up unzip (6.0-28ubuntu4) ...[0m
[0;32m    amazon-ebs.ubuntu: Setting up zip (3.0-13build1) ...[0m
[0;32m    amazon-ebs.ubuntu: Processing triggers for man-db (2.12.0-4build2) ...[0m
[1;31m==> amazon-ebs.ubuntu: debconf: unable to initialize frontend: Dialog[0m
[1;31m==> amazon-ebs.ubuntu: debconf: (Dialog frontend will not work on a dumb terminal, an emacs shell buffer, or without a controlling terminal.)[0m
[1;31m==> amazon-ebs.ubuntu: debconf: falling back to frontend: Readline[0m
[1;31m==> amazon-ebs.ubuntu: debconf: unable to initialize frontend: Readline[0m
[1;31m==> amazon-ebs.ubuntu: debconf: (This frontend requires a controlling tty.)[0m
[1;31m==> amazon-ebs.ubuntu: debconf: falling back to frontend: Teletype[0m
[1;31m==> amazon-ebs.ubuntu:[0m
[1;31m==> amazon-ebs.ubuntu: Running kernel seems to be up-to-date.[0m
[1;31m==> amazon-ebs.ubuntu:[0m
[1;31m==> amazon-ebs.ubuntu: No services need to be restarted.[0m
[1;31m==> amazon-ebs.ubuntu:[0m
[1;31m==> amazon-ebs.ubuntu: No containers need to be restarted.[0m
[1;31m==> amazon-ebs.ubuntu:[0m
[1;31m==> amazon-ebs.ubuntu: No user sessions are running outdated binaries.[0m
[1;31m==> amazon-ebs.ubuntu:[0m
[1;31m==> amazon-ebs.ubuntu: No VM guests are running outdated hypervisor (qemu) binaries on this host.[0m
[0;32m    amazon-ebs.ubuntu: Installing Certbot[0m
[0;32m    amazon-ebs.ubuntu: certbot 2.11.0 from Certbot Project (certbot-eff**) installed[0m
[1;31m==> amazon-ebs.ubuntu:[0m
[1;31m==> amazon-ebs.ubuntu: WARNING: apt does not have a stable CLI interface. Use with caution in scripts.[0m
[1;31m==> amazon-ebs.ubuntu:[0m
[0;32m    amazon-ebs.ubuntu: Reading package lists...[0m
[0;32m    amazon-ebs.ubuntu: Building dependency tree...[0m
[0;32m    amazon-ebs.ubuntu: Reading state information...[0m
[0;32m    amazon-ebs.ubuntu: The following additional packages will be installed:[0m
[0;32m    amazon-ebs.ubuntu:   augeas-lenses libaugeas0 python3-acme python3-augeas python3-certbot[0m
[0;32m    amazon-ebs.ubuntu:   python3-configargparse python3-icu python3-josepy python3-parsedatetime[0m
[0;32m    amazon-ebs.ubuntu:   python3-rfc3339[0m
[0;32m    amazon-ebs.ubuntu: Suggested packages:[0m
[0;32m    amazon-ebs.ubuntu:   augeas-doc python-certbot-doc python3-certbot-nginx augeas-tools[0m
[0;32m    amazon-ebs.ubuntu:   python-acme-doc python-certbot-apache-doc[0m
[0;32m    amazon-ebs.ubuntu: The following NEW packages will be installed:[0m
[0;32m    amazon-ebs.ubuntu:   augeas-lenses certbot libaugeas0 python3-acme python3-augeas python3-certbot[0m
[0;32m    amazon-ebs.ubuntu:   python3-certbot-apache python3-configargparse python3-icu python3-josepy[0m
[0;32m    amazon-ebs.ubuntu:   python3-parsedatetime python3-rfc3339[0m
[0;32m    amazon-ebs.ubuntu: 0 upgraded, 12 newly installed, 0 to remove and 130 not upgraded.[0m
[0;32m    amazon-ebs.ubuntu: Need to get 1657 kB of archives.[0m
[0;32m    amazon-ebs.ubuntu: After this operation, 8599 kB of additional disk space will be used.[0m
[0;32m    amazon-ebs.ubuntu: Get:1 http://us-east-1.ec2.archive.ubuntu.com/ubuntu noble/universe amd64 augeas-lenses all 1.14.1-1build2 [323 kB][0m
[0;32m    amazon-ebs.ubuntu: Get:2 http://us-east-1.ec2.archive.ubuntu.com/ubuntu noble/universe amd64 libaugeas0 amd64 1.14.1-1build2 [166 kB][0m
[0;32m    amazon-ebs.ubuntu: Get:3 http://us-east-1.ec2.archive.ubuntu.com/ubuntu noble/universe amd64 python3-josepy all 1.14.0-1 [22.1 kB][0m
[0;32m    amazon-ebs.ubuntu: Get:4 http://us-east-1.ec2.archive.ubuntu.com/ubuntu noble/universe amd64 python3-rfc3339 all 1.1-4 [6744 B][0m
[0;32m    amazon-ebs.ubuntu: Get:5 http://us-east-1.ec2.archive.ubuntu.com/ubuntu noble/universe amd64 python3-acme all 2.9.0-1 [48.5 kB][0m
[0;32m    amazon-ebs.ubuntu: Get:6 http://us-east-1.ec2.archive.ubuntu.com/ubuntu noble/universe amd64 python3-augeas all 0.5.0-1.1 [9124 B][0m
[0;32m    amazon-ebs.ubuntu: Get:7 http://us-east-1.ec2.archive.ubuntu.com/ubuntu noble/universe amd64 python3-configargparse all 1.7-1 [31.7 kB][0m
[0;32m    amazon-ebs.ubuntu: Get:8 http://us-east-1.ec2.archive.ubuntu.com/ubuntu noble/universe amd64 python3-parsedatetime all 2.6-3 [32.8 kB][0m
[0;32m    amazon-ebs.ubuntu: Get:9 http://us-east-1.ec2.archive.ubuntu.com/ubuntu noble/universe amd64 python3-certbot all 2.9.0-1 [267 kB][0m
[0;32m    amazon-ebs.ubuntu: Get:10 http://us-east-1.ec2.archive.ubuntu.com/ubuntu noble/universe amd64 certbot all 2.9.0-1 [89.2 kB][0m
[0;32m    amazon-ebs.ubuntu: Get:11 http://us-east-1.ec2.archive.ubuntu.com/ubuntu noble/universe amd64 python3-certbot-apache all 2.9.0-1 [128 kB][0m
[0;32m    amazon-ebs.ubuntu: Get:12 http://us-east-1.ec2.archive.ubuntu.com/ubuntu noble/main amd64 python3-icu amd64 2.12-1build2 [534 kB][0m
[1;31m==> amazon-ebs.ubuntu: debconf: unable to initialize frontend: Dialog[0m
[1;31m==> amazon-ebs.ubuntu: debconf: (Dialog frontend will not work on a dumb terminal, an emacs shell buffer, or without a controlling terminal.)[0m
[1;31m==> amazon-ebs.ubuntu: debconf: falling back to frontend: Readline[0m
[1;31m==> amazon-ebs.ubuntu: debconf: unable to initialize frontend: Readline[0m
[1;31m==> amazon-ebs.ubuntu: debconf: (This frontend requires a controlling tty.)[0m
[1;31m==> amazon-ebs.ubuntu: debconf: falling back to frontend: Teletype[0m
[1;31m==> amazon-ebs.ubuntu: dpkg-preconfigure: unable to re-open stdin:[0m
[0;32m    amazon-ebs.ubuntu: Fetched 1657 kB in 0s (29.3 MB/s)[0m
[0;32m    amazon-ebs.ubuntu: Selecting previously unselected package augeas-lenses.[0m
[0;32m    amazon-ebs.ubuntu: (Reading database ... 69260 files and directories currently installed.)[0m
[0;32m    amazon-ebs.ubuntu: Preparing to unpack .../00-augeas-lenses_1.14.1-1build2_all.deb ...[0m
[0;32m    amazon-ebs.ubuntu: Unpacking augeas-lenses (1.14.1-1build2) ...[0m
[0;32m    amazon-ebs.ubuntu: Selecting previously unselected package libaugeas0:amd64.[0m
[0;32m    amazon-ebs.ubuntu: Preparing to unpack .../01-libaugeas0_1.14.1-1build2_amd64.deb ...[0m
[0;32m    amazon-ebs.ubuntu: Unpacking libaugeas0:amd64 (1.14.1-1build2) ...[0m
[0;32m    amazon-ebs.ubuntu: Selecting previously unselected package python3-josepy.[0m
[0;32m    amazon-ebs.ubuntu: Preparing to unpack .../02-python3-josepy_1.14.0-1_all.deb ...[0m
[0;32m    amazon-ebs.ubuntu: Unpacking python3-josepy (1.14.0-1) ...[0m
[0;32m    amazon-ebs.ubuntu: Selecting previously unselected package python3-rfc3339.[0m
[0;32m    amazon-ebs.ubuntu: Preparing to unpack .../03-python3-rfc3339_1.1-4_all.deb ...[0m
[0;32m    amazon-ebs.ubuntu: Unpacking python3-rfc3339 (1.1-4) ...[0m
[0;32m    amazon-ebs.ubuntu: Selecting previously unselected package python3-acme.[0m
[0;32m    amazon-ebs.ubuntu: Preparing to unpack .../04-python3-acme_2.9.0-1_all.deb ...[0m
[0;32m    amazon-ebs.ubuntu: Unpacking python3-acme (2.9.0-1) ...[0m
[0;32m    amazon-ebs.ubuntu: Selecting previously unselected package python3-augeas.[0m
[0;32m    amazon-ebs.ubuntu: Preparing to unpack .../05-python3-augeas_0.5.0-1.1_all.deb ...[0m
[0;32m    amazon-ebs.ubuntu: Unpacking python3-augeas (0.5.0-1.1) ...[0m
[0;32m    amazon-ebs.ubuntu: Selecting previously unselected package python3-configargparse.[0m
[0;32m    amazon-ebs.ubuntu: Preparing to unpack .../06-python3-configargparse_1.7-1_all.deb ...[0m
[0;32m    amazon-ebs.ubuntu: Unpacking python3-configargparse (1.7-1) ...[0m
[0;32m    amazon-ebs.ubuntu: Selecting previously unselected package python3-parsedatetime.[0m
[0;32m    amazon-ebs.ubuntu: Preparing to unpack .../07-python3-parsedatetime_2.6-3_all.deb ...[0m
[0;32m    amazon-ebs.ubuntu: Unpacking python3-parsedatetime (2.6-3) ...[0m
[0;32m    amazon-ebs.ubuntu: Selecting previously unselected package python3-certbot.[0m
[0;32m    amazon-ebs.ubuntu: Preparing to unpack .../08-python3-certbot_2.9.0-1_all.deb ...[0m
[0;32m    amazon-ebs.ubuntu: Unpacking python3-certbot (2.9.0-1) ...[0m
[0;32m    amazon-ebs.ubuntu: Selecting previously unselected package certbot.[0m
[0;32m    amazon-ebs.ubuntu: Preparing to unpack .../09-certbot_2.9.0-1_all.deb ...[0m
[0;32m    amazon-ebs.ubuntu: Unpacking certbot (2.9.0-1) ...[0m
[0;32m    amazon-ebs.ubuntu: Selecting previously unselected package python3-certbot-apache.[0m
[0;32m    amazon-ebs.ubuntu: Preparing to unpack .../10-python3-certbot-apache_2.9.0-1_all.deb ...[0m
[0;32m    amazon-ebs.ubuntu: Unpacking python3-certbot-apache (2.9.0-1) ...[0m
[0;32m    amazon-ebs.ubuntu: Selecting previously unselected package python3-icu.[0m
[0;32m    amazon-ebs.ubuntu: Preparing to unpack .../11-python3-icu_2.12-1build2_amd64.deb ...[0m
[0;32m    amazon-ebs.ubuntu: Unpacking python3-icu (2.12-1build2) ...[0m
[0;32m    amazon-ebs.ubuntu: Setting up python3-configargparse (1.7-1) ...[0m
[0;32m    amazon-ebs.ubuntu: Setting up python3-parsedatetime (2.6-3) ...[0m
[0;32m    amazon-ebs.ubuntu: Setting up python3-icu (2.12-1build2) ...[0m
[0;32m    amazon-ebs.ubuntu: Setting up augeas-lenses (1.14.1-1build2) ...[0m
[0;32m    amazon-ebs.ubuntu: Setting up libaugeas0:amd64 (1.14.1-1build2) ...[0m
[0;32m    amazon-ebs.ubuntu: Setting up python3-josepy (1.14.0-1) ...[0m
[0;32m    amazon-ebs.ubuntu: Setting up python3-augeas (0.5.0-1.1) ...[0m
[0;32m    amazon-ebs.ubuntu: Setting up python3-rfc3339 (1.1-4) ...[0m
[0;32m    amazon-ebs.ubuntu: Setting up python3-acme (2.9.0-1) ...[0m
[0;32m    amazon-ebs.ubuntu: Setting up python3-certbot (2.9.0-1) ...[0m
[0;32m    amazon-ebs.ubuntu: Setting up certbot (2.9.0-1) ...[0m
[0;32m    amazon-ebs.ubuntu: Created symlink /etc/systemd/system/timers.target.wants/certbot.timer → /usr/lib/systemd/system/certbot.timer.[0m
[0;32m    amazon-ebs.ubuntu: Setting up python3-certbot-apache (2.9.0-1) ...[0m
[0;32m    amazon-ebs.ubuntu: Processing triggers for man-db (2.12.0-4build2) ...[0m
[0;32m    amazon-ebs.ubuntu: Processing triggers for libc-bin (2.39-0ubuntu8.2) ...[0m
[1;31m==> amazon-ebs.ubuntu: debconf: unable to initialize frontend: Dialog[0m
[1;31m==> amazon-ebs.ubuntu: debconf: (Dialog frontend will not work on a dumb terminal, an emacs shell buffer, or without a controlling terminal.)[0m
[1;31m==> amazon-ebs.ubuntu: debconf: falling back to frontend: Readline[0m
[1;31m==> amazon-ebs.ubuntu: debconf: unable to initialize frontend: Readline[0m
[1;31m==> amazon-ebs.ubuntu: debconf: (This frontend requires a controlling tty.)[0m
[1;31m==> amazon-ebs.ubuntu: debconf: falling back to frontend: Teletype[0m
[1;31m==> amazon-ebs.ubuntu:[0m
[1;31m==> amazon-ebs.ubuntu: Running kernel seems to be up-to-date.[0m
[1;31m==> amazon-ebs.ubuntu:[0m
[1;31m==> amazon-ebs.ubuntu: No services need to be restarted.[0m
[1;31m==> amazon-ebs.ubuntu:[0m
[1;31m==> amazon-ebs.ubuntu: No containers need to be restarted.[0m
[1;31m==> amazon-ebs.ubuntu:[0m
[1;31m==> amazon-ebs.ubuntu: No user sessions are running outdated binaries.[0m
[1;31m==> amazon-ebs.ubuntu:[0m
[1;31m==> amazon-ebs.ubuntu: No VM guests are running outdated hypervisor (qemu) binaries on this host.[0m
[0;32m    amazon-ebs.ubuntu: Setting up swapfile[0m
[1;31m==> amazon-ebs.ubuntu: 32+0 records in[0m
[1;31m==> amazon-ebs.ubuntu: 32+0 records out[0m
[1;31m==> amazon-ebs.ubuntu: 2147483648 bytes (2.1 GB, 2.0 GiB) copied, 32.1049 s, 66.9 MB/s[0m
[0;32m    amazon-ebs.ubuntu: Setting up swapspace version 1, size = 2 GiB (2147479552 bytes)[0m
[0;32m    amazon-ebs.ubuntu: no label, UUID=2946b029-7d8b-4366-a7f0-de30a2d32da3[0m
[0;32m    amazon-ebs.ubuntu: /swapfile none swap sw 0 0[0m
[1;32m==> amazon-ebs.ubuntu: Uploading bin => ~/bin[0m
[1;32m==> amazon-ebs.ubuntu: Provisioning with shell script: /var/folders/93/l53016z97jqfm3sh0l12rjlm0000gn/T/packer-shell3091923890[0m
[1;32m==> amazon-ebs.ubuntu: Stopping the source instance...[0m
[0;32m    amazon-ebs.ubuntu: Stopping instance[0m
[1;32m==> amazon-ebs.ubuntu: Waiting for the instance to stop...[0m
[1;32m==> amazon-ebs.ubuntu: Creating AMI wordpress-ubuntu from instance i-02f3ab5d96e873a9c[0m
[0;32m    amazon-ebs.ubuntu: AMI: ami-07300895940cb34e1[0m
[1;32m==> amazon-ebs.ubuntu: Waiting for AMI to become ready...[0m
[1;32m==> amazon-ebs.ubuntu: Skipping Enable AMI deprecation...[0m
[1;32m==> amazon-ebs.ubuntu: Modifying attributes on AMI (ami-07300895940cb34e1)...[0m
[0;32m    amazon-ebs.ubuntu: Modifying: description[0m
[1;32m==> amazon-ebs.ubuntu: Modifying attributes on snapshot (snap-03be4d83c04585be0)...[0m
[1;32m==> amazon-ebs.ubuntu: Terminating the source AWS instance...[0m
[1;32m==> amazon-ebs.ubuntu: Cleaning up any extra volumes...[0m
[1;32m==> amazon-ebs.ubuntu: No volumes to clean up, skipping[0m
[1;32m==> amazon-ebs.ubuntu: Deleting temporary security group...[0m
[1;32m==> amazon-ebs.ubuntu: Deleting temporary keypair...[0m
[1;32mBuild 'amazon-ebs.ubuntu' finished after 10 minutes 42 seconds.[0m

==> Wait completed after 10 minutes 42 seconds

==> Builds finished. The artifacts of successful builds are:
--> amazon-ebs.ubuntu: AMIs were created:
us-east-1: ami-07300895940cb34e1

